Date,BTC-EUR,EMXC.DE,0P00000WLG.F,PPFB.DE,URNU.DE,VVSM.DE,XNAS.DE,^VIX,^TNX,^IRX,HYG,LQD
2022-04-22,36841.980469,22.184999,37.254501,34.903999,12.520000,21.365000,28.680000,28.209999,2.906000,0.780000,79.260002,113.419998
2022-04-23,36606.882813,22.184999,37.254501,34.903999,12.520000,21.365000,28.680000,28.209999,2.906000,0.780000,79.260002,113.419998
2022-04-24,36513.359375,22.184999,37.254501,34.903999,12.520000,21.365000,28.680000,28.209999,2.906000,0.780000,79.260002,113.419998
2022-04-25,37765.523438,21.924999,37.429901,34.501999,11.804000,21.160000,28.320000,27.020000,2.826000,0.798000,79.930000,114.680000
2022-04-26,35814.597656,21.905001,36.762798,34.818001,12.028000,20.754999,28.000000,33.520000,2.772000,0.833000,79.459999,114.620003
2022-04-27,37180.769531,22.045000,37.184200,34.875999,12.060000,20.855000,28.355000,31.600000,2.818000,0.808000,79.070000,113.519997
2022-04-28,37866.671875,22.245001,37.927299,35.018002,11.850000,21.280001,28.455000,29.990000,2.863000,0.785000,79.510002,113.860001
2022-04-29,36618.867188,22.455000,36.922699,35.259998,12.300000,21.504999,28.520000,33.400002,2.887000,0.808000,78.529999,112.599998
2022-04-30,35770.070313,22.455000,36.922699,35.259998,12.300000,21.504999,28.520000,33.400002,2.887000,0.808000,78.529999,112.599998
2022-05-01,36515.671875,22.455000,36.922699,35.259998,12.300000,21.504999,28.520000,33.400002,2.887000,0.808000,78.529999,112.599998
2022-05-02,36660.191406,22.145000,37.030399,34.585999,11.648000,21.145000,27.924999,32.340000,2.996000,0.765000,78.230003,111.680000
2022-05-03,35865.914063,22.225000,37.154301,34.672001,11.990000,21.570000,28.264999,29.250000,2.960000,0.895000,78.639999,112.400002
2022-05-04,37377.128906,21.930000,37.844601,34.495998,11.642000,21.190001,27.815001,25.420000,2.917000,0.833000,79.440002,113.500000
2022-05-05,34702.277344,21.860001,36.853600,34.914001,11.674000,21.545000,27.975000,31.200001,3.066000,0.803000,78.029999,111.760002
2022-05-06,34167.515625,21.625000,36.391899,34.827999,11.232000,21.320000,27.469999,30.190001,3.123000,0.815000,77.589996,110.809998
2022-05-07,33656.562500,21.625000,36.391899,34.827999,11.232000,21.320000,27.469999,30.190001,3.123000,0.815000,77.589996,110.809998
2022-05-08,32338.113281,21.625000,36.391899,34.827999,11.232000,21.320000,27.469999,30.190001,3.123000,0.815000,77.589996,110.809998
2022-05-09,28681.095703,21.225000,35.383301,34.408001,10.460000,20.295000,26.525000,34.750000,3.079000,0.800000,76.769997,111.199997
2022-05-10,29463.818359,21.065001,35.413200,34.136002,10.188000,20.270000,26.360001,32.990002,2.993000,0.878000,77.209999,111.669998
2022-05-11,27527.039063,21.225000,35.080502,34.240002,10.430000,20.645000,26.520000,32.560001,2.921000,0.883000,76.750000,112.190002
2022-05-12,27988.466797,21.055000,35.368500,34.400002,10.056000,20.285000,26.170000,31.770000,2.817000,0.905000,76.720001,112.239998
2022-05-13,28124.664063,21.365000,36.260799,33.952000,10.534000,21.245001,26.969999,28.870001,2.935000,0.943000,76.809998,111.650002
2022-05-14,28910.460938,21.365000,36.260799,33.952000,10.534000,21.245001,26.969999,28.870001,2.935000,0.943000,76.809998,111.650002
2022-05-15,30106.001953,21.365000,36.260799,33.952000,10.534000,21.245001,26.969999,28.870001,2.935000,0.943000,76.809998,111.650002
2022-05-16,28606.675781,21.285000,36.132599,33.959999,10.416000,21.000000,26.680000,27.469999,2.877000,0.980000,76.699997,111.800003
2022-05-17,28842.556641,21.510000,36.384998,33.716000,10.770000,21.620001,26.940001,26.100000,2.968000,1.038000,76.629997,111.160004
2022-05-18,27422.689453,21.360001,35.379700,33.765999,10.598000,21.225000,26.309999,30.959999,2.886000,1.003000,76.000000,111.570000
2022-05-19,28653.017578,21.205000,34.955502,34.026001,10.548000,20.855000,25.815001,29.350000,2.855000,1.000000,76.510002,111.870003
2022-05-20,27637.302734,21.330000,35.119202,34.070000,10.546000,20.264999,25.385000,29.430000,2.787000,0.978000,76.459999,112.419998
2022-05-21,27856.394531,21.330000,35.119202,34.070000,10.546000,20.264999,25.385000,29.430000,2.787000,0.978000,76.459999,112.419998
2022-05-22,28690.759766,21.330000,35.119202,34.070000,10.546000,20.264999,25.385000,29.430000,2.787000,0.978000,76.459999,112.419998
2022-05-23,27236.609375,21.389999,35.371799,33.838001,10.682000,20.445000,25.545000,28.480000,2.859000,0.993000,76.760002,112.019997
2022-05-24,27630.464844,20.875000,34.899799,33.928001,10.380000,19.771999,24.660000,29.450001,2.760000,1.043000,77.220001,113.489998
2022-05-25,27662.062500,21.105000,35.311100,33.790001,10.502000,20.010000,25.195000,28.370001,2.749000,1.045000,78.389999,114.660004
2022-05-26,27268.742188,21.225000,35.759602,33.562000,10.790000,20.745001,25.860001,27.500000,2.756000,1.028000,79.480003,114.690002
2022-05-27,26674.601563,21.645000,36.551998,33.773998,11.000000,21.584999,26.719999,25.719999,2.743000,1.025000,80.190002,115.290001
2022-05-28,26849.146484,21.645000,36.551998,33.773998,11.000000,21.584999,26.719999,25.719999,2.743000,1.025000,80.190002,115.290001
2022-05-29,27443.308594,21.645000,36.551998,33.773998,11.000000,21.584999,26.719999,25.719999,2.743000,1.025000,80.190002,115.290001
2022-05-30,29448.531250,21.795000,36.475700,33.582001,11.334000,21.985001,27.040001,25.719999,2.743000,1.025000,80.190002,115.290001
2022-05-31,29616.634766,21.815001,36.396900,33.506001,11.248000,21.605000,26.745001,26.190001,2.844000,1.030000,79.500000,114.440002
2022-06-01,27979.697266,21.790001,36.284698,33.771999,10.926000,21.565001,26.790001,25.690001,2.931000,1.103000,78.900002,113.500000
2022-06-02,28337.810547,21.764999,36.689899,33.973999,11.360000,21.735001,26.850000,24.719999,2.913000,1.113000,79.230003,113.550003
2022-06-03,27708.939453,21.504999,36.217499,33.708000,11.122000,21.480000,26.645000,24.790001,2.957000,1.135000,78.639999,113.190002
2022-06-04,27831.812500,21.504999,36.217499,33.708000,11.122000,21.480000,26.645000,24.790001,2.957000,1.135000,78.639999,113.190002
2022-06-05,27881.742188,21.504999,36.217499,33.708000,11.122000,21.480000,26.645000,24.790001,2.957000,1.135000,78.639999,113.190002
2022-06-06,29346.384766,21.635000,36.364799,33.613998,11.190000,21.650000,26.924999,25.070000,3.038000,1.160000,78.050003,112.389999
2022-06-07,29123.798828,21.365000,36.618999,33.757999,11.110000,21.395000,26.830000,24.020000,2.972000,1.225000,78.230003,112.989998
2022-06-08,28192.894531,21.340000,36.244099,33.759998,12.028000,21.400000,27.035000,23.959999,3.029000,1.233000,77.559998,112.339996
2022-06-09,28356.046875,21.200001,35.716400,33.694000,11.558000,21.165001,26.850000,26.090000,3.044000,1.238000,76.940002,111.599998
2022-06-10,27648.169922,20.940001,35.059502,34.515999,11.046000,20.184999,25.610001,27.750000,3.156000,1.288000,75.629997,110.519997
2022-06-11,26958.935547,20.940001,35.059502,34.515999,11.046000,20.184999,25.610001,27.750000,3.156000,1.288000,75.629997,110.519997
2022-06-12,25513.984375,20.940001,35.059502,34.515999,11.046000,20.184999,25.610001,27.750000,3.156000,1.288000,75.629997,110.519997
2022-06-13,21592.951172,20.525000,34.127701,34.133999,10.590000,19.424000,24.875000,34.020000,3.366000,1.498000,73.099998,107.970001
2022-06-14,21274.751953,20.639999,33.915600,33.922001,10.268000,19.426001,24.745001,32.689999,3.483000,1.743000,73.580002,107.410004
2022-06-15,21586.835938,20.680000,34.330002,34.144001,10.118000,19.686001,25.120001,29.620001,3.395000,1.695000,75.010002,109.089996
2022-06-16,19324.800781,20.025000,33.172600,34.245998,9.853000,18.580000,24.170000,32.950001,3.307000,1.483000,73.820000,109.209999
2022-06-17,19498.513672,20.075001,33.230301,34.327999,9.732000,18.548000,24.434999,31.129999,3.239000,1.510000,74.050003,109.430000
2022-06-18,18118.945313,20.075001,33.230301,34.327999,9.732000,18.548000,24.434999,31.129999,3.239000,1.510000,74.050003,109.430000
2022-06-19,19593.433594,20.075001,33.230301,34.327999,9.732000,18.548000,24.434999,31.129999,3.239000,1.510000,74.050003,109.430000
2022-06-20,19581.447266,19.914000,33.104000,34.034000,9.626000,18.726000,24.565001,31.129999,3.239000,1.510000,74.050003,109.430000
2022-06-21,19665.748047,20.165001,33.658401,33.966000,9.947000,19.142000,25.030001,30.190001,3.307000,1.488000,74.000000,108.330002
2022-06-22,18918.742188,19.740000,33.476398,33.868000,9.476000,18.886000,25.105000,28.950001,3.156000,1.545000,73.980003,109.120003
2022-06-23,20044.783203,19.702000,33.850498,33.990002,9.359000,18.708000,25.180000,29.049999,3.068000,1.560000,74.510002,109.959999
2022-06-24,20113.363281,19.948000,34.733398,33.810001,9.693000,19.270000,25.809999,27.230000,3.125000,1.598000,75.040001,110.089996
2022-06-25,20369.789063,19.948000,34.733398,33.810001,9.693000,19.270000,25.809999,27.230000,3.125000,1.598000,75.040001,110.089996
2022-06-26,19901.283203,19.948000,34.733398,33.810001,9.693000,19.270000,25.809999,27.230000,3.125000,1.598000,75.040001,110.089996
2022-06-27,19598.343750,19.992001,34.608700,33.473999,10.102000,19.462000,25.930000,26.950001,3.194000,1.633000,74.580002,109.080002
2022-06-28,19272.830078,19.920000,34.363499,33.688000,10.066000,19.172001,25.584999,28.360001,3.206000,1.738000,73.760002,109.050003
2022-06-29,19245.863281,19.988001,34.357201,33.816002,9.808000,18.724001,25.375000,28.160000,3.093000,1.705000,73.650002,109.699997
2022-06-30,18881.335938,19.733999,34.061501,33.708000,9.420000,18.591999,25.055000,28.709999,2.972000,1.600000,73.610001,110.029999
2022-07-01,18476.548828,19.632000,34.451900,33.827999,9.672000,17.878000,25.125000,26.700001,2.889000,1.603000,73.980003,111.120003
2022-07-02,18450.552734,19.632000,34.451900,33.827999,9.672000,17.878000,25.125000,26.700001,2.889000,1.603000,73.980003,111.120003
2022-07-03,18496.458984,19.632000,34.451900,33.827999,9.672000,17.878000,25.125000,26.700001,2.889000,1.603000,73.980003,111.120003
2022-07-04,19391.966797,19.563999,34.452301,33.785999,9.751000,17.733999,25.184999,26.700001,2.889000,1.603000,73.980003,111.120003
2022-07-05,19685.341797,19.511999,34.877899,33.596001,9.580000,17.775999,25.504999,27.540001,2.809000,1.630000,73.910004,111.089996
2022-07-06,20175.707031,19.738001,35.140499,33.321999,9.483000,18.322001,26.299999,26.730000,2.913000,1.840000,73.629997,110.540001
2022-07-07,21278.945313,20.355000,35.790298,33.405998,10.070000,19.160000,26.920000,26.080000,3.008000,1.853000,74.830002,110.529999
2022-07-08,21332.742188,20.379999,35.801300,33.388000,10.302000,19.462000,27.215000,24.639999,3.101000,1.843000,74.889999,110.349998
2022-07-09,21196.376953,20.379999,35.801300,33.388000,10.302000,19.462000,27.215000,24.639999,3.101000,1.843000,74.889999,110.349998
2022-07-10,20517.044922,20.379999,35.801300,33.388000,10.302000,19.462000,27.215000,24.639999,3.101000,1.843000,74.889999,110.349998
2022-07-11,19879.431641,20.200001,35.686600,33.602001,9.938000,19.166000,26.875000,26.170000,2.991000,1.953000,74.470001,110.660004
2022-07-12,19265.537109,20.205000,35.572899,33.557999,9.862000,19.299999,26.879999,27.290001,2.958000,2.113000,74.769997,110.820000
2022-07-13,20142.341797,20.090000,35.209400,33.602001,9.838000,19.176001,26.445000,26.820000,2.904000,2.323000,74.690002,111.650002
2022-07-14,20515.224609,19.972000,35.280602,33.217999,9.657000,19.230000,26.385000,26.400000,2.960000,2.273000,74.550003,110.940002
2022-07-15,20669.638672,20.209999,35.652401,32.930000,10.062000,19.986000,26.969999,24.230000,2.930000,2.240000,75.500000,111.830002
2022-07-16,21020.792969,20.209999,35.652401,32.930000,10.062000,19.986000,26.969999,24.230000,2.930000,2.240000,75.500000,111.830002
2022-07-17,20577.681641,20.209999,35.652401,32.930000,10.062000,19.986000,26.969999,24.230000,2.930000,2.240000,75.500000,111.830002
2022-07-18,22160.568359,20.309999,35.251598,32.804001,10.290000,20.295000,27.155001,25.299999,2.960000,2.260000,74.769997,111.050003
2022-07-19,22862.421875,20.355000,35.885399,32.633999,10.424000,20.480000,27.045000,24.500000,3.019000,2.450000,75.760002,111.360001
2022-07-20,22818.695313,20.415001,36.220501,32.622002,10.706000,21.105000,27.799999,23.879999,3.036000,2.378000,76.089996,111.239998
2022-07-21,22665.824219,20.580000,36.583401,32.730000,10.566000,21.340000,27.940001,23.110001,2.910000,2.360000,76.989998,112.760002
2022-07-22,22243.416016,20.610001,36.252899,33.012001,10.360000,21.115000,27.684999,23.030001,2.783000,2.355000,76.889999,113.629997
2022-07-23,21996.937500,20.610001,36.252899,33.012001,10.360000,21.115000,27.684999,23.030001,2.783000,2.355000,76.889999,113.629997
2022-07-24,22166.929688,20.610001,36.252899,33.012001,10.360000,21.115000,27.684999,23.030001,2.783000,2.355000,76.889999,113.629997
2022-07-25,20894.072266,20.650000,36.303600,32.756001,10.438000,20.850000,27.510000,23.360001,2.820000,2.393000,76.870003,112.669998
2022-07-26,20970.222656,20.674999,36.253700,33.070000,10.566000,20.809999,27.260000,24.690001,2.787000,2.475000,76.330002,112.650002
2022-07-27,22469.162109,20.945000,36.981899,33.090000,11.026000,21.295000,27.900000,23.240000,2.734000,2.383000,77.169998,113.400002
2022-07-28,23394.453125,21.125000,37.335400,33.653999,11.258000,21.629999,28.290001,22.330000,2.681000,2.308000,77.959999,114.339996
2022-07-29,23277.884766,21.155001,37.710098,33.709999,11.386000,21.575001,28.565001,21.330000,2.642000,2.298000,78.190002,114.610001
2022-07-30,23132.742188,21.155001,37.710098,33.709999,11.386000,21.575001,28.565001,21.330000,2.642000,2.298000,78.190002,114.610001
2022-07-31,22855.736328,21.155001,37.710098,33.709999,11.386000,21.575001,28.565001,21.330000,2.642000,2.298000,78.190002,114.610001
2022-08-01,22720.060547,21.120001,37.450001,33.556000,11.316000,21.889999,28.860001,22.840000,2.606000,2.265000,77.910004,114.559998
2022-08-02,22626.390625,21.150000,37.432400,34.021999,11.214000,21.910000,28.865000,23.930000,2.741000,2.463000,77.550003,113.160004
2022-08-03,22494.580078,21.264999,38.055500,33.790001,11.354000,22.270000,29.565001,21.950001,2.748000,2.428000,78.230003,114.389999
2022-08-04,22084.509766,21.184999,37.850101,34.085999,11.270000,22.430000,29.405001,21.440001,2.676000,2.378000,78.440002,114.570000
2022-08-05,22861.046875,21.370001,37.887100,34.080002,11.334000,22.365000,29.355000,21.150000,2.840000,2.410000,78.040001,113.019997
2022-08-06,22539.021484,21.370001,37.887100,34.080002,11.334000,22.365000,29.355000,21.150000,2.840000,2.410000,78.040001,113.019997
2022-08-07,22783.662109,21.370001,37.887100,34.080002,11.334000,22.365000,29.355000,21.150000,2.840000,2.410000,78.040001,113.019997
2022-08-08,23347.226563,21.490000,37.790298,34.139999,11.682000,21.985001,29.584999,21.290001,2.765000,2.460000,78.110001,113.470001
2022-08-09,22691.765625,21.450001,37.564301,34.192001,11.320000,21.195000,29.004999,21.770000,2.797000,2.570000,77.529999,112.959999
2022-08-10,23252.611328,21.530001,37.891300,33.880001,11.340000,21.575001,29.360001,19.740000,2.786000,2.535000,78.690002,114.029999
2022-08-11,23212.164063,21.650000,37.924599,33.754002,11.490000,21.995001,29.559999,20.200001,2.888000,2.490000,78.239998,112.930000
2022-08-12,23778.521484,21.879999,38.744499,34.138000,11.506000,22.309999,29.905001,19.530001,2.849000,2.500000,78.940002,114.239998
2022-08-13,23799.226563,21.879999,38.744499,34.138000,11.506000,22.309999,29.905001,19.530001,2.849000,2.500000,78.940002,114.239998
2022-08-14,23717.820313,21.879999,38.744499,34.138000,11.506000,22.309999,29.905001,19.530001,2.849000,2.500000,78.940002,114.239998
2022-08-15,23753.242188,22.059999,39.045399,34.062000,11.248000,22.565001,30.379999,19.950001,2.791000,2.513000,78.800003,114.160004
2022-08-16,23484.271484,22.125000,39.127701,34.007999,11.240000,22.530001,30.495001,19.690001,2.824000,2.598000,78.430000,113.720001
2022-08-17,22928.550781,22.045000,38.905701,33.807999,11.076000,21.825001,30.084999,19.900000,2.893000,2.568000,77.620003,112.650002
2022-08-18,23007.748047,22.075001,39.089100,33.897999,10.986000,22.540001,30.459999,19.559999,2.880000,2.565000,77.739998,112.940002
2022-08-19,20802.666016,21.920000,38.892399,33.952000,10.802000,22.049999,30.035000,20.600000,2.989000,2.580000,76.949997,111.599998
2022-08-20,21088.042969,21.920000,38.892399,33.952000,10.802000,22.049999,30.035000,20.600000,2.989000,2.580000,76.949997,111.599998
2022-08-21,21450.439453,21.920000,38.892399,33.952000,10.802000,22.049999,30.035000,20.600000,2.989000,2.580000,76.949997,111.599998
2022-08-22,21531.794922,21.830000,38.461300,34.049999,10.690000,21.615000,29.690001,23.799999,3.037000,2.648000,76.080002,110.849998
2022-08-23,21600.099609,21.895000,38.304401,34.172001,10.980000,21.580000,29.459999,24.110001,3.054000,2.703000,76.269997,110.970001
2022-08-24,21463.269531,22.035000,38.363098,34.259998,12.022000,21.495001,29.605000,22.820000,3.106000,2.713000,76.360001,110.639999
2022-08-25,21664.152344,22.110001,38.860600,34.324001,12.392000,21.975000,29.750000,21.780001,3.026000,2.730000,77.080002,111.779999
2022-08-26,20333.218750,21.889999,37.691898,33.875999,11.848000,21.415001,29.219999,25.559999,3.035000,2.755000,75.809998,111.110001
2022-08-27,20112.125000,21.889999,37.691898,33.875999,11.848000,21.415001,29.219999,25.559999,3.035000,2.755000,75.809998,111.110001
2022-08-28,19742.873047,21.889999,37.691898,33.875999,11.848000,21.415001,29.219999,25.559999,3.035000,2.755000,75.809998,111.110001
2022-08-29,20276.195313,21.650000,37.454498,33.948002,12.584000,20.625000,28.504999,26.209999,3.110000,2.798000,75.519997,110.290001
2022-08-30,19750.187500,21.469999,37.109798,33.554001,12.370000,20.184999,28.065001,26.209999,3.110000,2.873000,74.940002,110.430000
2022-08-31,19973.794922,21.430000,36.612801,33.293999,12.610000,19.944000,27.965000,25.870001,3.133000,2.860000,74.529999,109.269997
2022-09-01,20224.716797,21.375000,36.827999,33.203999,12.320000,19.351999,27.715000,25.559999,3.265000,2.863000,74.360001,108.309998
2022-09-02,20064.068359,21.365000,36.423500,33.312000,12.212000,19.903999,28.205000,25.469999,3.193000,2.820000,74.309998,108.389999
2022-09-03,19925.734375,21.365000,36.423500,33.312000,12.212000,19.903999,28.205000,25.469999,3.193000,2.820000,74.309998,108.389999
2022-09-04,20172.349609,21.365000,36.423500,33.312000,12.212000,19.903999,28.205000,25.469999,3.193000,2.820000,74.309998,108.389999
2022-09-05,19910.027344,21.455000,36.697102,33.605999,12.432000,19.695999,27.865000,25.469999,3.193000,2.820000,74.309998,108.389999
2022-09-06,19033.146484,21.285000,36.591702,33.484001,12.600000,19.600000,27.809999,26.910000,3.340000,2.845000,74.110001,106.919998
2022-09-07,19297.730469,21.150000,36.841099,33.535999,12.400000,19.472000,27.775000,24.639999,3.265000,2.933000,75.180000,108.379997
2022-09-08,19310.755859,21.190001,37.126701,33.445999,12.902000,19.874001,28.299999,23.610001,3.292000,2.950000,75.510002,108.129997
2022-09-09,21065.994141,21.299999,37.463001,33.346001,12.736000,20.209999,28.514999,22.790001,3.321000,2.968000,75.809998,108.379997
2022-09-10,21356.978516,21.299999,37.463001,33.346001,12.736000,20.209999,28.514999,22.790001,3.321000,2.968000,75.809998,108.379997
2022-09-11,21616.785156,21.299999,37.463001,33.346001,12.736000,20.209999,28.514999,22.790001,3.321000,2.968000,75.809998,108.379997
2022-09-12,22084.777344,21.459999,37.634998,33.327999,12.830000,20.065001,28.629999,23.870001,3.362000,2.995000,76.040001,108.139999
2022-09-13,20340.894531,21.254999,36.676300,33.222000,12.676000,19.410000,27.799999,27.270000,3.422000,3.153000,74.309998,107.360001
2022-09-14,20277.402344,21.315001,36.723701,33.194000,12.708000,19.284000,27.629999,26.160000,3.412000,3.128000,74.419998,107.870003
2022-09-15,19725.560547,21.065001,36.367699,32.523998,12.436000,18.993999,27.305000,26.270000,3.459000,3.095000,73.949997,107.349998
2022-09-16,19740.730469,20.799999,35.926899,32.598000,11.804000,18.728001,26.735001,26.299999,3.448000,3.070000,74.199997,107.099998
2022-09-17,20095.130859,20.799999,35.926899,32.598000,11.804000,18.728001,26.735001,26.299999,3.448000,3.070000,74.199997,107.099998
2022-09-18,19376.414063,20.799999,35.926899,32.598000,11.804000,18.728001,26.735001,26.299999,3.448000,3.070000,74.199997,107.099998
2022-09-19,19485.476563,20.799999,35.926899,32.585999,11.780000,18.974001,26.915001,25.760000,3.490000,3.035000,74.480003,107.279999
2022-09-20,18945.289063,20.900000,35.843601,32.484001,11.626000,18.997999,27.145000,27.160000,3.571000,3.243000,73.720001,106.209999
2022-09-21,18865.097656,21.035000,35.732700,32.882000,11.626000,19.408001,27.450001,27.990000,3.510000,3.190000,73.500000,106.610001
2022-09-22,19731.429688,20.820000,35.577499,33.144001,11.416000,18.582001,26.645000,27.350000,3.708000,3.130000,73.059998,105.110001
2022-09-23,19910.898438,20.570000,35.245899,33.037998,10.726000,18.384001,26.559999,29.920000,3.697000,3.108000,72.129997,104.809998
2022-09-24,19542.843750,20.570000,35.245899,33.037998,10.726000,18.384001,26.559999,29.920000,3.697000,3.108000,72.129997,104.809998
2022-09-25,19412.433594,20.570000,35.245899,33.037998,10.726000,18.384001,26.559999,29.920000,3.697000,3.108000,72.129997,104.809998
2022-09-26,19982.449219,20.385000,35.016602,33.188000,10.820000,18.562000,26.850000,32.259998,3.878000,3.165000,71.279999,102.989998
2022-09-27,19915.501953,20.385000,35.047901,33.099998,11.032000,18.584000,26.850000,32.599998,3.964000,3.250000,71.129997,101.440002
2022-09-28,20014.087891,20.285000,35.526299,33.397999,11.022000,18.552000,26.875000,30.180000,3.705000,3.230000,72.400002,103.480003
2022-09-29,19912.349609,19.726000,34.516998,33.048000,11.026000,17.818001,26.030001,31.840000,3.747000,3.218000,71.720001,102.709999
2022-09-30,19824.312500,19.794001,34.086399,33.271999,11.080000,17.968000,26.190001,31.620001,3.804000,3.180000,71.389999,102.449997
2022-10-01,19699.398438,19.794001,34.086399,33.271999,11.080000,17.968000,26.190001,31.620001,3.804000,3.180000,71.389999,102.449997
2022-10-02,19441.177734,19.794001,34.086399,33.271999,11.080000,17.968000,26.190001,31.620001,3.804000,3.180000,71.389999,102.449997
2022-10-03,19955.748047,19.990000,34.746399,33.472000,11.076000,18.054001,25.875000,30.100000,3.651000,3.150000,71.970001,104.000000
2022-10-04,20369.748047,20.315001,35.416199,33.771999,11.372000,18.667999,26.485001,29.070000,3.617000,3.315000,73.519997,104.480003
2022-10-05,20339.480469,20.330000,35.611099,33.771999,11.378000,18.674000,26.315001,28.549999,3.759000,3.293000,73.230003,103.690002
2022-10-06,20384.904297,20.525000,35.361500,33.942001,11.440000,19.136000,26.870001,30.520000,3.826000,3.288000,73.010002,103.449997
2022-10-07,20070.548828,20.315001,34.694000,33.905998,11.350000,18.134001,26.004999,31.360001,3.883000,3.293000,72.120003,102.419998
2022-10-08,19924.640625,20.315001,34.694000,33.905998,11.350000,18.134001,26.004999,31.360001,3.883000,3.293000,72.120003,102.419998
2022-10-09,19975.679688,20.315001,34.694000,33.905998,11.350000,18.134001,26.004999,31.360001,3.883000,3.293000,72.120003,102.419998
2022-10-10,19710.349609,20.260000,34.669998,33.504002,10.900000,17.388000,25.709999,32.450001,3.888000,3.285000,71.239998,101.500000
2022-10-11,19639.001953,20.020000,34.367401,33.630001,10.894000,16.990000,25.510000,33.630001,3.939000,3.340000,71.459999,101.290001
2022-10-12,19739.679688,19.992001,34.273899,33.512001,10.452000,16.886000,25.430000,33.570000,3.902000,3.533000,71.580002,101.169998
2022-10-13,19844.625000,19.938000,34.855598,33.262001,10.814000,17.218000,25.500000,31.940001,3.952000,3.583000,71.739998,101.349998
2022-10-14,19735.287109,19.860001,34.220798,32.931999,10.582000,16.794001,25.360001,32.020000,4.010000,3.628000,71.510002,100.379997
2022-10-15,19613.884766,19.860001,34.220798,32.931999,10.582000,16.794001,25.360001,32.020000,4.010000,3.628000,71.510002,100.379997
2022-10-16,19782.628906,19.860001,34.220798,32.931999,10.582000,16.794001,25.360001,32.020000,4.010000,3.628000,71.510002,100.379997
2022-10-17,19860.890625,20.110001,34.789700,32.986000,10.824000,16.851999,25.655001,31.370001,4.015000,3.688000,72.389999,100.860001
2022-10-18,19603.666016,19.969999,35.041801,32.658001,10.834000,16.632000,25.709999,30.500000,3.998000,3.833000,72.900002,101.459999
2022-10-19,19598.539063,19.997999,34.990299,32.493999,10.880000,17.056000,25.910000,30.760000,4.127000,3.893000,72.199997,100.070000
2022-10-20,19484.068359,20.270000,34.660801,32.568001,11.064000,17.535999,26.094999,29.980000,4.226000,3.890000,71.800003,99.199997
2022-10-21,19443.509766,20.184999,35.302299,32.658001,10.982000,17.406000,25.875000,29.690001,4.213000,3.885000,72.489998,99.480003
2022-10-22,19485.171875,20.184999,35.302299,32.658001,10.982000,17.406000,25.875000,29.690001,4.213000,3.885000,72.489998,99.480003
2022-10-23,19839.810547,20.184999,35.302299,32.658001,10.982000,17.406000,25.875000,29.690001,4.213000,3.885000,72.489998,99.480003
2022-10-24,19572.322266,20.004999,35.423698,32.548000,10.900000,17.612000,26.155001,29.850000,4.234000,3.913000,72.540001,99.430000
2022-10-25,20170.089844,19.964001,35.788101,32.369999,11.146000,17.976000,26.610001,28.459999,4.108000,3.965000,73.239998,100.760002
2022-10-26,20577.941406,20.014999,35.460701,32.324001,11.386000,17.865999,26.330000,27.280001,4.015000,3.930000,73.440002,101.220001
2022-10-27,20353.023438,20.084999,35.454201,32.438000,11.388000,17.756001,25.820000,27.389999,3.937000,3.930000,73.980003,101.690002
2022-10-28,20667.621094,20.075001,36.155300,32.161999,11.050000,18.016001,26.155001,25.750000,4.010000,3.970000,74.550003,101.900002
2022-10-29,20891.527344,20.075001,36.155300,32.161999,11.050000,18.016001,26.155001,25.750000,4.010000,3.970000,74.550003,101.900002
2022-10-30,20729.804688,20.075001,36.155300,32.161999,11.050000,18.016001,26.155001,25.750000,4.010000,3.970000,74.550003,101.900002
2022-10-31,20732.398438,20.315001,36.209999,32.279999,11.022000,18.021999,26.355000,25.879999,4.077000,3.975000,73.430000,101.349998
2022-11-01,20739.085938,20.620001,36.228401,32.515999,11.288000,18.174000,26.129999,25.809999,4.052000,4.050000,73.589996,101.769997
2022-11-02,20541.525391,20.465000,35.570702,32.529999,11.038000,18.112000,25.830000,25.860001,4.059000,4.025000,72.919998,101.279999
2022-11-03,20729.242188,20.580000,35.527302,32.484001,10.960000,17.656000,25.190001,25.299999,4.124000,4.025000,72.400002,100.919998
2022-11-04,21184.300781,20.764999,35.597698,32.897999,10.856000,17.780001,24.655001,24.549999,4.156000,4.013000,72.900002,101.120003
2022-11-05,21317.808594,20.764999,35.597698,32.897999,10.856000,17.780001,24.655001,24.549999,4.156000,4.013000,72.900002,101.120003
2022-11-06,21077.324219,20.764999,35.597698,32.897999,10.856000,17.780001,24.655001,24.549999,4.156000,4.013000,72.900002,101.120003
2022-11-07,20566.699219,20.750000,35.600300,32.708000,11.134000,18.073999,24.870001,24.350000,4.214000,3.983000,72.889999,100.750000
2022-11-08,18392.849609,20.870001,35.656502,33.132000,11.446000,18.700001,25.315001,25.540001,4.126000,4.090000,72.820000,101.169998
2022-11-09,15849.860352,20.834999,35.166801,33.209999,11.176000,18.274000,24.844999,26.090000,4.151000,4.093000,71.949997,100.910004
2022-11-10,17255.771484,20.910000,36.390301,33.526001,11.196000,19.250000,25.684999,23.530001,3.829000,4.055000,74.190002,104.290001
2022-11-11,16424.142578,21.075001,36.391201,33.237999,11.440000,19.638000,25.715000,22.520000,3.813000,4.063000,74.449997,104.570000
2022-11-12,16213.078125,21.075001,36.391201,33.237999,11.440000,19.638000,25.715000,22.520000,3.813000,4.063000,74.449997,104.570000
2022-11-13,15835.814453,21.075001,36.391201,33.237999,11.440000,19.638000,25.715000,22.520000,3.813000,4.063000,74.449997,104.570000
2022-11-14,16103.035156,20.895000,36.102798,33.346001,11.392000,20.035000,25.955000,23.730000,3.865000,4.068000,73.900002,104.040001
2022-11-15,16301.791016,21.209999,36.313999,33.226002,11.472000,20.510000,26.365000,24.540001,3.799000,4.130000,74.550003,105.489998
2022-11-16,16038.634766,20.655001,35.903999,33.251999,11.122000,19.742001,25.740000,24.110001,3.692000,4.125000,74.389999,106.389999
2022-11-17,16106.125000,20.594999,35.966499,33.175999,10.788000,19.742001,25.684999,23.930000,3.775000,4.113000,74.070000,105.820000
2022-11-18,16141.691406,20.690001,36.081100,33.028000,10.818000,19.799999,25.730000,23.120001,3.818000,4.135000,74.230003,105.809998
2022-11-19,16153.449219,20.690001,36.081100,33.028000,10.818000,19.799999,25.730000,23.120001,3.818000,4.135000,74.230003,105.809998
2022-11-20,15770.038086,20.690001,36.081100,33.028000,10.818000,19.799999,25.730000,23.120001,3.818000,4.135000,74.230003,105.809998
2022-11-21,15408.910156,20.629999,36.257900,32.986000,10.590000,19.736000,25.785000,22.360001,3.825000,4.098000,74.199997,105.650002
2022-11-22,15701.486328,20.775000,36.582401,33.007999,10.818000,19.952000,25.764999,21.290001,3.758000,4.198000,74.739998,106.589996
2022-11-23,15944.168945,20.709999,36.563099,32.756001,10.920000,20.330000,26.030001,20.350000,3.706000,4.200000,75.160004,107.660004
2022-11-24,15953.935547,20.910000,36.561401,32.883999,11.136000,20.379999,26.080000,20.350000,3.706000,4.200000,75.160004,107.660004
2022-11-25,15865.791992,20.745001,36.556702,32.793999,10.960000,20.080000,25.825001,20.500000,3.691000,4.175000,75.010002,107.769997
2022-11-26,15809.002930,20.745001,36.556702,32.793999,10.960000,20.080000,25.825001,20.500000,3.691000,4.175000,75.010002,107.769997
2022-11-27,15862.076172,20.745001,36.556702,32.793999,10.960000,20.080000,25.825001,20.500000,3.691000,4.175000,75.010002,107.769997
2022-11-28,15678.680664,20.670000,36.093300,32.730000,10.718000,19.732000,25.660000,22.209999,3.703000,4.183000,74.220001,106.989998
2022-11-29,15928.907227,20.840000,36.167198,32.978001,10.742000,19.462000,25.315001,21.889999,3.748000,4.253000,74.540001,106.459999
2022-11-30,16471.539063,21.174999,37.168999,33.119999,11.020000,19.674000,25.535000,20.580000,3.703000,4.253000,75.660004,107.760002
2022-12-01,16116.961914,21.070000,36.772400,33.402000,11.034000,20.245001,26.160000,19.840000,3.529000,4.193000,75.620003,108.760002
2022-12-02,16218.266602,20.900000,36.710999,33.254002,10.872000,19.893999,25.875000,19.059999,3.506000,4.208000,75.559998,109.419998
2022-12-03,16045.781250,20.900000,36.710999,33.254002,10.872000,19.893999,25.875000,19.059999,3.506000,4.208000,75.559998,109.419998
2022-12-04,16247.135742,20.900000,36.710999,33.254002,10.872000,19.893999,25.875000,19.059999,3.506000,4.208000,75.559998,109.419998
2022-12-05,16171.797852,20.674999,36.032600,32.910000,10.546000,19.926001,25.719999,20.750000,3.599000,4.158000,74.839996,108.489998
2022-12-06,16326.098633,20.420000,35.661900,32.894001,10.192000,19.504000,25.225000,22.170000,3.513000,4.220000,74.570000,108.820000
2022-12-07,16027.472656,20.360001,35.556198,33.034000,10.052000,19.284000,24.945000,22.680000,3.408000,4.183000,74.980003,110.029999
2022-12-08,16326.217773,20.340000,35.628502,33.004002,10.256000,19.604000,25.110001,22.290001,3.491000,4.150000,75.040001,109.680000
2022-12-09,16244.917969,20.385000,35.546600,33.321999,10.306000,19.889999,25.285000,22.830000,3.567000,4.173000,75.040001,108.860001
2022-12-10,16248.855469,20.385000,35.546600,33.321999,10.306000,19.889999,25.285000,22.830000,3.567000,4.173000,75.040001,108.860001
2022-12-11,16257.107422,20.385000,35.546600,33.321999,10.306000,19.889999,25.285000,22.830000,3.567000,4.173000,75.040001,108.860001
2022-12-12,16322.681641,20.145000,35.887901,32.967999,10.282000,19.587999,25.049999,25.000000,3.611000,4.168000,75.330002,108.720001
2022-12-13,16736.257813,20.290001,35.916302,33.198002,10.190000,20.309999,25.709999,22.549999,3.501000,4.248000,76.110001,109.669998
2022-12-14,16687.332031,20.155001,35.755001,33.102001,10.124000,20.129999,25.514999,21.139999,3.503000,4.220000,75.680000,109.769997
2022-12-15,16322.278320,19.719999,34.835400,32.528000,9.835000,19.098000,24.405001,22.830000,3.450000,4.213000,75.000000,109.529999
2022-12-16,15708.399414,19.785999,34.548599,32.886002,9.917000,18.848000,24.195000,22.620001,3.482000,4.163000,74.599998,109.059998
2022-12-17,15852.651367,19.785999,34.548599,32.886002,9.917000,18.848000,24.195000,22.620001,3.482000,4.163000,74.599998,109.059998
2022-12-18,15832.535156,19.785999,34.548599,32.886002,9.917000,18.848000,24.195000,22.620001,3.482000,4.163000,74.599998,109.059998
2022-12-19,15491.159180,19.868000,34.399200,32.835999,9.899000,18.681999,23.879999,22.420000,3.581000,4.163000,74.220001,107.959999
2022-12-20,15911.115234,19.958000,34.298199,33.285999,9.877000,18.524000,23.725000,21.480000,3.684000,4.230000,74.029999,106.690002
2022-12-21,15853.267578,20.094999,34.832901,33.360001,10.090000,18.955999,24.200001,20.070000,3.684000,4.205000,74.660004,107.419998
2022-12-22,15875.791992,19.870001,34.459099,33.049999,10.046000,18.122000,23.514999,21.969999,3.669000,4.208000,74.199997,107.389999
2022-12-23,15746.622070,19.830000,34.549599,33.056000,10.076000,18.118000,23.520000,20.870001,3.751000,4.193000,74.389999,107.059998
2022-12-24,15794.045898,19.830000,34.549599,33.056000,10.076000,18.118000,23.520000,20.870001,3.751000,4.193000,74.389999,107.059998
2022-12-25,15857.252930,19.830000,34.549599,33.056000,10.076000,18.118000,23.520000,20.870001,3.751000,4.193000,74.389999,107.059998
2022-12-26,15902.823242,19.830000,34.549599,33.056000,10.076000,18.118000,23.520000,20.870001,3.751000,4.193000,74.389999,107.059998
2022-12-27,15716.216797,19.900000,34.549599,33.290001,10.350000,17.916000,23.309999,21.650000,3.860000,4.195000,73.620003,105.680000
2022-12-28,15573.189453,19.832001,34.135700,33.046001,10.070000,17.691999,23.040001,22.139999,3.887000,4.338000,72.629997,105.349998
2022-12-29,15611.149414,19.920000,34.473301,33.136002,10.136000,18.114000,23.434999,21.440001,3.835000,4.295000,73.570000,106.099998
2022-12-30,15478.656250,19.837999,34.332001,33.203999,10.150000,17.854000,23.180000,21.670000,3.879000,4.260000,73.629997,105.430000
2022-12-31,15426.750000,19.837999,34.332001,33.203999,10.150000,17.854000,23.180000,21.670000,3.879000,4.260000,73.629997,105.430000
2023-01-01,15528.423828,19.837999,34.332001,33.203999,10.150000,17.854000,23.180000,21.670000,3.879000,4.260000,73.629997,105.430000
2023-01-02,15630.739258,19.788000,34.332001,33.368000,10.600000,18.521999,23.910000,21.670000,3.879000,4.260000,73.629997,105.430000
2023-01-03,15817.341797,19.858000,34.689602,33.785999,10.306000,18.101999,23.385000,22.900000,3.793000,4.255000,73.769997,106.160004
2023-01-04,15899.841797,20.059999,34.847198,34.133999,10.262000,18.540001,23.610001,22.010000,3.709000,4.400000,74.620003,106.930000
2023-01-05,16002.543945,19.964001,34.731602,33.880001,10.216000,18.516001,23.385000,22.459999,3.720000,4.498000,74.470001,106.849998
2023-01-06,15896.708984,20.340000,35.191799,34.172001,10.610000,18.691999,23.504999,21.129999,3.569000,4.493000,75.529999,108.599998
2023-01-07,15900.098633,20.340000,35.191799,34.172001,10.610000,18.691999,23.504999,21.129999,3.569000,4.493000,75.529999,108.599998
2023-01-08,16028.553711,20.340000,35.191799,34.172001,10.610000,18.691999,23.504999,21.129999,3.569000,4.493000,75.529999,108.599998
2023-01-09,16022.666016,20.525000,34.916801,33.990002,10.984000,19.525999,23.985001,21.969999,3.517000,4.483000,75.800003,109.029999
2023-01-10,16246.458984,20.424999,35.065701,34.029999,10.968000,19.143999,23.610001,20.580000,3.621000,4.565000,75.709999,108.660004
2023-01-11,16659.367188,20.445000,35.370998,33.894001,11.024000,19.334000,23.969999,21.090000,3.554000,4.555000,76.209999,109.589996
2023-01-12,17375.474609,20.545000,35.447102,34.094002,10.970000,19.601999,24.025000,18.830000,3.449000,4.475000,76.639999,110.830002
2023-01-13,18355.751953,20.629999,35.578999,34.456001,11.108000,19.690001,24.100000,18.350000,3.511000,4.488000,76.639999,110.470001
2023-01-14,19344.574219,20.629999,35.578999,34.456001,11.108000,19.690001,24.100000,18.350000,3.511000,4.488000,76.639999,110.470001
2023-01-15,19293.441406,20.629999,35.578999,34.456001,11.108000,19.690001,24.100000,18.350000,3.511000,4.488000,76.639999,110.470001
2023-01-16,19544.503906,20.575001,35.594002,34.480000,11.232000,19.770000,24.290001,18.350000,3.511000,4.488000,76.639999,110.470001
2023-01-17,19613.130859,20.715000,35.680199,34.495998,11.058000,19.959999,24.389999,19.360001,3.535000,4.493000,76.379997,110.070000
2023-01-18,19160.003906,20.625000,35.283798,34.368000,10.996000,19.974001,24.245001,20.340000,3.375000,4.530000,76.470001,111.360001
2023-01-19,19464.439453,20.610001,35.054401,34.653999,10.728000,19.388000,23.825001,20.520000,3.397000,4.525000,76.019997,111.129997
2023-01-20,20848.822266,20.705000,35.441002,34.602001,11.050000,19.540001,24.160000,19.850000,3.484000,4.538000,76.169998,110.550003
2023-01-21,20940.359375,20.705000,35.441002,34.602001,11.050000,19.540001,24.160000,19.850000,3.484000,4.538000,76.169998,110.550003
2023-01-22,20912.847656,20.705000,35.441002,34.602001,11.050000,19.540001,24.160000,19.850000,3.484000,4.538000,76.169998,110.550003
2023-01-23,21096.007813,20.934999,35.714901,34.462002,11.274000,20.559999,24.924999,19.809999,3.525000,4.535000,76.160004,110.230003
2023-01-24,20786.662109,20.844999,35.694000,34.638000,11.358000,20.635000,24.885000,19.200001,3.469000,4.573000,76.209999,110.809998
2023-01-25,21168.353516,20.719999,35.615898,34.602001,11.192000,20.330000,24.475000,19.080000,3.462000,4.545000,76.199997,110.860001
2023-01-26,21143.859375,20.975000,36.047100,34.537998,11.280000,20.680000,25.014999,18.730000,3.493000,4.543000,76.389999,110.820000
2023-01-27,21228.644531,20.934999,36.199699,34.624001,11.672000,20.834999,25.480000,18.510000,3.518000,4.548000,76.160004,110.500000
2023-01-28,21182.890625,20.934999,36.199699,34.624001,11.672000,20.834999,25.480000,18.510000,3.518000,4.548000,76.160004,110.500000
2023-01-29,21867.869141,20.934999,36.199699,34.624001,11.672000,20.834999,25.480000,18.510000,3.518000,4.548000,76.160004,110.500000
2023-01-30,21050.042969,20.705000,35.758202,34.476002,11.686000,20.545000,25.225000,19.940001,3.551000,4.535000,75.739998,110.080002
2023-01-31,21305.564453,20.605000,36.123699,34.566002,11.546000,20.530001,25.275000,19.400000,3.529000,4.570000,76.330002,110.870003
2023-02-01,21541.990234,20.605000,36.244400,34.397999,11.336000,20.895000,25.254999,17.870001,3.397000,4.520000,76.760002,111.650002
2023-02-02,21524.574219,20.750000,36.670300,34.231998,11.570000,21.850000,26.719999,18.730000,3.396000,4.510000,77.199997,111.809998
2023-02-03,21701.173828,20.705000,36.600201,33.546001,11.288000,22.155001,27.000000,18.330000,3.532000,4.523000,76.389999,110.540001
2023-02-04,21580.792969,20.705000,36.600201,33.546001,11.288000,22.155001,27.000000,18.330000,3.532000,4.523000,76.389999,110.540001
2023-02-05,21276.367188,20.705000,36.600201,33.546001,11.288000,22.155001,27.000000,18.330000,3.532000,4.523000,76.389999,110.540001
2023-02-06,21213.240234,20.500000,36.674301,33.922001,10.982000,21.815001,26.690001,19.430000,3.634000,4.533000,75.900002,109.690002
2023-02-07,21680.203125,20.469999,37.162701,34.192001,11.070000,21.844999,26.780001,18.660000,3.674000,4.570000,76.169998,109.330002
2023-02-08,21407.873047,20.485001,36.809502,34.057999,11.060000,21.889999,26.625000,19.629999,3.653000,4.585000,75.849998,109.440002
2023-02-09,20316.777344,20.540001,36.534901,33.936001,11.314000,22.090000,26.625000,20.709999,3.683000,4.613000,75.360001,108.519997
2023-02-10,20256.523438,20.549999,36.744900,33.919998,11.286000,21.510000,26.275000,20.530001,3.744000,4.635000,74.779999,107.760002
2023-02-11,20462.062500,20.549999,36.744900,33.919998,11.286000,21.510000,26.275000,20.530001,3.744000,4.635000,74.779999,107.760002
2023-02-12,20405.873047,20.549999,36.744900,33.919998,11.286000,21.510000,26.275000,20.530001,3.744000,4.635000,74.779999,107.760002
2023-02-13,20322.708984,20.559999,36.943199,33.680000,11.170000,21.709999,26.590000,20.340000,3.717000,4.645000,74.970001,108.160004
2023-02-14,20698.390625,20.535000,36.982601,33.585999,11.164000,21.834999,26.440001,18.910000,3.761000,4.660000,74.989998,107.889999
2023-02-15,22735.562500,20.465000,37.173000,33.439999,11.220000,22.049999,26.924999,18.230000,3.809000,4.643000,74.870003,107.480003
2023-02-16,22149.275391,20.545000,36.860699,33.498001,11.288000,21.990000,26.940001,20.170000,3.843000,4.665000,74.269997,106.620003
2023-02-17,22923.218750,20.405001,36.754799,33.563999,11.062000,21.370001,26.254999,20.020000,3.828000,4.680000,74.559998,107.040001
2023-02-18,22993.785156,20.405001,36.754799,33.563999,11.062000,21.370001,26.254999,20.020000,3.828000,4.680000,74.559998,107.040001
2023-02-19,22770.064453,20.405001,36.754799,33.563999,11.062000,21.370001,26.254999,20.020000,3.828000,4.680000,74.559998,107.040001
2023-02-20,23243.062500,20.445000,36.716900,33.602001,11.078000,21.379999,26.389999,20.020000,3.828000,4.680000,74.559998,107.040001
2023-02-21,22941.826172,20.240000,36.165401,33.528000,10.786000,21.090000,25.975000,22.870001,3.955000,4.688000,73.410004,105.519997
2023-02-22,22807.732422,20.150000,36.225899,33.619999,10.586000,20.870001,25.965000,22.290001,3.923000,4.695000,73.889999,105.820000
2023-02-23,22597.166016,20.330000,36.429901,33.500000,10.630000,21.299999,26.014999,21.139999,3.879000,4.690000,74.620003,106.650002
2023-02-24,21916.640625,20.030001,36.230400,33.466000,10.642000,21.184999,25.844999,21.670000,3.949000,4.703000,74.169998,105.849998
2023-02-25,21920.429688,20.030001,36.230400,33.466000,10.642000,21.184999,25.844999,21.670000,3.949000,4.703000,74.169998,105.849998
2023-02-26,22325.521484,20.030001,36.230400,33.466000,10.642000,21.184999,25.844999,21.670000,3.949000,4.703000,74.169998,105.849998
2023-02-27,22171.482422,20.045000,36.207401,33.369999,10.612000,21.375000,26.025000,20.950001,3.922000,4.665000,74.669998,105.879997
2023-02-28,21885.335938,19.996000,36.103500,33.546001,10.510000,21.295000,25.985001,20.700001,3.916000,4.710000,74.529999,105.919998
2023-03-01,22164.501953,20.129999,35.795200,33.528000,10.610000,21.135000,25.570000,20.580000,3.994000,4.725000,73.870003,104.889999
2023-03-02,22150.041016,20.145000,36.178699,33.768002,10.644000,21.055000,25.600000,19.590000,4.073000,4.723000,73.959999,104.980003
2023-03-03,21014.589844,20.350000,36.719898,33.896000,10.762000,21.500000,26.254999,18.490000,3.964000,4.718000,74.720001,106.169998
2023-03-04,21005.822266,20.350000,36.719898,33.896000,10.762000,21.500000,26.254999,18.490000,3.964000,4.718000,74.720001,106.169998
2023-03-05,21114.173828,20.350000,36.719898,33.896000,10.762000,21.500000,26.254999,18.490000,3.964000,4.718000,74.720001,106.169998
2023-03-06,20988.779297,20.455000,36.529099,33.765999,10.566000,21.855000,26.629999,18.610001,3.983000,4.728000,74.720001,105.879997
2023-03-07,21064.697266,20.309999,36.320801,33.487999,10.318000,21.525000,26.395000,19.590000,3.975000,4.845000,74.190002,105.580002
2023-03-08,20587.609375,20.415001,36.445000,33.574001,10.260000,21.820000,26.334999,19.110001,3.976000,4.883000,73.839996,105.410004
2023-03-09,19235.703125,20.299999,35.946098,33.689999,10.226000,22.135000,26.535000,22.610001,3.925000,4.848000,73.430000,105.309998
2023-03-10,18943.587891,20.014999,35.099400,33.882000,10.038000,21.594999,25.879999,24.799999,3.695000,4.803000,73.440002,106.820000
2023-03-11,19379.527344,20.014999,35.099400,33.882000,10.038000,21.594999,25.879999,24.799999,3.695000,4.803000,73.440002,106.820000
2023-03-12,20749.800781,20.014999,35.099400,33.882000,10.038000,21.594999,25.879999,24.799999,3.695000,4.803000,73.440002,106.820000
2023-03-13,22565.941406,19.695999,34.774899,34.588001,9.816000,20.969999,25.535000,26.520000,3.515000,4.658000,73.040001,106.910004
2023-03-14,23069.601563,19.638000,35.212200,34.636002,9.760000,21.620001,26.004999,23.730000,3.638000,4.680000,73.570000,106.589996
2023-03-15,23035.966797,19.496000,35.362900,35.723999,9.380000,21.410000,26.260000,26.139999,3.492000,4.558000,73.330002,107.610001
2023-03-16,23604.212891,19.681999,35.612400,35.203999,9.521000,22.190001,26.900000,22.990000,3.585000,4.530000,73.809998,107.449997
2023-03-17,25505.626953,19.563999,35.240101,35.764000,9.474000,22.370001,26.830000,25.510000,3.395000,4.293000,73.370003,107.989998
2023-03-18,25025.171875,19.563999,35.240101,35.764000,9.474000,22.370001,26.830000,25.510000,3.395000,4.293000,73.370003,107.989998
2023-03-19,26251.658203,19.563999,35.240101,35.764000,9.474000,22.370001,26.830000,25.510000,3.395000,4.293000,73.370003,107.989998
2023-03-20,25905.304688,19.483999,35.281601,35.902000,9.532000,22.240000,26.610001,24.150000,3.481000,4.465000,73.169998,107.669998
2023-03-21,26153.638672,19.538000,35.562199,35.122002,9.548000,22.219999,26.840000,21.379999,3.606000,4.605000,73.970001,108.190002
2023-03-22,25124.207031,19.714001,35.159901,35.175999,9.502000,22.500000,27.025000,22.260000,3.500000,4.563000,74.040001,108.820000
2023-03-23,26151.009766,19.796000,35.002300,35.680000,9.354000,22.740000,26.965000,22.610001,3.406000,4.503000,73.750000,109.129997
2023-03-24,25512.394531,19.764000,35.345600,35.973999,9.166000,22.355000,26.910000,21.740000,3.380000,4.503000,73.599998,109.470001
2023-03-25,25513.712891,19.764000,35.345600,35.973999,9.166000,22.355000,26.910000,21.740000,3.380000,4.503000,73.599998,109.470001
2023-03-26,25974.146484,19.764000,35.345600,35.973999,9.166000,22.355000,26.910000,21.740000,3.380000,4.503000,73.599998,109.470001
2023-03-27,25114.818359,19.726000,35.413300,35.310001,9.209000,22.270000,26.985001,20.600000,3.528000,4.583000,73.419998,108.160004
2023-03-28,25156.841797,19.746000,35.271000,35.340000,9.384000,21.760000,26.514999,19.969999,3.564000,4.628000,73.379997,107.980003
2023-03-29,26145.060547,19.836000,35.736000,35.348000,9.596000,22.375000,26.955000,19.120001,3.566000,4.630000,74.300003,108.480003
2023-03-30,25708.375000,19.874001,35.755299,35.250000,9.695000,22.830000,27.180000,19.020000,3.551000,4.665000,74.739998,108.629997
2023-03-31,26205.189453,20.025000,36.350399,35.462002,9.761000,22.900000,27.500000,18.700001,3.494000,4.585000,75.550003,109.610001
2023-04-01,26143.123047,20.025000,36.350399,35.462002,9.761000,22.900000,27.500000,18.700001,3.494000,4.585000,75.550003,109.610001
2023-04-02,26103.367188,20.025000,36.350399,35.462002,9.761000,22.900000,27.500000,18.700001,3.494000,4.585000,75.550003,109.610001
2023-04-03,25479.769531,19.958000,36.431499,35.571999,9.733000,22.715000,27.440001,18.549999,3.430000,4.570000,75.150002,109.930000
2023-04-04,25706.507813,19.882000,36.057499,35.930000,9.473000,22.545000,27.375000,19.000000,3.337000,4.728000,74.930000,110.070000
2023-04-05,25843.804688,19.931999,36.089199,36.009998,9.317000,21.975000,27.139999,19.080000,3.287000,4.705000,74.510002,110.430000
2023-04-06,25681.841797,19.846001,36.135101,35.841999,9.148000,21.995001,27.195000,18.400000,3.288000,4.710000,74.839996,110.330002
2023-04-07,25395.777344,19.846001,36.135101,35.841999,9.148000,21.995001,27.195000,18.400000,3.288000,4.710000,74.839996,110.330002
2023-04-08,25419.804688,19.846001,36.135101,35.841999,9.148000,21.995001,27.195000,18.400000,3.288000,4.710000,74.839996,110.330002
2023-04-09,25962.480469,19.846001,36.135101,35.841999,9.148000,21.995001,27.195000,18.400000,3.288000,4.710000,74.839996,110.330002
2023-04-10,27280.267578,19.846001,36.135101,35.841999,9.148000,21.995001,27.195000,18.969999,3.415000,4.838000,74.769997,109.820000
2023-04-11,27697.037109,20.115000,36.262100,35.743999,9.425000,22.260000,27.139999,19.100000,3.434000,4.880000,74.930000,109.790001
2023-04-12,27405.621094,20.075001,36.029202,35.616001,9.436000,21.834999,26.924999,19.090000,3.421000,4.860000,74.910004,109.559998
2023-04-13,27505.623047,20.100000,36.236500,35.944000,9.653000,21.660000,26.934999,17.799999,3.452000,4.855000,75.419998,109.750000
2023-04-14,27455.939453,20.105000,36.325199,35.417999,9.567000,21.770000,27.135000,17.070000,3.522000,4.903000,75.279999,109.389999
2023-04-15,27307.808594,20.105000,36.325199,35.417999,9.567000,21.770000,27.135000,17.070000,3.522000,4.903000,75.279999,109.389999
2023-04-16,27598.189453,20.105000,36.325199,35.417999,9.567000,21.770000,27.135000,17.070000,3.522000,4.903000,75.279999,109.389999
2023-04-17,26952.845703,20.184999,36.648800,35.512001,9.560000,21.705000,27.235001,16.950001,3.591000,4.923000,75.080002,108.699997
2023-04-18,27696.791016,20.125000,36.606602,35.700001,9.508000,21.900000,27.305000,16.830000,3.572000,5.030000,75.129997,109.059998
2023-04-19,26317.671875,19.931999,36.587502,35.414001,9.413000,21.584999,27.219999,16.459999,3.602000,4.995000,74.830002,108.519997
2023-04-20,25753.052734,19.990000,36.382900,35.576000,9.321000,21.725000,27.139999,17.170000,3.545000,4.945000,74.760002,108.930000
2023-04-21,24581.541016,19.782000,36.407001,35.076000,9.251000,21.490000,27.040001,16.770000,3.570000,4.950000,74.989998,109.000000
2023-04-22,25068.714844,19.782000,36.407001,35.076000,9.251000,21.490000,27.040001,16.770000,3.570000,4.950000,74.989998,109.000000
2023-04-23,25101.648438,19.782000,36.407001,35.076000,9.251000,21.490000,27.040001,16.770000,3.570000,4.950000,74.989998,109.000000
2023-04-24,24893.007813,19.736000,36.280102,35.035999,9.194000,21.245001,26.799999,16.889999,3.515000,4.873000,75.199997,109.480003
2023-04-25,25785.673828,19.638000,35.976200,35.268002,9.240000,20.930000,26.770000,18.760000,3.396000,4.953000,75.080002,109.959999
2023-04-26,25732.861328,19.546000,35.638302,35.180000,9.320000,20.799999,26.695000,18.840000,3.432000,4.985000,74.790001,109.480003
2023-04-27,26717.722656,19.756001,36.212502,35.063999,9.304000,20.695000,27.090000,17.030001,3.528000,5.000000,75.040001,109.080002
2023-04-28,26368.093750,19.808001,36.382401,35.116001,9.461000,21.055000,27.235001,15.780000,3.452000,4.923000,75.360001,109.930000
2023-04-29,26284.855469,19.808001,36.382401,35.116001,9.461000,21.055000,27.235001,15.780000,3.452000,4.923000,75.360001,109.930000
2023-04-30,26581.580078,19.808001,36.382401,35.116001,9.461000,21.055000,27.235001,15.780000,3.452000,4.923000,75.360001,109.930000
2023-05-01,25610.464844,19.808001,36.382401,35.116001,9.461000,21.055000,27.235001,16.080000,3.574000,4.865000,74.690002,107.790001
2023-05-02,26047.433594,19.766001,36.164299,35.681999,9.217000,21.184999,27.205000,17.780001,3.439000,5.040000,74.620003,109.089996
2023-05-03,26205.544922,19.694000,35.837502,35.672001,9.168000,20.915001,27.139999,18.340000,3.403000,5.095000,74.580002,109.269997
2023-05-04,26170.326172,19.785999,35.795200,36.287998,9.215000,20.895000,27.040001,20.090000,3.351000,5.055000,74.360001,108.970001
2023-05-05,26344.966797,20.040001,36.331600,35.594002,9.509000,21.250000,27.395000,17.190001,3.446000,5.080000,74.760002,108.540001
2023-05-06,25783.212891,20.040001,36.331600,35.594002,9.509000,21.250000,27.395000,17.190001,3.446000,5.080000,74.760002,108.540001
2023-05-07,25825.054688,20.040001,36.331600,35.594002,9.509000,21.250000,27.395000,17.190001,3.446000,5.080000,74.760002,108.540001
2023-05-08,25183.925781,20.065001,36.379902,35.807999,9.661000,21.415001,27.459999,16.980000,3.521000,5.083000,74.550003,107.760002
2023-05-09,25225.355469,20.120001,36.423698,36.004002,9.780000,21.299999,27.600000,17.709999,3.521000,5.123000,74.360001,107.720001
2023-05-10,25150.437500,20.145000,36.465900,35.925999,9.950000,21.559999,27.750000,16.940001,3.439000,5.065000,74.809998,108.570000
2023-05-11,24743.683594,20.025000,36.555500,35.990002,9.868000,21.344999,28.045000,16.930000,3.397000,5.015000,74.690002,108.989998
2023-05-12,24502.441406,20.035000,36.679401,36.057999,9.750000,21.440001,28.040001,17.030001,3.463000,5.028000,74.419998,108.320000
2023-05-13,24488.308594,20.035000,36.679401,36.057999,9.750000,21.440001,28.040001,17.030001,3.463000,5.028000,74.419998,108.320000
2023-05-14,24813.755859,20.035000,36.679401,36.057999,9.750000,21.440001,28.040001,17.030001,3.463000,5.028000,74.419998,108.320000
2023-05-15,25008.222656,20.195000,36.807598,36.132000,9.836000,21.695000,28.145000,17.120001,3.508000,5.000000,74.400002,107.739998
2023-05-16,24882.451172,20.184999,36.583801,35.827999,9.765000,22.180000,28.350000,17.990000,3.549000,5.058000,73.879997,107.199997
2023-05-17,25280.462891,20.325001,36.988602,35.608002,9.635000,22.450001,28.475000,16.870001,3.581000,5.088000,74.080002,107.190002
2023-05-18,24902.060547,20.455000,37.425400,35.338001,9.677000,23.480000,29.230000,16.049999,3.648000,5.125000,74.120003,106.739998
2023-05-19,24855.890625,20.504999,37.401001,35.674000,9.812000,23.254999,29.160000,16.809999,3.692000,5.085000,74.199997,106.610001
2023-05-20,25079.349609,20.504999,37.401001,35.674000,9.812000,23.254999,29.160000,16.809999,3.692000,5.085000,74.199997,106.610001
2023-05-21,24719.412109,20.504999,37.401001,35.674000,9.812000,23.254999,29.160000,16.809999,3.692000,5.085000,74.199997,106.610001
2023-05-22,24837.511719,20.620001,37.406502,35.568001,10.086000,23.305000,29.344999,17.209999,3.719000,5.095000,74.529999,106.570000
2023-05-23,25280.449219,20.615000,37.100399,35.523998,10.052000,23.315001,29.330000,18.530001,3.698000,5.153000,74.139999,106.790001
2023-05-24,24484.876953,20.514999,36.785702,35.639999,9.803000,22.705000,28.860001,20.030001,3.719000,5.185000,73.620003,106.370003
2023-05-25,24689.779297,20.605000,37.011600,35.324001,9.618000,24.440001,29.684999,19.139999,3.814000,5.163000,73.570000,106.019997
2023-05-26,24898.371094,20.940001,37.504501,35.326000,9.579000,25.655001,30.385000,17.950001,3.810000,5.115000,74.019997,106.470001
2023-05-27,25037.275391,20.940001,37.504501,35.326000,9.579000,25.655001,30.385000,17.950001,3.810000,5.115000,74.019997,106.470001
2023-05-28,26196.158203,20.940001,37.504501,35.326000,9.579000,25.655001,30.385000,17.950001,3.810000,5.115000,74.019997,106.470001
2023-05-29,25914.656250,20.930000,37.523499,35.377998,9.675000,26.010000,30.645000,17.950001,3.810000,5.115000,74.019997,106.470001
2023-05-30,25813.796875,20.860001,37.402802,35.616001,9.292000,26.445000,30.750000,17.459999,3.700000,5.143000,74.339996,107.269997
2023-05-31,25454.462891,20.680000,37.305698,36.028000,9.320000,25.655001,30.510000,17.940001,3.637000,5.248000,74.110001,107.620003
2023-06-01,24924.980469,20.830000,37.479900,35.905998,10.292000,25.684999,30.584999,15.650000,3.608000,5.203000,74.199997,107.599998
2023-06-02,25434.765625,21.245001,38.054600,35.632000,10.314000,25.799999,31.035000,14.600000,3.691000,5.215000,74.580002,107.309998
2023-06-03,25271.925781,21.245001,38.054600,35.632000,10.314000,25.799999,31.035000,14.600000,3.691000,5.215000,74.580002,107.309998
2023-06-04,25352.396484,21.245001,38.054600,35.632000,10.314000,25.799999,31.035000,14.600000,3.691000,5.215000,74.580002,107.309998
2023-06-05,24049.574219,21.285000,38.063599,35.570000,10.514000,25.600000,31.290001,14.730000,3.693000,5.143000,74.519997,107.080002
2023-06-06,25459.982422,21.360001,38.241699,35.726002,10.414000,25.745001,31.135000,13.960000,3.699000,5.158000,74.639999,107.290001
2023-06-07,24606.056641,21.440001,38.031300,35.528000,10.576000,25.885000,30.920000,13.940000,3.784000,5.153000,74.230003,106.330002
2023-06-08,24585.150391,21.330000,38.017200,35.532001,10.462000,25.575001,30.735001,13.650000,3.714000,5.100000,74.699997,107.040001
2023-06-09,24635.195313,21.555000,38.111801,35.532001,10.616000,25.889999,30.950001,13.830000,3.745000,5.095000,74.720001,106.760002
2023-06-10,24039.843750,21.555000,38.111801,35.532001,10.616000,25.889999,30.950001,13.830000,3.745000,5.095000,74.720001,106.760002
2023-06-11,24130.296875,21.555000,38.111801,35.532001,10.616000,25.889999,30.950001,13.830000,3.745000,5.095000,74.720001,106.760002
2023-06-12,24067.697266,21.600000,38.415100,35.464001,10.864000,26.385000,31.170000,15.010000,3.765000,5.095000,74.639999,107.099998
2023-06-13,24021.917969,21.735001,38.532700,35.105999,11.078000,26.920000,31.559999,14.610000,3.839000,5.100000,74.730003,106.620003
2023-06-14,23170.253906,21.695000,38.482700,35.130001,10.832000,26.920000,31.645000,13.880000,3.796000,5.080000,74.760002,106.949997
2023-06-15,23366.492188,21.639999,38.631699,34.848000,10.656000,26.754999,31.645000,14.500000,3.728000,5.055000,75.120003,107.879997
2023-06-16,24029.074219,21.575001,38.532799,34.919998,10.752000,26.615000,31.760000,13.540000,3.769000,5.065000,74.930000,107.690002
2023-06-17,24196.294922,21.575001,38.532799,34.919998,10.752000,26.615000,31.760000,13.540000,3.769000,5.065000,74.930000,107.690002
2023-06-18,24065.609375,21.575001,38.532799,34.919998,10.752000,26.615000,31.760000,13.540000,3.769000,5.065000,74.930000,107.690002
2023-06-19,24580.533203,21.485001,38.442501,34.799999,10.816000,26.440001,31.540001,13.540000,3.769000,5.065000,74.930000,107.690002
2023-06-20,25940.925781,21.365000,38.319199,34.549999,10.644000,26.299999,31.490000,13.880000,3.729000,5.075000,74.730003,108.080002
2023-06-21,27317.933594,21.174999,37.982899,34.324001,10.690000,25.690001,31.094999,13.200000,3.723000,5.135000,74.540001,107.959999
2023-06-22,27303.242188,21.129999,38.000702,34.012001,10.448000,25.684999,31.235001,12.910000,3.799000,5.135000,74.320000,107.400002
2023-06-23,28118.583984,20.995001,37.907299,34.391998,10.234000,25.379999,31.245001,13.440000,3.739000,5.138000,74.190002,107.699997
2023-06-24,27984.132813,20.995001,37.907299,34.391998,10.234000,25.379999,31.245001,13.440000,3.739000,5.138000,74.190002,107.699997
2023-06-25,27947.595703,20.995001,37.907299,34.391998,10.234000,25.379999,31.245001,13.440000,3.739000,5.138000,74.190002,107.699997
2023-06-26,27746.609375,21.045000,37.718899,34.375999,10.278000,25.655001,31.150000,14.250000,3.719000,5.155000,74.230003,107.820000
2023-06-27,28006.048828,21.055000,37.937698,34.014000,10.140000,25.540001,30.940001,13.740000,3.768000,5.180000,74.480003,107.699997
2023-06-28,27560.505859,21.020000,38.139099,34.104000,10.258000,26.045000,31.465000,13.430000,3.710000,5.170000,74.910004,108.169998
2023-06-29,28014.898438,21.065001,38.305302,34.180000,10.332000,26.065001,31.455000,13.540000,3.854000,5.175000,74.709999,107.349998
2023-06-30,27918.685547,21.200001,38.658501,34.208000,10.386000,26.325001,31.785000,13.590000,3.819000,5.153000,75.070000,108.139999
2023-07-01,28022.041016,21.200001,38.658501,34.208000,10.386000,26.325001,31.785000,13.590000,3.819000,5.153000,75.070000,108.139999
2023-07-02,28072.724609,21.200001,38.658501,34.208000,10.386000,26.325001,31.785000,13.590000,3.819000,5.153000,75.070000,108.139999
2023-07-03,28549.082031,21.434999,38.743000,34.402000,10.406000,26.315001,31.809999,13.570000,3.858000,5.145000,74.550003,107.489998
2023-07-04,28281.734375,21.530001,38.755402,34.436001,10.542000,26.565001,31.955000,13.570000,3.858000,5.145000,74.550003,107.489998
2023-07-05,28109.283203,21.410000,38.733898,34.453999,10.366000,26.285000,32.005001,14.180000,3.945000,5.193000,74.320000,106.720001
2023-07-06,27465.175781,20.965000,38.285000,34.206001,9.904000,25.590000,31.635000,15.440000,4.041000,5.213000,73.779999,105.639999
2023-07-07,27661.828125,21.004999,37.978199,34.324001,10.024000,25.760000,31.559999,14.830000,4.050000,5.213000,73.849998,105.540001
2023-07-08,27613.984375,21.004999,37.978199,34.324001,10.024000,25.760000,31.559999,14.830000,4.050000,5.213000,73.849998,105.540001
2023-07-09,27504.669922,21.004999,37.978199,34.324001,10.024000,25.760000,31.559999,14.830000,4.050000,5.213000,73.849998,105.540001
2023-07-10,27635.562500,20.895000,37.964802,34.085999,10.130000,25.850000,31.320000,15.070000,4.006000,5.225000,74.220001,106.089996
2023-07-11,27802.660156,21.084999,38.209999,34.230000,10.246000,25.650000,31.315001,14.840000,3.980000,5.243000,74.620003,106.589996
2023-07-12,27279.845703,21.299999,38.197800,34.220001,10.320000,26.040001,31.510000,13.540000,3.861000,5.230000,75.199997,107.529999
2023-07-13,28044.089844,21.344999,38.361599,34.099998,10.522000,26.205000,31.615000,13.610000,3.761000,5.223000,75.650002,108.290001
2023-07-14,26979.121094,21.385000,38.176102,33.925999,10.224000,26.665001,31.950001,13.340000,3.819000,5.215000,75.099998,107.449997
2023-07-15,26961.966797,21.385000,38.176102,33.925999,10.224000,26.665001,31.950001,13.340000,3.819000,5.215000,75.099998,107.449997
2023-07-16,26939.876953,21.385000,38.176102,33.925999,10.224000,26.665001,31.950001,13.340000,3.819000,5.215000,75.099998,107.449997
2023-07-17,26828.544922,21.385000,38.259399,33.844002,10.268000,26.445000,31.879999,13.480000,3.797000,5.233000,75.239998,107.629997
2023-07-18,26590.166016,21.360001,38.506802,34.354000,10.406000,26.370001,31.950001,13.300000,3.789000,5.248000,75.449997,107.900002
2023-07-19,26696.830078,21.370001,38.752300,34.335999,10.534000,26.730000,32.529999,13.760000,3.742000,5.245000,75.510002,108.510002
2023-07-20,26756.269531,21.344999,38.652401,34.425999,10.384000,26.045000,32.180000,13.990000,3.854000,5.243000,75.180000,107.779999
2023-07-21,26865.529297,21.315001,38.757500,34.348000,10.284000,25.990000,31.910000,13.600000,3.837000,5.248000,75.370003,107.970001
2023-07-22,26752.763672,21.315001,38.757500,34.348000,10.284000,25.990000,31.910000,13.600000,3.837000,5.248000,75.370003,107.970001
2023-07-23,27041.066406,21.315001,38.757500,34.348000,10.284000,25.990000,31.910000,13.600000,3.837000,5.248000,75.370003,107.970001
2023-07-24,26373.333984,21.600000,38.988701,34.444000,10.362000,25.975000,31.885000,13.910000,3.857000,5.250000,75.239998,107.839996
2023-07-25,26449.912109,21.795000,39.216499,34.591999,10.612000,26.570000,32.209999,13.860000,3.912000,5.265000,75.190002,107.669998
2023-07-26,26498.292969,21.715000,39.138100,34.686001,10.378000,25.969999,31.955000,13.190000,3.851000,5.268000,75.489998,108.169998
2023-07-27,26607.666016,21.959999,39.265900,34.442001,10.406000,27.139999,32.715000,14.410000,4.012000,5.268000,74.889999,106.849998
2023-07-28,26577.896484,21.895000,39.413502,34.641998,10.352000,27.230000,32.720001,13.330000,3.969000,5.255000,75.320000,107.550003
2023-07-29,26612.046875,21.895000,39.413502,34.641998,10.352000,27.230000,32.720001,13.330000,3.969000,5.255000,75.320000,107.550003
2023-07-30,26556.158203,21.895000,39.413502,34.641998,10.352000,27.230000,32.720001,13.330000,3.969000,5.255000,75.320000,107.550003
2023-07-31,26580.546875,21.855000,39.532001,34.785999,10.696000,27.174999,32.705002,13.630000,3.959000,5.248000,75.500000,107.849998
2023-08-01,26958.771484,21.844999,39.496799,34.546001,10.834000,27.309999,32.814999,13.930000,4.051000,5.260000,74.769997,106.410004
2023-08-02,26638.914063,21.395000,39.057301,34.428001,10.332000,26.565001,32.259998,16.090000,4.078000,5.260000,74.449997,105.760002
2023-08-03,26644.656250,21.230000,38.908798,34.450001,10.436000,26.275000,32.134998,15.920000,4.189000,5.258000,74.209999,104.809998
2023-08-04,26368.833984,21.245001,38.545300,34.257999,10.518000,26.290001,32.090000,17.100000,4.060000,5.253000,74.650002,105.900002
2023-08-05,26339.843750,21.245001,38.545300,34.257999,10.518000,26.290001,32.090000,17.100000,4.060000,5.253000,74.650002,105.900002
2023-08-06,26395.765625,21.245001,38.545300,34.257999,10.518000,26.290001,32.090000,17.100000,4.060000,5.253000,74.650002,105.900002
2023-08-07,26521.001953,21.225000,38.836899,34.200001,10.606000,26.334999,31.795000,15.770000,4.078000,5.260000,74.790001,105.639999
2023-08-08,27159.880859,21.020000,38.835201,34.256001,10.584000,25.965000,31.735001,15.990000,4.026000,5.275000,74.949997,106.059998
2023-08-09,26929.605469,21.020000,38.553001,33.966000,10.678000,25.684999,31.500000,15.960000,4.012000,5.280000,74.959999,106.160004
2023-08-10,26798.734375,21.100000,38.550400,33.896000,10.718000,25.754999,31.670000,15.850000,4.080000,5.268000,74.940002,105.410004
2023-08-11,26831.294922,20.965000,38.560398,34.028000,10.854000,25.059999,31.305000,14.840000,4.168000,5.265000,74.830002,105.050003
2023-08-12,26847.951172,20.965000,38.560398,34.028000,10.854000,25.059999,31.305000,14.840000,4.168000,5.265000,74.830002,105.050003
2023-08-13,26758.697266,20.965000,38.560398,34.028000,10.854000,25.059999,31.305000,14.840000,4.168000,5.265000,74.830002,105.050003
2023-08-14,26960.865234,20.855000,38.855701,34.056000,10.874000,25.535000,31.750000,14.820000,4.184000,5.270000,74.820000,105.010002
2023-08-15,26752.154297,20.750000,38.361900,33.984001,10.816000,25.610001,31.680000,16.459999,4.221000,5.280000,74.580002,104.459999
2023-08-16,26393.152344,20.780001,38.205101,33.966000,10.620000,25.400000,31.555000,16.780001,4.258000,5.285000,74.349998,103.989998
2023-08-17,24520.585938,20.735001,37.941700,33.889999,10.494000,25.000000,31.195000,17.889999,4.308000,5.278000,74.040001,103.709999
2023-08-18,23921.724609,20.650000,37.961601,33.872002,10.616000,24.860001,30.799999,17.299999,4.251000,5.278000,74.089996,104.099998
2023-08-19,23964.562500,20.650000,37.961601,33.872002,10.616000,24.860001,30.799999,17.299999,4.251000,5.278000,74.089996,104.099998
2023-08-20,24081.244141,20.650000,37.961601,33.872002,10.616000,24.860001,30.799999,17.299999,4.251000,5.278000,74.089996,104.099998
2023-08-21,23971.851563,20.660000,38.064201,33.784000,10.892000,25.295000,31.100000,17.129999,4.342000,5.280000,74.070000,103.480003
2023-08-22,23999.806641,20.790001,38.176399,34.048000,11.120000,25.885000,31.610001,16.969999,4.328000,5.295000,74.110001,103.800003
2023-08-23,24326.121094,21.080000,38.564800,34.380001,11.308000,26.120001,31.965000,15.980000,4.198000,5.295000,74.709999,105.260002
2023-08-24,24227.376953,21.049999,38.178600,34.520000,11.316000,25.750000,31.625000,17.200001,4.235000,5.303000,74.300003,104.900002
2023-08-25,24129.414063,21.105000,38.503899,34.438000,11.122000,25.379999,31.504999,15.680000,4.239000,5.315000,74.610001,104.959999
2023-08-26,24093.095703,21.105000,38.503899,34.438000,11.122000,25.379999,31.504999,15.680000,4.239000,5.315000,74.610001,104.959999
2023-08-27,24163.882813,21.105000,38.503899,34.438000,11.122000,25.379999,31.504999,15.680000,4.239000,5.315000,74.610001,104.959999
2023-08-28,24115.007813,21.190001,38.689800,34.638000,11.414000,25.745001,31.770000,15.080000,4.212000,5.323000,74.889999,105.290001
2023-08-29,25509.867188,21.280001,39.132401,34.736000,11.456000,26.340000,32.380001,14.450000,4.122000,5.320000,75.360001,106.129997
2023-08-30,24975.578125,21.129999,38.989201,34.632000,11.564000,26.299999,32.369999,13.880000,4.118000,5.315000,75.330002,105.980003
2023-08-31,23916.753906,21.059999,39.194302,34.832001,11.442000,26.639999,32.779999,13.570000,4.093000,5.298000,75.279999,106.160004
2023-09-01,23917.246094,21.250000,39.408600,34.942001,11.828000,26.735001,32.865002,13.090000,4.173000,5.268000,75.070000,105.029999
2023-09-02,23980.349609,21.250000,39.408600,34.942001,11.828000,26.735001,32.865002,13.090000,4.173000,5.268000,75.070000,105.029999
2023-09-03,24071.607422,21.250000,39.408600,34.942001,11.828000,26.735001,32.865002,13.090000,4.173000,5.268000,75.070000,105.029999
2023-09-04,23919.564453,21.315001,39.497898,34.967999,11.952000,26.879999,32.895000,13.090000,4.173000,5.268000,75.070000,105.029999
2023-09-05,24037.847656,21.375000,39.560902,35.001999,12.082000,27.040001,33.130001,14.010000,4.268000,5.278000,74.580002,104.279999
2023-09-06,24014.712891,21.180000,39.328899,34.821999,12.076000,26.754999,32.860001,14.450000,4.290000,5.300000,74.400002,104.180000
2023-09-07,24530.304688,21.155001,39.229401,34.900002,11.984000,26.100000,32.630001,14.400000,4.260000,5.283000,74.650002,104.639999
2023-09-08,24194.585938,21.250000,39.217201,34.900002,11.934000,26.139999,32.855000,13.840000,4.258000,5.293000,74.620003,104.720001
2023-09-09,24185.269531,21.250000,39.217201,34.900002,11.934000,26.139999,32.855000,13.840000,4.258000,5.293000,74.620003,104.720001
2023-09-10,24104.980469,21.250000,39.217201,34.900002,11.934000,26.139999,32.855000,13.840000,4.258000,5.293000,74.620003,104.720001
2023-09-11,23412.441406,21.235001,39.377499,34.844002,12.150000,25.809999,32.794998,13.800000,4.288000,5.293000,74.750000,104.519997
2023-09-12,24023.845703,21.245001,39.316898,34.700001,12.278000,26.049999,32.799999,14.230000,4.264000,5.305000,74.629997,104.489998
2023-09-13,24437.322266,21.309999,39.238998,34.647999,12.382000,26.190001,32.830002,13.480000,4.249000,5.305000,74.830002,104.720001
2023-09-14,24954.433594,21.559999,39.859798,34.835999,12.986000,26.395000,33.220001,12.820000,4.288000,5.295000,74.919998,104.529999
2023-09-15,24936.523438,21.545000,39.565498,35.122002,13.352000,25.705000,32.724998,13.790000,4.322000,5.298000,74.639999,104.370003
2023-09-16,24898.650391,21.545000,39.565498,35.122002,13.352000,25.705000,32.724998,13.790000,4.322000,5.298000,74.639999,104.370003
2023-09-17,24872.564453,21.545000,39.565498,35.122002,13.352000,25.705000,32.724998,13.790000,4.322000,5.298000,74.639999,104.370003
2023-09-18,25021.539063,21.430000,39.467999,35.099998,13.144000,25.639999,32.674999,14.000000,4.319000,5.300000,74.690002,104.570000
2023-09-19,25474.994141,21.315001,39.348900,35.214001,13.166000,25.430000,32.404999,14.110000,4.365000,5.310000,74.459999,104.220001
2023-09-20,25475.597656,21.410000,39.046101,35.299999,13.184000,25.395000,32.410000,15.140000,4.349000,5.315000,74.400002,104.260002
2023-09-21,24921.820313,20.969999,38.592201,35.046001,12.870000,24.799999,31.840000,17.540001,4.480000,5.305000,73.870003,103.209999
2023-09-22,24924.990234,21.094999,38.516800,35.189999,13.254000,25.030001,31.900000,17.200001,4.438000,5.305000,74.000000,103.839996
2023-09-23,24924.822266,21.094999,38.516800,35.189999,13.254000,25.030001,31.900000,17.200001,4.438000,5.305000,74.000000,103.839996
2023-09-24,24657.968750,21.094999,38.516800,35.189999,13.254000,25.030001,31.900000,17.200001,4.438000,5.305000,74.000000,103.839996
2023-09-25,24829.972656,21.155001,38.806900,35.290001,13.782000,25.105000,31.900000,16.900000,4.542000,5.313000,73.900002,102.830002
2023-09-26,24805.451172,20.950001,38.314999,35.035999,13.766000,24.844999,31.605000,18.940001,4.558000,5.325000,73.580002,102.540001
2023-09-27,25085.046875,21.049999,38.525002,34.821999,13.548000,25.010000,31.725000,18.219999,4.626000,5.330000,73.480003,102.059998
2023-09-28,25581.568359,20.975000,38.563702,34.276001,13.908000,25.415001,31.870001,17.340000,4.597000,5.308000,73.830002,102.239998
2023-09-29,25435.613281,21.045000,38.439602,34.124001,13.804000,25.629999,32.055000,17.520000,4.573000,5.300000,73.720001,102.019997
2023-09-30,25488.726563,21.045000,38.439602,34.124001,13.804000,25.629999,32.055000,17.520000,4.573000,5.300000,73.720001,102.019997
2023-10-01,26488.859375,21.045000,38.439602,34.124001,13.804000,25.629999,32.055000,17.520000,4.573000,5.300000,73.720001,102.019997
2023-10-02,26269.957031,21.115000,38.596500,33.964001,13.320000,25.905001,32.424999,17.610001,4.683000,5.315000,72.889999,100.690002
2023-10-03,26202.021484,20.920000,38.127899,33.919998,12.964000,25.525000,31.915001,19.780001,4.802000,5.340000,72.150002,99.529999
2023-10-04,26458.601563,20.760000,38.215401,33.757999,12.592000,25.555000,32.029999,18.580000,4.735000,5.335000,72.519997,100.400002
2023-10-05,25995.521484,20.705000,38.156799,33.577999,12.828000,25.400000,31.830000,18.490000,4.717000,5.325000,72.589996,100.279999
2023-10-06,26380.189453,20.785000,38.520802,33.722000,13.096000,25.754999,32.134998,17.450001,4.784000,5.348000,72.690002,99.980003
2023-10-07,26401.185547,20.785000,38.520802,33.722000,13.096000,25.754999,32.134998,17.450001,4.784000,5.348000,72.690002,99.980003
2023-10-08,26437.544922,20.785000,38.520802,33.722000,13.096000,25.754999,32.134998,17.450001,4.784000,5.348000,72.690002,99.980003
2023-10-09,26074.796875,20.690001,38.677502,34.195999,12.824000,25.754999,32.389999,17.700001,4.797000,5.348000,73.230003,101.220001
2023-10-10,25829.869141,20.975000,38.880798,34.130001,13.082000,26.350000,32.930000,17.030001,4.655000,5.323000,73.209999,101.260002
2023-10-11,25296.394531,21.035000,38.941898,34.310001,12.752000,26.225000,32.764999,16.090000,4.595000,5.335000,73.199997,101.879997
2023-10-12,25396.322266,21.100000,38.986401,34.546001,12.722000,26.945000,33.205002,16.690001,4.712000,5.335000,72.809998,100.820000
2023-10-13,25552.808594,21.100000,38.881199,35.619999,12.604000,26.410000,32.834999,19.320000,4.629000,5.328000,72.750000,101.379997
2023-10-14,25552.171875,21.100000,38.881199,35.619999,12.604000,26.410000,32.834999,19.320000,4.629000,5.328000,72.750000,101.379997
2023-10-15,25811.175781,21.100000,38.881199,35.619999,12.604000,26.410000,32.834999,19.320000,4.629000,5.328000,72.750000,101.379997
2023-10-16,27021.167969,21.215000,39.025398,35.462002,12.550000,26.450001,32.980000,17.209999,4.712000,5.328000,72.730003,100.680000
2023-10-17,26876.296875,21.115000,38.970402,35.383999,12.522000,26.184999,32.799999,17.879999,4.847000,5.340000,72.389999,99.879997
2023-10-18,26882.207031,20.934999,38.613300,35.931999,12.578000,25.865000,32.724998,19.219999,4.904000,5.330000,72.040001,99.080002
2023-10-19,27129.187500,20.790001,38.132301,36.051998,12.766000,25.745001,32.365002,21.400000,4.988000,5.310000,71.779999,98.279999
2023-10-20,28007.347656,20.555000,37.616299,36.660000,12.522000,25.150000,31.540001,21.709999,4.924000,5.300000,71.930000,98.669998
2023-10-21,28229.517578,20.555000,37.616299,36.660000,12.522000,25.150000,31.540001,21.709999,4.924000,5.300000,71.930000,98.669998
2023-10-22,28324.646484,20.555000,37.616299,36.660000,12.522000,25.150000,31.540001,21.709999,4.924000,5.300000,71.930000,98.669998
2023-10-23,31008.648438,20.375000,37.411499,36.164001,12.504000,25.025000,31.540001,20.370001,4.838000,5.293000,72.220001,99.440002
2023-10-24,31996.871094,20.600000,37.724300,36.112000,12.868000,25.160000,31.820000,18.969999,4.840000,5.308000,72.589996,100.000000
2023-10-25,32653.228516,20.430000,37.368301,36.380001,13.204000,24.805000,31.445000,20.190001,4.953000,5.315000,72.199997,99.089996
2023-10-26,32333.435547,20.240000,37.100601,36.557999,12.866000,24.379999,30.875000,20.680000,4.845000,5.300000,72.449997,99.809998
2023-10-27,32080.365234,20.205000,36.854000,36.402000,12.630000,24.504999,30.879999,21.270000,4.845000,5.305000,72.360001,99.610001
2023-10-28,32250.443359,20.205000,36.854000,36.402000,12.630000,24.504999,30.879999,21.270000,4.845000,5.305000,72.360001,99.610001
2023-10-29,32700.621094,20.205000,36.854000,36.402000,12.630000,24.504999,30.879999,21.270000,4.845000,5.305000,72.360001,99.610001
2023-10-30,32506.679688,20.205000,37.058899,36.674000,12.564000,24.145000,30.855000,19.750000,4.875000,5.313000,72.379997,99.309998
2023-10-31,32773.707031,20.180000,37.384602,36.702000,13.100000,24.420000,31.055000,18.139999,4.875000,5.320000,72.570000,99.169998
2023-11-01,33472.753906,20.545000,37.893700,36.518002,13.328000,24.990000,31.570000,16.870001,4.789000,5.300000,72.870003,100.220001
2023-11-02,32911.648438,20.830000,38.345200,36.354000,13.464000,25.680000,32.105000,15.660000,4.669000,5.270000,73.690002,101.410004
2023-11-03,32351.423828,21.025000,38.369099,36.113998,13.178000,26.004999,32.264999,14.910000,4.558000,5.253000,74.410004,101.910004
2023-11-04,32677.312500,21.025000,38.369099,36.113998,13.178000,26.004999,32.264999,14.910000,4.558000,5.253000,74.410004,101.910004
2023-11-05,32660.251953,21.025000,38.369099,36.113998,13.178000,26.004999,32.264999,14.910000,4.558000,5.253000,74.410004,101.910004
2023-11-06,32688.990234,21.250000,38.387001,35.911999,12.862000,25.920000,32.299999,14.890000,4.662000,5.260000,74.110001,101.370003
2023-11-07,33137.675781,21.219999,38.574001,35.796001,12.952000,26.375000,32.849998,14.810000,4.571000,5.273000,74.120003,102.180000
2023-11-08,33287.515625,21.080000,38.511101,35.566002,12.686000,26.309999,32.720001,14.450000,4.523000,5.268000,74.160004,102.699997
2023-11-09,34397.785156,21.084999,38.359001,35.669998,13.030000,26.705000,32.840000,15.290000,4.630000,5.263000,73.699997,101.660004
2023-11-10,34881.023438,21.105000,38.815201,35.354000,12.844000,27.059999,33.014999,14.170000,4.628000,5.250000,74.059998,102.169998
2023-11-11,34716.574219,21.105000,38.815201,35.354000,12.844000,27.059999,33.014999,14.170000,4.628000,5.250000,74.059998,102.169998
2023-11-12,34661.761719,21.105000,38.815201,35.354000,12.844000,27.059999,33.014999,14.170000,4.628000,5.250000,74.059998,102.169998
2023-11-13,34109.410156,21.105000,38.796101,35.397999,13.310000,27.160000,33.220001,14.760000,4.632000,5.260000,73.989998,102.180000
2023-11-14,32669.894531,21.299999,39.049900,35.230000,13.272000,27.514999,33.365002,14.160000,4.441000,5.253000,74.739998,103.779999
2023-11-15,34899.304688,21.480000,39.108200,35.144001,13.358000,27.785000,33.529999,14.180000,4.535000,5.255000,74.500000,103.239998
2023-11-16,33312.570313,21.370001,39.045601,35.585999,13.180000,27.605000,33.285000,14.320000,4.445000,5.243000,74.599998,104.089996
2023-11-17,33522.195313,21.370001,39.171501,35.450001,13.650000,27.735001,33.310001,13.800000,4.441000,5.233000,74.769997,104.389999
2023-11-18,33512.136719,21.370001,39.171501,35.450001,13.650000,27.735001,33.310001,13.800000,4.441000,5.233000,74.769997,104.389999
2023-11-19,34282.230469,21.370001,39.171501,35.450001,13.650000,27.735001,33.310001,13.800000,4.441000,5.233000,74.769997,104.389999
2023-11-20,34239.582031,21.469999,39.246799,35.098000,13.780000,27.910000,33.450001,13.410000,4.422000,5.238000,74.849998,104.809998
2023-11-21,32805.488281,21.455000,39.199902,35.624001,13.694000,27.700001,33.355000,13.350000,4.418000,5.255000,74.949997,104.839996
2023-11-22,34379.769531,21.525000,39.510201,35.680000,13.686000,27.969999,33.799999,12.850000,4.416000,5.265000,75.080002,105.260002
2023-11-23,34197.492188,21.420000,39.406601,35.534000,13.818000,27.830000,33.700001,12.850000,4.416000,5.265000,75.080002,105.260002
2023-11-24,34459.363281,21.350000,39.383701,35.591999,13.922000,27.709999,33.459999,12.460000,4.472000,5.253000,75.000000,104.720001
2023-11-25,34529.257813,21.350000,39.383701,35.591999,13.922000,27.709999,33.459999,12.460000,4.472000,5.253000,75.000000,104.720001
2023-11-26,34259.402344,21.350000,39.383701,35.591999,13.922000,27.709999,33.459999,12.460000,4.472000,5.253000,75.000000,104.720001
2023-11-27,33993.832031,21.240000,39.323002,35.756001,13.804000,27.760000,33.560001,12.690000,4.389000,5.258000,75.110001,105.570000
2023-11-28,34379.074219,21.459999,39.207199,36.034000,13.704000,27.500000,33.439999,12.690000,4.336000,5.260000,75.440002,105.989998
2023-11-29,34499.992188,21.520000,39.249599,36.222000,13.342000,27.770000,33.485001,12.980000,4.271000,5.240000,75.849998,106.849998
2023-11-30,34625.015625,21.570000,39.613300,36.369999,13.398000,27.450001,33.349998,12.920000,4.352000,5.238000,75.709999,106.290001
2023-12-01,35518.437500,21.840000,40.117599,36.801998,13.886000,27.690001,33.599998,12.630000,4.226000,5.215000,75.989998,107.169998
2023-12-02,36260.984375,21.840000,40.117599,36.801998,13.886000,27.690001,33.599998,12.630000,4.226000,5.215000,75.989998,107.169998
2023-12-03,36724.750000,21.840000,40.117599,36.801998,13.886000,27.690001,33.599998,12.630000,4.226000,5.215000,75.989998,107.169998
2023-12-04,38736.507813,21.840000,40.006699,36.801998,13.886000,27.690001,33.599998,13.080000,4.288000,5.223000,75.800003,106.680000
2023-12-05,40832.433594,21.840000,40.000801,36.801998,13.886000,27.690001,33.599998,12.850000,4.171000,5.243000,75.870003,107.529999
2023-12-06,40632.398438,21.840000,40.046001,36.801998,13.886000,27.690001,33.599998,12.970000,4.121000,5.243000,75.879997,107.930000
2023-12-07,40122.906250,21.855000,40.271801,36.562000,13.676000,27.780001,33.985001,13.060000,4.129000,5.233000,76.010002,107.940002
2023-12-08,40995.437500,21.915001,40.461102,36.306000,13.850000,28.209999,34.215000,12.350000,4.245000,5.233000,75.860001,107.360001
2023-12-09,40586.460938,21.915001,40.461102,36.306000,13.850000,28.209999,34.215000,12.350000,4.245000,5.233000,75.860001,107.360001
2023-12-10,40666.917969,21.915001,40.461102,36.306000,13.850000,28.209999,34.215000,12.350000,4.245000,5.233000,75.860001,107.360001
2023-12-11,38311.312500,22.010000,40.673698,35.880001,13.778000,28.934999,34.400002,12.630000,4.239000,5.233000,75.809998,107.330002
2023-12-12,38385.144531,21.940001,40.681301,35.722000,13.666000,29.309999,34.625000,12.070000,4.206000,5.248000,75.980003,107.940002
2023-12-13,39411.660156,21.885000,41.076900,35.737999,13.442000,29.475000,34.830002,12.190000,4.033000,5.223000,77.139999,109.750000
2023-12-14,39135.164063,22.170000,40.696301,36.080002,13.656000,29.715000,34.505001,12.480000,3.930000,5.215000,77.099998,110.519997
2023-12-15,38437.679688,22.400000,40.954899,36.282001,14.016000,30.490000,35.035000,12.280000,3.928000,5.225000,76.930000,110.360001
2023-12-16,38722.191406,22.400000,40.954899,36.282001,14.016000,30.490000,35.035000,12.280000,3.928000,5.225000,76.930000,110.360001
2023-12-17,37966.640625,22.400000,40.954899,36.282001,14.016000,30.490000,35.035000,12.280000,3.928000,5.225000,76.930000,110.360001
2023-12-18,39020.058594,22.180000,41.024601,36.043999,14.022000,30.030001,35.070000,12.560000,3.954000,5.225000,76.980003,109.900002
2023-12-19,38499.953125,22.350000,41.045300,36.273998,13.712000,30.025000,35.080002,12.530000,3.922000,5.238000,77.199997,110.040001
2023-12-20,39885.058594,22.305000,40.681801,36.099998,13.522000,30.049999,35.220001,13.670000,3.877000,5.230000,77.209999,110.330002
2023-12-21,39858.062500,22.320000,40.928101,36.178001,13.642000,29.940001,34.849998,13.650000,3.894000,5.210000,77.559998,110.290001
2023-12-22,39903.324219,22.355000,40.937698,36.355999,14.074000,30.045000,34.980000,13.030000,3.901000,5.208000,77.470001,110.099998
2023-12-23,39667.652344,22.355000,40.937698,36.355999,14.074000,30.045000,34.980000,13.030000,3.901000,5.208000,77.470001,110.099998
2023-12-24,39045.214844,22.355000,40.937698,36.355999,14.074000,30.045000,34.980000,13.030000,3.901000,5.208000,77.470001,110.099998
2023-12-25,39580.496094,22.355000,40.937698,36.355999,14.074000,30.045000,34.980000,13.030000,3.901000,5.208000,77.470001,110.099998
2023-12-26,38504.562500,22.355000,40.937698,36.355999,14.074000,30.045000,34.980000,12.990000,3.886000,5.203000,77.620003,110.330002
2023-12-27,39108.300781,22.520000,40.902100,36.433998,13.906000,30.200001,34.860001,12.430000,3.789000,5.235000,77.940002,111.360001
2023-12-28,38515.289063,22.684999,40.937199,36.458000,13.740000,30.370001,35.075001,12.470000,3.850000,5.218000,77.690002,111.070000
2023-12-29,38080.046875,22.680000,41.041698,36.332001,13.728000,30.379999,35.084999,12.450000,3.866000,5.180000,77.389999,110.660004
2023-12-30,38132.054688,22.680000,41.041698,36.332001,13.728000,30.379999,35.084999,12.450000,3.866000,5.180000,77.389999,110.660004
2023-12-31,38291.835938,22.680000,41.041698,36.332001,13.728000,30.379999,35.084999,12.450000,3.866000,5.180000,77.389999,110.660004
2024-01-01,40018.605469,22.680000,41.041698,36.332001,13.728000,30.379999,35.084999,12.450000,3.866000,5.180000,77.389999,110.660004
2024-01-02,41089.292969,22.730000,41.121201,36.686001,13.726000,29.639999,34.770000,13.200000,3.946000,5.213000,77.129997,109.910004
2024-01-03,39215.980469,22.495001,40.875301,36.278000,13.646000,28.980000,34.520000,14.040000,3.907000,5.235000,76.919998,109.660004
2024-01-04,40360.082031,22.504999,40.669102,36.313999,13.700000,28.889999,34.340000,14.130000,3.991000,5.228000,76.620003,109.050003
2024-01-05,40313.914063,22.635000,40.668598,36.386002,13.674000,28.924999,34.255001,13.350000,4.042000,5.220000,76.680000,108.660004
2024-01-06,40155.535156,22.635000,40.668598,36.386002,13.674000,28.924999,34.255001,13.350000,4.042000,5.220000,76.680000,108.660004
2024-01-07,40161.222656,22.635000,40.668598,36.386002,13.674000,28.924999,34.255001,13.350000,4.042000,5.220000,76.680000,108.660004
2024-01-08,42895.812500,22.594999,41.125401,36.037998,13.532000,29.485001,34.509998,13.080000,4.002000,5.220000,77.110001,109.489998
2024-01-09,42206.503906,22.455000,41.243301,36.139999,13.856000,29.730000,34.930000,12.760000,4.019000,5.230000,77.230003,109.680000
2024-01-10,42488.257813,22.275000,41.247299,35.970001,14.564000,29.615000,35.014999,12.690000,4.030000,5.225000,77.370003,109.540001
2024-01-11,42220.636719,22.264999,41.272701,35.858002,14.456000,29.430000,34.930000,12.440000,3.977000,5.218000,77.620003,110.199997
2024-01-12,39085.343750,22.490000,41.345600,36.400002,15.562000,29.690001,35.215000,12.700000,3.950000,5.198000,77.699997,110.440002
2024-01-13,39075.507813,22.490000,41.345600,36.400002,15.562000,29.690001,35.215000,12.700000,3.950000,5.198000,77.699997,110.440002
2024-01-14,38186.703125,22.490000,41.345600,36.400002,15.562000,29.690001,35.215000,12.700000,3.950000,5.198000,77.699997,110.440002
2024-01-15,38840.464844,22.420000,41.360600,36.500000,16.004000,29.865000,35.299999,12.700000,3.950000,5.198000,77.699997,110.440002
2024-01-16,39669.707031,22.245001,41.390999,36.375999,16.066000,30.495001,35.555000,13.840000,4.066000,5.203000,77.209999,109.320000
2024-01-17,39262.972656,21.915001,41.157600,36.046001,15.578000,30.125000,35.320000,14.790000,4.106000,5.215000,76.879997,109.089996
2024-01-18,37918.718750,22.139999,41.452202,36.094002,15.684000,31.340000,35.880001,14.130000,4.144000,5.200000,77.040001,108.879997
2024-01-19,38166.160156,22.315001,41.755600,36.208000,15.244000,31.875000,36.084999,13.300000,4.146000,5.198000,77.169998,108.989998
2024-01-20,38209.425781,22.315001,41.755600,36.208000,15.244000,31.875000,36.084999,13.300000,4.146000,5.198000,77.169998,108.989998
2024-01-21,38144.265625,22.315001,41.755600,36.208000,15.244000,31.875000,36.084999,13.300000,4.146000,5.198000,77.169998,108.989998
2024-01-22,36317.148438,22.360001,41.927502,36.150002,14.976000,32.625000,36.599998,13.190000,4.094000,5.200000,77.230003,109.290001
2024-01-23,36699.226563,22.325001,42.156601,36.340000,15.218000,32.715000,36.674999,12.550000,4.142000,5.210000,77.139999,108.889999
2024-01-24,36831.269531,22.504999,42.057098,35.928001,15.364000,33.660000,37.005001,13.140000,4.178000,5.210000,77.099998,108.680000
2024-01-25,36819.769531,22.510000,42.449699,36.200001,15.038000,34.145000,37.279999,13.450000,4.132000,5.195000,77.690002,109.400002
2024-01-26,38492.722656,22.605000,42.375599,36.144001,14.940000,33.075001,36.955002,13.260000,4.160000,5.200000,77.629997,109.089996
2024-01-27,38771.808594,22.605000,42.375599,36.144001,14.940000,33.075001,36.955002,13.260000,4.160000,5.200000,77.629997,109.089996
2024-01-28,38769.722656,22.605000,42.375599,36.144001,14.940000,33.075001,36.955002,13.260000,4.160000,5.200000,77.629997,109.089996
2024-01-29,39956.218750,22.834999,42.892899,36.492001,15.080000,32.990002,37.055000,13.600000,4.091000,5.200000,77.800003,109.540001
2024-01-30,39612.054688,22.684999,42.750000,36.490002,15.418000,33.084999,37.134998,13.310000,4.059000,5.203000,77.699997,109.889999
2024-01-31,39413.523438,22.700001,42.233601,36.773998,15.474000,32.264999,36.455002,14.350000,3.967000,5.188000,77.480003,110.169998
2024-02-01,39612.179688,22.764999,42.650700,36.942001,16.340000,32.275002,36.380001,13.880000,3.863000,5.200000,77.540001,110.629997
2024-02-02,39992.265625,22.930000,43.056400,36.686001,16.284000,33.134998,37.415001,13.850000,4.033000,5.210000,77.190002,109.620003
2024-02-03,39812.972656,22.930000,43.056400,36.686001,16.284000,33.134998,37.415001,13.850000,4.033000,5.210000,77.190002,109.620003
2024-02-04,39503.257813,22.930000,43.056400,36.686001,16.284000,33.134998,37.415001,13.850000,4.033000,5.210000,77.190002,109.620003
2024-02-05,39715.003906,22.995001,43.153599,36.664001,15.780000,33.715000,37.540001,13.670000,4.164000,5.228000,76.830002,108.570000
2024-02-06,40052.285156,23.385000,43.226601,36.866001,16.090000,33.500000,37.490002,13.060000,4.090000,5.223000,77.110001,109.180000
2024-02-07,41128.156250,23.420000,43.445999,36.849998,15.922000,33.884998,37.805000,12.830000,4.110000,5.223000,77.239998,108.860001
2024-02-08,42032.652344,23.344999,43.444401,36.658001,15.552000,34.700001,37.955002,12.790000,4.170000,5.218000,77.199997,108.300003
2024-02-09,43717.242188,23.424999,43.552299,36.470001,15.308000,34.965000,38.084999,12.930000,4.187000,5.220000,77.360001,108.160004
2024-02-10,44295.917969,23.424999,43.552299,36.470001,15.308000,34.965000,38.084999,12.930000,4.187000,5.220000,77.360001,108.160004
2024-02-11,44724.175781,23.424999,43.552299,36.470001,15.308000,34.965000,38.084999,12.930000,4.187000,5.220000,77.360001,108.160004
2024-02-12,46378.316406,23.655001,43.623199,36.400002,15.390000,35.680000,38.415001,13.930000,4.172000,5.228000,77.190002,108.169998
2024-02-13,46451.382813,23.200001,43.286301,36.220001,15.164000,34.805000,37.845001,15.850000,4.316000,5.233000,76.570000,106.980003
2024-02-14,48291.339844,23.549999,43.614601,36.144001,15.076000,35.049999,37.849998,14.380000,4.267000,5.218000,76.870003,107.480003
2024-02-15,48212.640625,23.480000,43.776100,36.186001,15.062000,35.180000,37.919998,14.010000,4.240000,5.218000,77.139999,107.870003
2024-02-16,48399.972656,23.625000,43.679501,36.285999,14.984000,35.334999,37.935001,14.240000,4.295000,5.223000,76.910004,107.480003
2024-02-17,47938.609375,23.625000,43.679501,36.285999,14.984000,35.334999,37.935001,14.240000,4.295000,5.223000,76.910004,107.480003
2024-02-18,48333.652344,23.625000,43.679501,36.285999,14.984000,35.334999,37.935001,14.240000,4.295000,5.223000,76.910004,107.480003
2024-02-19,48051.406250,23.605000,43.718399,36.431999,15.080000,34.980000,37.790001,14.240000,4.295000,5.223000,76.910004,107.480003
2024-02-20,48367.378906,23.584999,43.327900,36.476002,14.568000,33.845001,37.095001,15.420000,4.275000,5.213000,77.070000,107.839996
2024-02-21,47908.992188,23.495001,43.373699,36.416000,14.192000,33.834999,37.044998,15.340000,4.325000,5.235000,76.930000,107.570000
2024-02-22,47392.250000,23.660000,44.122501,36.369999,14.200000,35.974998,38.070000,14.540000,4.327000,5.233000,77.300003,107.739998
2024-02-23,46833.199219,23.665001,44.133999,36.602001,14.014000,35.680000,38.125000,13.750000,4.260000,5.240000,77.349998,108.059998
2024-02-24,47607.863281,23.665001,44.133999,36.602001,14.014000,35.680000,38.125000,13.750000,4.260000,5.240000,77.349998,108.059998
2024-02-25,47817.753906,23.665001,44.133999,36.602001,14.014000,35.680000,38.125000,13.750000,4.260000,5.240000,77.349998,108.059998
2024-02-26,50249.699219,23.440001,43.903301,36.358002,13.952000,35.904999,38.049999,13.740000,4.299000,5.250000,77.099998,107.720001
2024-02-27,52655.945313,23.455000,44.000702,36.458000,14.178000,35.869999,37.980000,13.430000,4.315000,5.245000,77.199997,107.570000
2024-02-28,57669.230469,23.305000,43.937401,36.495998,14.188000,35.570000,37.990002,13.840000,4.274000,5.240000,77.190002,107.559998
2024-02-29,56633.839844,23.350000,44.210701,36.792000,14.052000,35.935001,38.095001,13.400000,4.252000,5.223000,77.330002,107.660004
2024-03-01,57573.386719,23.620001,44.513699,37.292000,14.538000,37.474998,38.580002,13.110000,4.180000,5.215000,77.180000,107.919998
2024-03-02,57194.621094,23.620001,44.513699,37.292000,14.538000,37.474998,38.580002,13.110000,4.180000,5.215000,77.180000,107.919998
2024-03-03,58261.414063,23.620001,44.513699,37.292000,14.538000,37.474998,38.580002,13.110000,4.180000,5.215000,77.180000,107.919998
2024-03-04,62955.000000,23.639999,44.375900,37.914001,14.332000,38.299999,38.615002,13.490000,4.219000,5.223000,77.160004,107.720001
2024-03-05,58772.386719,23.525000,43.991299,38.112000,14.322000,37.520000,37.869999,14.460000,4.137000,5.225000,77.099998,108.309998
2024-03-06,60656.757813,23.715000,44.108700,38.242001,14.388000,38.340000,38.060001,14.500000,4.104000,5.230000,77.290001,108.599998
2024-03-07,61113.406250,23.830000,44.507599,38.349998,14.808000,39.320000,38.345001,14.440000,4.092000,5.228000,77.379997,108.870003
2024-03-08,62411.535156,23.850000,44.217602,38.689999,14.408000,38.645000,38.180000,14.740000,4.089000,5.228000,77.400002,109.019997
2024-03-09,62593.183594,23.850000,44.217602,38.689999,14.408000,38.645000,38.180000,14.740000,4.089000,5.228000,77.400002,109.019997
2024-03-10,63072.972656,23.850000,44.217602,38.689999,14.408000,38.645000,38.180000,14.740000,4.089000,5.228000,77.400002,109.019997
2024-03-11,65983.203125,23.760000,44.177399,38.846001,14.208000,37.349998,37.775002,15.220000,4.104000,5.240000,77.389999,109.040001
2024-03-12,65417.820313,23.885000,44.612999,38.549999,14.376000,37.810001,38.119999,13.840000,4.155000,5.240000,77.459999,108.690002
2024-03-13,66723.851563,23.705000,44.496399,38.610001,14.524000,37.055000,37.939999,13.750000,4.192000,5.238000,77.489998,108.580002
2024-03-14,65603.539063,23.825001,44.577400,38.571999,13.976000,37.044998,38.070000,14.400000,4.298000,5.238000,77.120003,107.779999
2024-03-15,63730.011719,23.600000,44.323002,38.647999,14.278000,36.654999,37.560001,14.410000,4.304000,5.238000,77.070000,107.809998
2024-03-16,59975.605469,23.600000,44.323002,38.647999,14.278000,36.654999,37.560001,14.410000,4.304000,5.238000,77.070000,107.809998
2024-03-17,62838.261719,23.600000,44.323002,38.647999,14.278000,36.654999,37.560001,14.410000,4.304000,5.238000,77.070000,107.809998
2024-03-18,62122.750000,23.665001,44.543098,38.613998,14.266000,36.825001,38.130001,14.330000,4.340000,5.238000,77.250000,107.629997
2024-03-19,56999.375000,23.565001,44.819698,38.591999,14.130000,36.415001,38.014999,13.820000,4.297000,5.238000,77.559998,107.940002
2024-03-20,62092.179688,23.620001,45.130100,38.653999,14.310000,36.474998,38.139999,13.040000,4.273000,5.228000,77.820000,108.139999
2024-03-21,60291.375000,24.004999,45.366501,38.990002,14.806000,38.505001,39.055000,12.920000,4.271000,5.228000,77.779999,108.300003
2024-03-22,58737.050781,23.965000,45.469898,38.967999,14.914000,38.099998,38.904999,13.060000,4.218000,5.220000,77.699997,108.669998
2024-03-23,58998.085938,23.965000,45.469898,38.967999,14.914000,38.099998,38.904999,13.060000,4.218000,5.220000,77.699997,108.669998
2024-03-24,62211.914063,23.965000,45.469898,38.967999,14.914000,38.099998,38.904999,13.060000,4.218000,5.220000,77.699997,108.669998
2024-03-25,64555.195313,23.990000,45.279202,39.062000,14.704000,38.090000,38.794998,13.190000,4.253000,5.218000,77.580002,108.300003
2024-03-26,64607.664063,23.969999,45.239300,39.133999,14.532000,37.985001,38.889999,13.240000,4.234000,5.218000,77.489998,108.269997
2024-03-27,64228.828125,23.990000,45.578701,39.416000,14.600000,37.615002,38.700001,12.780000,4.196000,5.215000,77.900002,109.019997
2024-03-28,65552.484375,24.160000,45.688099,39.993999,14.866000,37.930000,38.840000,13.010000,4.206000,5.203000,77.730003,108.919998
2024-03-29,64714.957031,24.160000,45.688099,39.993999,14.866000,37.930000,38.840000,13.010000,4.206000,5.203000,77.730003,108.919998
2024-03-30,64485.773438,24.160000,45.688099,39.993999,14.866000,37.930000,38.840000,13.010000,4.206000,5.203000,77.730003,108.919998
2024-03-31,66090.195313,24.160000,45.688099,39.993999,14.866000,37.930000,38.840000,13.010000,4.206000,5.203000,77.730003,108.919998
2024-04-01,64920.578125,24.160000,45.688099,39.993999,14.866000,37.930000,38.840000,13.650000,4.329000,5.218000,77.019997,107.470001
2024-04-02,60778.117188,24.219999,45.390400,40.688000,15.336000,37.820000,38.560001,14.610000,4.365000,5.213000,76.889999,107.309998
2024-04-03,60879.437500,24.219999,45.237000,41.104000,15.950000,38.150002,38.705002,14.330000,4.355000,5.210000,76.949997,107.379997
2024-04-04,63220.507813,24.320000,44.764900,41.028000,15.830000,38.044998,38.715000,16.350000,4.309000,5.203000,76.889999,107.500000
2024-04-05,62559.875000,24.145000,45.162701,41.722000,15.900000,37.415001,38.404999,16.030001,4.378000,5.215000,76.820000,107.029999
2024-04-06,63535.992188,24.145000,45.162701,41.722000,15.900000,37.415001,38.404999,16.030001,4.378000,5.215000,76.820000,107.029999
2024-04-07,64045.218750,24.145000,45.162701,41.722000,15.900000,37.415001,38.404999,16.030001,4.378000,5.215000,76.820000,107.029999
2024-04-08,65948.554688,24.370001,45.101398,41.773998,15.508000,37.485001,38.380001,15.190000,4.424000,5.223000,77.000000,107.019997
2024-04-09,63670.394531,24.405001,45.131599,42.068001,15.270000,37.200001,38.185001,14.980000,4.366000,5.220000,77.160004,107.570000
2024-04-10,65717.312500,24.299999,45.136200,42.360001,15.388000,37.634998,38.459999,15.800000,4.560000,5.243000,76.480003,106.040001
2024-04-11,65317.503906,24.450001,45.494900,42.523998,15.492000,37.869999,38.814999,14.910000,4.576000,5.238000,76.410004,105.820000
2024-04-12,63046.519531,24.230000,45.303398,43.838001,16.204000,37.865002,39.099998,17.309999,4.499000,5.230000,76.370003,106.059998
2024-04-13,59880.496094,24.230000,45.303398,43.838001,16.204000,37.865002,39.099998,17.309999,4.499000,5.230000,76.370003,106.059998
2024-04-14,61747.792969,24.230000,45.303398,43.838001,16.204000,37.865002,39.099998,17.309999,4.499000,5.230000,76.370003,106.059998
2024-04-15,59696.433594,24.150000,44.846401,42.916000,15.570000,37.869999,38.955002,19.230000,4.628000,5.238000,75.930000,104.889999
2024-04-16,60080.527344,23.670000,44.551498,43.655998,14.848000,37.365002,38.349998,18.400000,4.659000,5.233000,75.680000,104.540001
2024-04-17,57433.480469,23.645000,44.314400,43.616001,15.084000,36.500000,37.980000,18.209999,4.585000,5.240000,75.779999,105.110001
2024-04-18,59676.964844,23.665001,44.223400,43.486000,15.128000,35.830002,37.830002,18.000000,4.647000,5.243000,75.839996,104.900002
2024-04-19,59876.710938,23.520000,43.834801,43.627998,14.958000,34.650002,37.025002,18.709999,4.615000,5.245000,75.980003,105.010002
2024-04-20,60956.074219,23.520000,43.834801,43.627998,14.958000,34.650002,37.025002,18.709999,4.615000,5.245000,75.980003,105.010002
2024-04-21,60919.242188,23.520000,43.834801,43.627998,14.958000,34.650002,37.025002,18.709999,4.615000,5.245000,75.980003,105.010002
2024-04-22,62729.296875,23.635000,44.303699,42.723999,14.830000,34.244999,36.869999,16.940001,4.623000,5.245000,76.400002,105.269997
2024-04-23,62048.164063,23.825001,44.631199,42.192001,15.010000,35.105000,37.474998,15.690000,4.598000,5.245000,76.709999,105.449997
2024-04-24,60072.160156,23.700001,44.683498,42.391998,14.906000,35.505001,37.665001,15.970000,4.652000,5.255000,76.540001,105.040001
2024-04-25,60111.652344,23.660000,44.360401,42.312000,14.828000,35.465000,36.985001,15.370000,4.706000,5.245000,76.379997,104.730003
2024-04-26,59615.050781,23.915001,44.886299,42.473999,14.944000,36.654999,38.095001,15.030000,4.669000,5.238000,76.620003,105.129997
2024-04-27,59289.605469,23.915001,44.886299,42.473999,14.944000,36.654999,38.095001,15.030000,4.669000,5.238000,76.620003,105.129997
2024-04-28,58944.476563,23.915001,44.886299,42.473999,14.944000,36.654999,38.095001,15.030000,4.669000,5.238000,76.620003,105.129997
2024-04-29,59581.960938,24.184999,44.912102,42.438000,15.460000,36.505001,38.020000,14.670000,4.614000,5.243000,76.849998,105.570000
2024-04-30,56849.660156,24.045000,44.444500,41.798000,14.984000,36.645000,37.945000,15.650000,4.686000,5.245000,76.290001,104.989998
2024-05-01,54352.214844,24.045000,44.444500,41.798000,14.984000,36.645000,37.945000,15.390000,4.595000,5.250000,76.290001,105.010002
2024-05-02,55099.964844,24.145000,44.690498,41.821999,15.752000,35.365002,37.395000,14.680000,4.571000,5.238000,76.760002,105.660004
2024-05-03,58402.648438,24.235001,44.894600,41.417999,15.616000,36.205002,38.099998,13.490000,4.500000,5.235000,77.080002,106.400002
2024-05-04,59332.816406,24.235001,44.894600,41.417999,15.616000,36.205002,38.099998,13.490000,4.500000,5.235000,77.080002,106.400002
2024-05-05,59517.320313,24.235001,44.894600,41.417999,15.616000,36.205002,38.099998,13.490000,4.500000,5.235000,77.080002,106.400002
2024-05-06,58643.468750,24.260000,45.239700,41.928001,16.358000,36.834999,38.389999,13.490000,4.489000,5.240000,77.169998,106.699997
2024-05-07,57986.964844,24.295000,45.395302,41.785999,16.480000,37.095001,38.680000,13.230000,4.463000,5.243000,77.180000,106.750000
2024-05-08,56935.683594,24.290001,45.437099,41.945999,15.898000,36.709999,38.665001,13.000000,4.492000,5.245000,77.000000,106.480003
2024-05-09,58478.082031,24.145000,45.547501,42.098000,16.114000,36.790001,38.689999,12.690000,4.449000,5.240000,77.019997,106.650002
2024-05-10,56400.500000,24.180000,45.722698,42.709999,15.994000,37.220001,38.715000,12.550000,4.504000,5.243000,76.900002,106.309998
2024-05-11,56401.363281,24.180000,45.722698,42.709999,15.994000,37.220001,38.715000,12.550000,4.504000,5.243000,76.900002,106.309998
2024-05-12,57054.281250,24.180000,45.722698,42.709999,15.994000,37.220001,38.715000,12.550000,4.504000,5.243000,76.900002,106.309998
2024-05-13,58284.734375,24.235001,45.577702,42.054001,15.942000,37.224998,38.740002,13.600000,4.481000,5.240000,76.879997,106.349998
2024-05-14,56919.589844,24.235001,45.678799,42.321999,15.882000,37.384998,38.750000,13.420000,4.445000,5.235000,77.000000,106.660004
2024-05-15,60860.925781,24.500000,46.045601,42.608002,16.030001,38.209999,39.145000,12.450000,4.356000,5.240000,77.449997,107.610001
2024-05-16,60022.121094,24.650000,45.950100,42.585999,16.049999,38.744999,39.494999,12.420000,4.377000,5.243000,77.269997,107.440002
2024-05-17,61630.730469,24.465000,46.006699,43.105999,16.716000,38.340000,39.244999,11.990000,4.420000,5.240000,77.279999,107.190002
2024-05-18,61528.640625,24.465000,46.006699,43.105999,16.716000,38.340000,39.244999,11.990000,4.420000,5.240000,77.279999,107.190002
2024-05-19,60959.597656,24.465000,46.006699,43.105999,16.716000,38.340000,39.244999,11.990000,4.420000,5.240000,77.279999,107.190002
2024-05-20,65787.640625,24.600000,46.098000,43.403999,17.124001,38.880001,39.529999,12.150000,4.437000,5.240000,77.320000,107.139999
2024-05-21,64618.257813,24.459999,46.160999,43.504002,17.018000,38.720001,39.529999,11.860000,4.414000,5.240000,77.260002,107.320000
2024-05-22,63852.867188,24.555000,46.082100,42.846001,16.584000,39.220001,39.770000,12.290000,4.434000,5.245000,77.089996,107.160004
2024-05-23,62830.566406,24.514999,45.856098,42.088001,16.181999,39.820000,40.020000,12.770000,4.475000,5.245000,76.820000,106.690002
2024-05-24,63137.343750,24.549999,45.987999,41.804001,16.427999,40.005001,39.915001,11.930000,4.467000,5.245000,77.089996,106.980003
2024-05-25,63848.375000,24.549999,45.987999,41.804001,16.427999,40.005001,39.915001,11.930000,4.467000,5.245000,77.089996,106.980003
2024-05-26,63159.015625,24.549999,45.987999,41.804001,16.427999,40.005001,39.915001,11.930000,4.467000,5.245000,77.089996,106.980003
2024-05-27,63889.554688,24.639999,46.015999,42.222000,16.420000,40.285000,39.939999,11.930000,4.467000,5.245000,77.089996,106.980003
2024-05-28,62938.316406,24.459999,45.905300,42.181999,16.520000,40.505001,39.855000,12.920000,4.542000,5.248000,76.779999,106.339996
2024-05-29,62565.285156,24.100000,45.703999,42.057999,16.242001,40.180000,39.910000,14.280000,4.624000,5.250000,76.550003,105.769997
2024-05-30,63117.359375,23.924999,45.488400,42.046001,16.427999,39.580002,39.509998,14.470000,4.554000,5.248000,76.860001,106.419998
2024-05-31,62159.417969,23.660000,45.735500,41.773998,16.408001,38.525002,38.744999,12.920000,4.514000,5.245000,77.129997,106.889999
2024-06-01,62365.332031,23.660000,45.735500,41.773998,16.408001,38.525002,38.744999,12.920000,4.514000,5.245000,77.129997,106.889999
2024-06-02,62428.628906,23.660000,45.735500,41.773998,16.408001,38.525002,38.744999,12.920000,4.514000,5.245000,77.129997,106.889999
2024-06-03,63082.285156,24.035000,45.787800,41.844002,16.209999,39.130001,39.250000,13.110000,4.402000,5.243000,77.010002,107.220001
2024-06-04,64847.828125,23.415001,45.755100,41.580002,15.470000,38.820000,39.185001,13.160000,4.336000,5.240000,76.970001,107.639999
2024-06-05,65369.968750,23.865000,46.206001,42.133999,15.686000,40.654999,40.064999,12.630000,4.289000,5.240000,77.220001,108.000000
2024-06-06,64964.207031,24.110001,46.245098,42.444000,15.720000,40.785000,40.205002,12.580000,4.281000,5.233000,77.089996,107.930000
2024-06-07,64162.695313,24.225000,46.385101,41.540001,15.484000,40.985001,40.514999,12.220000,4.430000,5.238000,76.889999,106.959999
2024-06-08,64128.632813,24.225000,46.385101,41.540001,15.484000,40.985001,40.514999,12.220000,4.430000,5.238000,76.889999,106.959999
2024-06-09,64615.578125,24.225000,46.385101,41.540001,15.484000,40.985001,40.514999,12.220000,4.430000,5.238000,76.889999,106.959999
2024-06-10,64581.773438,24.549999,46.769798,41.720001,15.652000,41.779999,40.805000,12.740000,4.469000,5.233000,76.959999,106.739998
2024-06-11,62692.382813,24.400000,46.789299,41.914001,15.088000,41.500000,40.910000,12.850000,4.404000,5.245000,77.059998,107.199997
2024-06-12,63109.582031,24.565001,46.736599,41.810001,14.992000,42.505001,41.345001,12.040000,4.295000,5.243000,77.370003,107.860001
2024-06-13,62171.367188,24.625000,46.908901,41.692001,15.264000,43.270000,41.814999,11.940000,4.238000,5.240000,77.360001,108.370003
2024-06-14,61562.539063,24.885000,47.117100,42.316002,15.226000,43.380001,42.150002,12.660000,4.213000,5.240000,77.059998,108.459999
2024-06-15,61759.710938,24.885000,47.117100,42.316002,15.226000,43.380001,42.150002,12.660000,4.213000,5.240000,77.059998,108.459999
2024-06-16,62264.925781,24.885000,47.117100,42.316002,15.226000,43.380001,42.150002,12.660000,4.213000,5.240000,77.059998,108.459999
2024-06-17,61908.914063,24.820000,47.211300,41.962002,14.998000,43.825001,42.330002,12.750000,4.279000,5.243000,77.110001,107.949997
2024-06-18,60660.363281,25.090000,47.306999,42.125999,15.348000,44.814999,42.580002,12.300000,4.217000,5.235000,77.349998,108.449997
2024-06-19,60443.929688,25.200001,47.277302,42.119999,15.490000,45.044998,42.735001,12.300000,4.217000,5.235000,77.349998,108.449997
2024-06-20,60553.011719,25.170000,47.339100,42.730000,15.426000,44.805000,42.759998,13.280000,4.254000,5.225000,77.300003,108.089996
2024-06-21,59947.828125,25.235001,47.362202,42.360001,15.300000,43.584999,42.480000,13.200000,4.257000,5.215000,77.389999,108.120003
2024-06-22,60091.261719,25.235001,47.362202,42.360001,15.300000,43.584999,42.480000,13.200000,4.257000,5.215000,77.389999,108.120003
2024-06-23,59114.230469,25.235001,47.362202,42.360001,15.300000,43.584999,42.480000,13.200000,4.257000,5.215000,77.389999,108.120003
2024-06-24,56164.687500,25.160000,47.167301,42.228001,15.110000,42.389999,42.119999,13.330000,4.248000,5.210000,77.309998,108.230003
2024-06-25,57710.824219,25.004999,47.453300,42.130001,14.758000,42.544998,42.275002,12.840000,4.238000,5.223000,77.410004,108.190002
2024-06-26,56937.781250,25.055000,47.532501,41.863998,14.986000,42.349998,42.439999,12.550000,4.316000,5.230000,77.239998,107.599998
2024-06-27,57532.417969,25.260000,47.420300,42.254002,15.092000,42.095001,42.355000,12.240000,4.288000,5.223000,77.330002,107.809998
2024-06-28,56267.890625,25.385000,47.268398,42.284000,15.298000,42.884998,42.665001,12.440000,4.343000,5.213000,77.139999,107.120003
2024-06-29,56797.027344,25.385000,47.268398,42.284000,15.298000,42.884998,42.665001,12.440000,4.343000,5.213000,77.139999,107.120003
2024-06-30,58385.769531,25.385000,47.268398,42.284000,15.298000,42.884998,42.665001,12.440000,4.343000,5.213000,77.139999,107.120003
2024-07-01,58539.707031,25.315001,47.328999,42.212002,14.970000,42.275002,42.299999,12.220000,4.479000,5.218000,76.720001,106.110001
2024-07-02,57711.175781,25.415001,47.504799,42.158001,14.744000,42.685001,42.645000,12.030000,4.436000,5.228000,76.930000,106.790001
2024-07-03,55762.273438,25.495001,47.565201,42.528000,15.226000,43.450001,42.820000,12.090000,4.355000,5.230000,77.199997,107.580002
2024-07-04,52705.570313,25.575001,47.645401,42.414001,15.300000,43.674999,42.895000,12.090000,4.355000,5.230000,77.199997,107.580002
2024-07-05,52236.250000,25.684999,47.727600,42.855999,15.098000,43.735001,43.224998,12.480000,4.272000,5.225000,77.430000,108.139999
2024-07-06,53783.089844,25.684999,47.727600,42.855999,15.098000,43.735001,43.224998,12.480000,4.272000,5.225000,77.430000,108.139999
2024-07-07,51588.046875,25.684999,47.727600,42.855999,15.098000,43.735001,43.224998,12.480000,4.272000,5.225000,77.430000,108.139999
2024-07-08,52355.875000,26.004999,47.710400,42.484001,15.104000,44.340000,43.389999,12.370000,4.269000,5.218000,77.410004,108.129997
2024-07-09,53638.984375,25.915001,47.746498,42.334000,15.050000,44.314999,43.590000,12.510000,4.300000,5.225000,77.320000,107.930000
2024-07-10,53304.867188,26.094999,48.167599,42.745998,15.822000,45.040001,43.654999,12.850000,4.280000,5.225000,77.500000,108.190002
2024-07-11,52735.644531,26.090000,47.830700,43.330002,15.878000,44.000000,43.014999,12.920000,4.193000,5.198000,77.779999,108.769997
2024-07-12,53014.199219,26.000000,47.979401,42.986000,15.848000,44.455002,43.125000,12.460000,4.189000,5.198000,77.980003,109.169998
2024-07-13,54239.234375,26.000000,47.979401,42.986000,15.848000,44.455002,43.125000,12.460000,4.189000,5.198000,77.980003,109.169998
2024-07-14,55840.457031,26.000000,47.979401,42.986000,15.848000,44.455002,43.125000,12.460000,4.189000,5.198000,77.980003,109.169998
2024-07-15,59523.621094,25.945000,47.975399,43.403999,15.716000,44.320000,43.255001,13.120000,4.229000,5.193000,77.989998,108.570000
2024-07-16,59710.683594,25.969999,48.320400,43.978001,15.520000,43.915001,43.000000,13.190000,4.167000,5.193000,78.290001,109.199997
2024-07-17,58606.820313,25.594999,47.619499,43.821999,14.940000,41.695000,41.950001,14.480000,4.146000,5.195000,78.199997,109.250000
2024-07-18,58689.359375,25.385000,47.327202,43.936001,14.726000,40.025002,41.400002,15.930000,4.189000,5.193000,78.040001,108.779999
2024-07-19,61243.523438,25.155001,47.091000,42.952000,14.426000,39.994999,41.334999,16.520000,4.239000,5.193000,77.980003,108.379997
2024-07-20,61666.097656,25.155001,47.091000,42.952000,14.426000,39.994999,41.334999,16.520000,4.239000,5.193000,77.980003,108.379997
2024-07-21,62533.410156,25.155001,47.091000,42.952000,14.426000,39.994999,41.334999,16.520000,4.239000,5.193000,77.980003,108.379997
2024-07-22,62066.914063,25.165001,47.524300,42.672001,14.440000,40.340000,41.529999,14.910000,4.260000,5.190000,78.269997,108.320000
2024-07-23,60764.152344,25.315001,47.646400,43.066002,14.432000,41.115002,42.174999,14.720000,4.239000,5.173000,78.279999,108.239998
2024-07-24,60313.636719,25.059999,46.746399,43.493999,14.228000,39.470001,40.775002,18.040001,4.286000,5.170000,78.029999,107.580002
2024-07-25,60615.488281,24.870001,46.406101,42.346001,13.764000,38.384998,40.369999,18.459999,4.256000,5.160000,78.040001,108.010002
2024-07-26,62462.187500,25.110001,46.847401,42.709999,13.910000,38.355000,40.189999,16.389999,4.200000,5.155000,78.290001,108.610001
2024-07-27,62377.152344,25.110001,46.847401,42.709999,13.910000,38.355000,40.189999,16.389999,4.200000,5.155000,78.290001,108.610001
2024-07-28,62894.367188,25.110001,46.847401,42.709999,13.910000,38.355000,40.189999,16.389999,4.200000,5.155000,78.290001,108.610001
2024-07-29,61759.644531,25.070000,47.053200,42.661999,13.850000,38.410000,40.380001,16.600000,4.178000,5.147000,78.220001,108.839996
2024-07-30,61208.531250,25.000000,46.939201,42.962002,13.980000,37.584999,40.130001,17.690001,4.143000,5.135000,78.260002,108.930000
2024-07-31,59700.820313,25.584999,47.634499,43.521999,14.296000,39.255001,41.125000,16.360001,4.109000,5.135000,78.540001,109.559998
2024-08-01,60592.808594,25.365000,47.047401,44.152000,13.564000,38.255001,40.770000,18.590000,3.976000,5.115000,77.959999,109.529999
2024-08-02,56238.328125,24.365000,45.573700,43.188000,12.400000,35.029999,38.785000,23.389999,3.792000,5.030000,77.699997,110.599998
2024-08-03,55585.699219,24.365000,45.573700,43.188000,12.400000,35.029999,38.785000,23.389999,3.792000,5.030000,77.699997,110.599998
2024-08-04,53266.535156,24.365000,45.573700,43.188000,12.400000,35.029999,38.785000,23.389999,3.792000,5.030000,77.699997,110.599998
2024-08-05,49304.351563,23.405001,43.943401,42.619999,11.760000,34.084999,37.799999,38.570000,3.785000,5.060000,77.220001,110.320000
2024-08-06,51285.464844,23.690001,44.631199,42.462002,12.152000,34.860001,38.169998,27.709999,3.888000,5.080000,77.510002,109.599998
2024-08-07,50356.453125,24.299999,44.524502,42.630001,12.504000,35.514999,38.680000,27.850000,3.968000,5.080000,77.660004,109.099998
2024-08-08,56537.160156,24.320000,45.387299,43.130001,12.354000,35.610001,38.625000,23.790001,3.997000,5.083000,77.980003,109.150002
2024-08-09,55731.785156,24.610001,45.566700,43.230000,12.416000,35.685001,38.799999,20.370001,3.942000,5.075000,77.970001,109.709999
2024-08-10,55783.093750,24.610001,45.566700,43.230000,12.416000,35.685001,38.799999,20.370001,3.942000,5.075000,77.970001,109.709999
2024-08-11,53807.890625,24.610001,45.566700,43.230000,12.416000,35.685001,38.799999,20.370001,3.942000,5.075000,77.970001,109.709999
2024-08-12,54274.421875,24.665001,45.516499,43.706001,12.520000,36.035000,38.994999,20.709999,3.909000,5.073000,78.019997,109.940002
2024-08-13,55119.671875,24.754999,46.147598,43.793999,12.530000,36.924999,39.685001,18.120001,3.852000,5.053000,78.379997,110.709999
2024-08-14,53342.253906,24.760000,46.086399,43.158001,12.668000,37.224998,39.759998,16.190001,3.820000,5.063000,78.519997,111.199997
2024-08-15,52458.488281,25.070000,46.916901,43.476002,12.830000,38.645000,40.689999,15.230000,3.926000,5.080000,78.589996,110.860001
2024-08-16,53387.210938,25.139999,47.102100,43.964001,12.730000,38.595001,40.735001,14.800000,3.892000,5.075000,78.839996,111.190002
2024-08-17,53917.390625,25.139999,47.102100,43.964001,12.730000,38.595001,40.735001,14.800000,3.892000,5.075000,78.839996,111.190002
2024-08-18,53048.171875,25.139999,47.102100,43.964001,12.730000,38.595001,40.735001,14.800000,3.892000,5.075000,78.839996,111.190002
2024-08-19,53667.257813,25.334999,47.235500,43.958000,12.808000,38.450001,40.724998,14.650000,3.867000,5.063000,78.970001,111.449997
2024-08-20,53032.375000,25.205000,47.004501,44.000000,12.694000,38.700001,40.895000,15.880000,3.818000,5.033000,78.900002,111.739998
2024-08-21,54840.195313,25.200001,47.143299,43.785999,12.806000,38.759998,40.869999,16.270000,3.778000,5.005000,79.080002,111.989998
2024-08-22,54319.144531,25.025000,46.892200,43.363998,12.578000,38.570000,40.855000,17.549999,3.862000,5.025000,78.980003,111.529999
2024-08-23,57213.828125,25.174999,47.164398,43.712002,13.250000,38.314999,40.514999,15.860000,3.807000,5.000000,79.400002,112.169998
2024-08-24,57338.539063,25.174999,47.164398,43.712002,13.250000,38.314999,40.514999,15.860000,3.807000,5.000000,79.400002,112.169998
2024-08-25,57494.308594,25.174999,47.164398,43.712002,13.250000,38.314999,40.514999,15.860000,3.807000,5.000000,79.400002,112.169998
2024-08-26,56321.136719,25.174999,47.075199,43.748001,13.330000,37.599998,40.259998,16.150000,3.818000,4.998000,79.239998,112.029999
2024-08-27,53237.335938,25.090000,47.188202,43.818001,13.170000,37.590000,40.305000,15.430000,3.833000,4.968000,79.290001,111.940002
2024-08-28,53060.820313,25.125000,47.134499,43.821999,12.700000,37.264999,39.990002,17.110001,3.841000,4.955000,79.250000,111.709999
2024-08-29,53598.011719,25.325001,47.402901,44.223999,12.760000,38.200001,40.680000,15.650000,3.867000,4.965000,79.330002,111.519997
2024-08-30,53448.023438,25.375000,47.792198,44.071999,12.756000,37.855000,40.419998,15.000000,3.911000,4.968000,79.339996,111.209999
2024-08-31,53315.746094,25.375000,47.792198,44.071999,12.756000,37.855000,40.419998,15.000000,3.911000,4.968000,79.339996,111.209999
2024-09-01,51903.128906,25.375000,47.792198,44.071999,12.756000,37.855000,40.419998,15.000000,3.911000,4.968000,79.339996,111.209999
2024-09-02,53412.144531,25.240000,47.767300,43.939999,12.792000,38.389999,40.759998,15.000000,3.911000,4.968000,79.339996,111.209999
2024-09-03,51982.253906,24.934999,47.050701,43.728001,12.088000,36.330002,39.990002,20.719999,3.844000,4.970000,78.680000,111.139999
2024-09-04,52321.113281,24.790001,46.641899,43.756001,12.190000,35.619999,39.415001,21.320000,3.768000,4.948000,78.970001,111.830002
2024-09-05,50542.585938,24.719999,46.534698,44.006001,11.888000,35.070000,39.119999,19.900000,3.731000,4.932000,79.239998,112.379997
2024-09-06,48645.589844,24.389999,45.728699,44.060001,11.366000,33.650002,38.380001,22.379999,3.710000,4.908000,79.139999,112.330002
2024-09-07,48817.757813,24.389999,45.728699,44.060001,11.366000,33.650002,38.380001,22.379999,3.710000,4.908000,79.139999,112.330002
2024-09-08,49466.160156,24.389999,45.728699,44.060001,11.366000,33.650002,38.380001,22.379999,3.710000,4.908000,79.139999,112.330002
2024-09-09,51668.250000,24.670000,46.416302,43.972000,11.660000,34.130001,38.715000,19.450001,3.697000,4.895000,79.330002,112.580002
2024-09-10,52311.941406,24.455000,46.596001,44.414001,11.802000,34.424999,39.134998,19.080000,3.646000,4.835000,79.180000,112.889999
2024-09-11,52081.304688,24.420000,46.979500,44.386002,12.284000,34.994999,39.049999,17.690001,3.653000,4.875000,79.300003,112.940002
2024-09-12,52466.371094,24.860001,47.283298,44.976002,12.846000,36.470001,40.215000,17.070000,3.680000,4.840000,79.410004,112.860001
2024-09-13,54630.285156,25.049999,47.386799,45.251999,12.690000,36.880001,40.535000,16.559999,3.650000,4.763000,79.629997,113.209999
2024-09-14,54135.281250,25.049999,47.386799,45.251999,12.690000,36.880001,40.535000,16.559999,3.650000,4.763000,79.629997,113.209999
2024-09-15,53378.125000,25.049999,47.386799,45.251999,12.690000,36.880001,40.535000,16.559999,3.650000,4.763000,79.629997,113.209999
2024-09-16,52287.539063,25.030001,47.318199,45.116001,12.524000,36.200001,40.095001,17.139999,3.621000,4.745000,79.830002,113.709999
2024-09-17,54212.371094,25.100000,47.314201,44.891998,12.514000,36.740002,40.445000,17.610001,3.642000,4.735000,79.849998,113.720001
2024-09-18,55470.039063,24.930000,47.201500,44.984001,12.410000,36.320000,40.180000,18.230000,3.685000,4.615000,79.919998,113.250000
2024-09-19,56401.007813,25.235001,47.934299,45.070000,12.854000,37.660000,41.134998,16.330000,3.740000,4.593000,80.160004,113.349998
2024-09-20,56546.023438,25.150000,47.709301,45.638000,13.110000,36.895000,40.740002,16.150000,3.728000,4.545000,80.260002,113.449997
2024-09-21,56752.011719,25.150000,47.709301,45.638000,13.110000,36.895000,40.740002,16.150000,3.728000,4.545000,80.260002,113.449997
2024-09-22,57039.238281,25.150000,47.709301,45.638000,13.110000,36.895000,40.740002,16.150000,3.728000,4.545000,80.260002,113.449997
2024-09-23,56998.027344,25.405001,47.905800,45.925999,13.748000,37.110001,41.125000,15.890000,3.739000,4.503000,80.110001,113.290001
2024-09-24,57458.117188,25.660000,48.006302,46.085999,14.198000,37.544998,41.115002,15.390000,3.736000,4.495000,80.120003,113.480003
2024-09-25,56733.800781,25.660000,47.834000,46.320000,14.244000,38.049999,41.279999,15.410000,3.781000,4.487000,80.029999,112.809998
2024-09-26,58317.265625,26.040001,48.175098,46.481998,14.498000,38.660000,41.240002,15.370000,3.791000,4.468000,80.160004,112.809998
2024-09-27,58891.523438,25.950001,48.232101,46.174000,14.364000,38.570000,41.320000,16.959999,3.749000,4.482000,80.360001,113.260002
2024-09-28,58994.921875,25.950001,48.232101,46.174000,14.364000,38.570000,41.320000,16.959999,3.749000,4.482000,80.360001,113.260002
2024-09-29,58764.406250,25.950001,48.232101,46.174000,14.364000,38.570000,41.320000,16.959999,3.749000,4.482000,80.360001,113.260002
2024-09-30,56865.964844,25.360001,48.259701,45.917999,14.050000,38.160000,41.310001,16.730000,3.802000,4.498000,80.300003,112.980003
2024-10-01,54983.457031,25.360001,48.246201,46.804001,14.382000,37.520000,41.055000,19.260000,3.743000,4.482000,79.870003,113.110001
2024-10-02,54892.132813,25.440001,48.325600,46.653999,14.860000,38.330002,41.435001,18.900000,3.785000,4.473000,79.879997,112.860001
2024-10-03,55060.414063,25.090000,48.272499,46.826000,14.942000,38.505001,41.474998,20.490000,3.850000,4.465000,79.690002,112.129997
2024-10-04,56525.160156,25.264999,48.784801,47.110001,15.100000,38.840000,41.724998,19.209999,3.981000,4.505000,79.599998,111.519997
2024-10-05,56537.925781,25.264999,48.784801,47.110001,15.100000,38.840000,41.724998,19.209999,3.981000,4.505000,79.599998,111.519997
2024-10-06,57261.046875,25.264999,48.784801,47.110001,15.100000,38.840000,41.724998,19.209999,3.981000,4.505000,79.599998,111.519997
2024-10-07,56710.355469,25.309999,48.498199,46.931999,14.996000,39.200001,41.924999,22.639999,4.026000,4.525000,79.260002,110.949997
2024-10-08,56609.617188,25.424999,48.726501,46.298000,14.806000,39.445000,42.110001,21.420000,4.033000,4.528000,79.449997,111.169998
2024-10-09,55368.101563,25.620001,49.116100,46.377998,14.822000,40.005001,42.544998,20.860001,4.067000,4.535000,79.400002,110.949997
2024-10-10,55127.660156,25.350000,49.161499,46.636002,14.830000,40.200001,42.709999,20.930000,4.096000,4.530000,79.360001,110.830002
2024-10-11,57063.382813,25.660000,49.347599,47.188000,14.892000,40.279999,42.610001,20.459999,4.073000,4.515000,79.570000,110.809998
2024-10-12,57746.859375,25.660000,49.347599,47.188000,14.892000,40.279999,42.610001,20.459999,4.073000,4.515000,79.570000,110.809998
2024-10-13,57437.484375,25.660000,49.347599,47.188000,14.892000,40.279999,42.610001,20.459999,4.073000,4.515000,79.570000,110.809998
2024-10-14,60539.996094,25.715000,49.764099,47.160000,15.100000,41.000000,43.025002,19.700001,4.098000,4.518000,79.610001,110.820000
2024-10-15,61600.117188,25.620001,49.488300,47.486000,15.228000,39.174999,42.755001,20.639999,4.038000,4.515000,79.589996,111.360001
2024-10-16,62262.730469,25.865000,49.687901,47.801998,16.389999,38.654999,42.650002,19.580000,4.016000,4.503000,79.730003,111.709999
2024-10-17,62239.027344,26.084999,49.959000,48.334000,16.912001,39.759998,43.154999,19.110001,4.096000,4.515000,79.610001,110.879997
2024-10-18,62946.570313,25.825001,50.027100,48.624001,16.936001,39.305000,43.145000,18.030001,4.073000,4.513000,79.800003,110.750000
2024-10-19,62876.625000,25.825001,50.027100,48.624001,16.936001,39.305000,43.145000,18.030001,4.073000,4.513000,79.800003,110.750000
2024-10-20,63490.238281,25.825001,50.027100,48.624001,16.936001,39.305000,43.145000,18.030001,4.073000,4.513000,79.800003,110.750000
2024-10-21,62288.855469,25.665001,49.960999,48.894001,17.164000,38.994999,43.040001,18.370001,4.182000,4.518000,79.480003,109.620003
2024-10-22,62396.125000,25.549999,49.956600,49.304001,16.798000,39.084999,43.299999,18.200001,4.204000,4.500000,79.370003,109.610001
2024-10-23,61624.300781,25.555000,49.665600,48.967999,16.540001,39.099998,43.105000,19.240000,4.242000,4.505000,79.129997,109.239998
2024-10-24,62971.476563,25.340000,49.692001,49.181999,16.282000,39.029999,43.084999,19.080000,4.200000,4.487000,79.360001,109.570000
2024-10-25,61702.476563,25.490000,49.517899,49.226002,16.474001,39.865002,43.645000,20.330000,4.232000,4.510000,79.279999,109.309998
2024-10-26,62047.167969,25.490000,49.517899,49.226002,16.474001,39.865002,43.645000,20.330000,4.232000,4.510000,79.279999,109.309998
2024-10-27,62920.054688,25.490000,49.517899,49.226002,16.474001,39.865002,43.645000,20.330000,4.232000,4.510000,79.279999,109.309998
2024-10-28,64624.406250,25.490000,49.721199,49.310001,16.570000,39.314999,43.450001,19.799999,4.278000,4.482000,79.480003,109.220001
2024-10-29,67210.609375,25.389999,49.855099,49.796001,16.412001,40.014999,43.665001,19.340000,4.274000,4.480000,79.500000,109.349998
2024-10-30,66622.257813,25.115000,49.405399,49.869999,16.238001,39.084999,43.520000,20.350000,4.266000,4.463000,79.360001,109.209999
2024-10-31,64512.308594,24.844999,48.625000,49.040001,15.836000,37.580002,42.340000,23.160000,4.284000,4.432000,79.139999,108.989998
2024-11-01,63918.382813,25.075001,48.831200,49.175999,16.066000,38.325001,42.744999,21.879999,4.361000,4.400000,78.750000,108.010002
2024-11-02,63717.242188,25.075001,48.831200,49.175999,16.066000,38.325001,42.744999,21.879999,4.361000,4.400000,78.750000,108.010002
2024-11-03,63222.648438,25.075001,48.831200,49.175999,16.066000,38.325001,42.744999,21.879999,4.361000,4.400000,78.750000,108.010002
2024-11-04,62362.378906,25.020000,48.556301,48.858002,15.306000,38.080002,42.384998,21.980000,4.309000,4.418000,78.970001,108.809998
2024-11-05,63434.734375,25.260000,49.032101,48.734001,15.414000,38.299999,42.645000,20.490000,4.289000,4.423000,79.190002,109.330002
2024-11-06,70484.195313,25.280001,50.575401,48.358002,15.634000,39.445000,44.415001,16.270000,4.426000,4.430000,79.330002,108.190002
2024-11-07,70311.351563,25.415001,50.707401,48.546001,16.290001,40.415001,44.935001,15.200000,4.341000,4.420000,79.669998,109.470001
2024-11-08,71381.031250,25.365000,51.062901,48.678001,16.299999,40.505001,45.325001,14.940000,4.306000,4.423000,79.800003,109.849998
2024-11-09,71632.070313,25.365000,51.062901,48.678001,16.299999,40.505001,45.325001,14.940000,4.306000,4.423000,79.800003,109.849998
2024-11-10,75115.976563,25.365000,51.062901,48.678001,16.299999,40.505001,45.325001,14.940000,4.306000,4.423000,79.800003,109.849998
2024-11-11,83185.054688,25.205000,51.602299,47.750000,16.010000,39.849998,45.660000,14.970000,4.308000,4.415000,79.709999,109.639999
2024-11-12,82847.250000,24.934999,51.490700,47.667999,15.748000,39.705002,45.794998,14.710000,4.432000,4.423000,79.389999,108.650002
2024-11-13,85732.570313,24.860001,51.505798,47.638000,16.153999,39.275002,45.875000,14.020000,4.451000,4.390000,79.410004,108.239998
2024-11-14,82875.171875,24.870001,51.376202,47.338001,16.150000,39.595001,45.785000,14.310000,4.418000,4.383000,79.239998,108.209999
2024-11-15,86355.343750,24.870001,51.006100,47.265999,16.142000,38.270000,44.724998,16.139999,4.428000,4.393000,79.230003,108.260002
2024-11-16,85882.218750,24.870001,51.006100,47.265999,16.142000,38.270000,44.724998,16.139999,4.428000,4.393000,79.230003,108.260002
2024-11-17,85271.437500,24.870001,51.006100,47.265999,16.142000,38.270000,44.724998,16.139999,4.428000,4.393000,79.230003,108.260002
2024-11-18,85461.031250,25.049999,51.032001,48.015999,16.945999,38.395000,44.970001,15.580000,4.414000,4.403000,79.379997,108.459999
2024-11-19,87057.570313,25.055000,51.157398,48.236000,16.986000,38.320000,44.880001,16.350000,4.379000,4.408000,79.500000,108.690002
2024-11-20,89452.804688,25.014999,51.394001,49.000000,16.920000,38.070000,44.904999,17.160000,4.406000,4.410000,79.480003,108.430000
2024-11-21,94091.023438,25.145000,51.731098,49.428001,17.195999,38.880001,45.445000,16.870001,4.432000,4.413000,79.510002,108.300003
2024-11-22,95022.906250,25.510000,52.407101,50.529999,17.632000,39.105000,45.869999,15.240000,4.410000,4.415000,79.489998,108.400002
2024-11-23,93854.164063,25.510000,52.407101,50.529999,17.632000,39.105000,45.869999,15.240000,4.410000,4.415000,79.489998,108.400002
2024-11-24,93529.593750,25.510000,52.407101,50.529999,17.632000,39.105000,45.869999,15.240000,4.410000,4.415000,79.489998,108.400002
2024-11-25,89146.750000,25.605000,52.233601,48.930000,17.274000,39.250000,45.834999,14.600000,4.265000,4.405000,79.790001,109.750000
2024-11-26,87675.343750,25.395000,52.380402,48.779999,17.216000,38.705002,45.939999,14.100000,4.302000,4.395000,79.639999,109.470001
2024-11-27,90855.117188,24.945000,51.910999,48.570000,16.944000,37.455002,45.095001,14.100000,4.242000,4.385000,79.879997,109.870003
2024-11-28,90577.812500,24.809999,52.018600,48.664001,16.900000,38.474998,45.509998,14.100000,4.242000,4.385000,79.879997,109.870003
2024-11-29,92119.851563,25.180000,52.266201,49.040001,17.336000,38.744999,45.715000,13.510000,4.178000,4.373000,80.040001,110.550003
2024-11-30,91178.882813,25.180000,52.266201,49.040001,17.336000,38.744999,45.715000,13.510000,4.178000,4.373000,80.040001,110.550003
2024-12-01,92260.445313,25.180000,52.266201,49.040001,17.336000,38.744999,45.715000,13.510000,4.178000,4.373000,80.040001,110.550003
2024-12-02,91292.335938,25.370001,52.832401,48.952000,16.916000,39.759998,46.465000,13.340000,4.196000,4.380000,79.650002,110.339996
2024-12-03,91343.656250,25.245001,52.769199,48.900002,16.806000,39.665001,46.470001,13.300000,4.223000,4.357000,79.650002,109.949997
2024-12-04,93955.835938,25.410000,52.979000,48.962002,16.886000,40.134998,46.869999,13.450000,4.180000,4.345000,79.839996,110.480003
2024-12-05,91242.093750,25.559999,52.743500,48.514000,16.629999,39.639999,46.880001,13.540000,4.180000,4.330000,79.769997,110.449997
2024-12-06,94482.132813,25.395000,52.886200,48.548000,16.750000,39.380001,47.099998,12.770000,4.151000,4.295000,79.900002,110.699997
2024-12-07,94530.375000,25.395000,52.886200,48.548000,16.750000,39.380001,47.099998,12.770000,4.151000,4.295000,79.900002,110.699997
2024-12-08,95815.531250,25.395000,52.886200,48.548000,16.750000,39.380001,47.099998,12.770000,4.151000,4.295000,79.900002,110.699997
2024-12-09,92316.531250,25.344999,52.509800,48.995998,16.158001,39.139999,46.794998,14.190000,4.199000,4.293000,79.800003,110.419998
2024-12-10,91798.156250,25.475000,52.659401,49.734001,15.946000,38.555000,47.064999,14.180000,4.221000,4.285000,79.839996,110.250000
2024-12-11,96304.992188,25.660000,53.089001,50.255001,16.076000,39.160000,47.740002,13.580000,4.271000,4.255000,79.860001,109.949997
2024-12-12,95515.953125,25.459999,52.942501,49.627998,16.129999,38.930000,47.619999,13.920000,4.324000,4.223000,79.639999,109.330002
2024-12-13,96576.125000,25.615000,52.748901,49.264000,15.738000,39.950001,47.750000,13.810000,4.399000,4.218000,79.410004,108.720001
2024-12-14,96527.335938,25.615000,52.748901,49.264000,15.738000,39.950001,47.750000,13.810000,4.399000,4.218000,79.410004,108.720001
2024-12-15,99243.023438,25.615000,52.748901,49.264000,15.738000,39.950001,47.750000,13.810000,4.399000,4.218000,79.410004,108.720001
2024-12-16,100818.992188,25.570000,52.796902,49.063999,15.342000,40.730000,48.320000,14.690000,4.397000,4.228000,79.559998,108.860001
2024-12-17,101138.937500,25.340000,52.631500,48.835999,15.018000,40.669998,48.430000,15.870000,4.385000,4.240000,79.389999,108.870003
2024-12-18,96653.937500,25.315001,51.498501,48.952000,15.312000,41.084999,48.465000,27.620001,4.494000,4.232000,78.169998,107.139999
2024-12-19,94061.507813,25.180000,51.620701,48.556000,15.054000,39.404999,47.294998,24.090000,4.570000,4.220000,78.089996,106.559998
2024-12-20,93712.257813,25.030001,51.904202,48.945999,15.112000,39.674999,47.544998,18.360001,4.524000,4.215000,78.580002,106.980003
2024-12-21,93216.445313,25.030001,51.904202,48.945999,15.112000,39.674999,47.544998,18.360001,4.524000,4.215000,78.580002,106.980003
2024-12-22,91152.851563,25.030001,51.904202,48.945999,15.112000,39.674999,47.544998,18.360001,4.524000,4.215000,78.580002,106.980003
2024-12-23,91006.070313,25.110001,52.247200,48.830002,15.010000,40.215000,47.404999,16.780001,4.599000,4.215000,78.370003,106.669998
2024-12-24,94839.867188,25.110001,52.247200,48.830002,15.010000,40.215000,47.404999,14.270000,4.591000,4.200000,78.620003,107.000000
2024-12-25,95487.593750,25.110001,52.247200,48.830002,15.010000,40.215000,47.404999,14.270000,4.591000,4.200000,78.620003,107.000000
2024-12-26,91917.906250,25.110001,52.247200,48.830002,15.010000,40.215000,47.404999,14.730000,4.579000,4.215000,78.820000,107.099998
2024-12-27,90321.710938,24.875000,52.238602,48.820000,14.968000,40.325001,47.365002,15.950000,4.619000,4.178000,78.550003,106.650002
2024-12-28,91258.117188,24.875000,52.238602,48.820000,14.968000,40.325001,47.365002,15.950000,4.619000,4.178000,78.550003,106.650002
2024-12-29,89674.539063,24.875000,52.238602,48.820000,14.968000,40.325001,47.365002,15.950000,4.619000,4.178000,78.550003,106.650002
2024-12-30,89031.242188,24.750000,51.941200,48.745998,14.746000,39.939999,46.924999,17.400000,4.545000,4.182000,78.660004,107.110001
2024-12-31,90269.890625,24.750000,51.941200,48.745998,14.746000,39.939999,46.924999,17.350000,4.573000,4.208000,78.650002,106.839996
2025-01-01,91219.304688,24.750000,51.941200,48.745998,14.746000,39.939999,46.924999,17.350000,4.573000,4.208000,78.650002,106.839996
2025-01-02,94359.000000,25.360001,52.251099,50.365002,15.500000,40.750000,47.509998,17.930000,4.575000,4.208000,78.839996,106.849998
2025-01-03,95134.476563,25.344999,52.671902,49.858002,15.716000,40.985001,47.634998,16.129999,4.596000,4.193000,78.959999,106.599998
2025-01-04,95268.609375,25.344999,52.671902,49.858002,15.716000,40.985001,47.634998,16.129999,4.596000,4.193000,78.959999,106.599998
2025-01-05,95402.578125,25.344999,52.671902,49.858002,15.716000,40.985001,47.634998,16.129999,4.596000,4.193000,78.959999,106.599998
2025-01-06,98308.648438,25.600000,52.499100,49.312000,16.528000,42.615002,48.064999,16.040001,4.618000,4.190000,79.099998,106.330002
2025-01-07,93722.125000,25.424999,52.194599,49.700001,16.010000,42.115002,47.410000,17.820000,4.683000,4.203000,78.839996,105.839996
2025-01-08,92158.953125,25.305000,52.539902,50.270000,15.352000,41.584999,47.430000,17.700001,4.693000,4.205000,78.940002,106.010002
2025-01-09,89819.570313,25.395000,52.544601,50.384998,15.422000,41.520000,47.480000,17.700001,4.693000,4.205000,78.940002,106.010002
2025-01-10,92333.070313,25.129999,52.070000,51.139999,15.286000,40.845001,46.785000,19.540001,4.776000,4.213000,78.529999,105.400002
2025-01-11,92219.640625,25.129999,52.070000,51.139999,15.286000,40.845001,46.785000,19.540001,4.776000,4.213000,78.529999,105.400002
2025-01-12,92246.039063,25.129999,52.070000,51.139999,15.286000,40.845001,46.785000,19.540001,4.776000,4.213000,78.529999,105.400002
2025-01-13,92086.507813,24.924999,52.264301,50.770000,15.086000,40.560001,46.619999,19.190001,4.803000,4.218000,78.510002,105.099998
2025-01-14,93666.304688,24.875000,51.875301,50.490002,15.226000,40.400002,46.525002,18.709999,4.788000,4.213000,78.610001,105.220001
2025-01-15,97625.945313,25.230000,52.695599,50.770000,15.450000,41.360001,47.424999,16.120001,4.653000,4.205000,79.300003,106.480003
2025-01-16,96836.125000,25.309999,52.756001,51.310001,15.310000,42.185001,47.494999,16.600000,4.606000,4.195000,79.389999,106.690002
2025-01-17,101394.828125,25.450001,53.190498,51.255001,15.692000,42.549999,48.049999,15.970000,4.609000,4.193000,79.459999,106.779999
2025-01-18,101663.179688,25.450001,53.190498,51.255001,15.692000,42.549999,48.049999,15.970000,4.609000,4.193000,79.459999,106.779999
2025-01-19,98330.671875,25.450001,53.190498,51.255001,15.692000,42.549999,48.049999,15.970000,4.609000,4.193000,79.459999,106.779999
2025-01-20,97881.210938,25.395000,52.829700,50.570000,15.530000,42.680000,47.830002,15.970000,4.609000,4.193000,79.459999,106.779999
2025-01-21,101996.046875,25.270000,53.231201,51.165001,15.876000,42.654999,47.595001,15.060000,4.574000,4.197000,79.669998,107.400002
2025-01-22,99589.351563,25.639999,53.419998,51.480000,16.542000,43.730000,48.520000,15.100000,4.599000,4.215000,79.559998,107.059998
2025-01-23,99811.539063,25.665001,53.789501,51.380001,17.170000,43.000000,48.240002,15.020000,4.638000,4.213000,79.660004,106.910004
2025-01-24,99794.859375,25.580000,53.183899,51.340000,17.063999,42.505001,47.994999,14.850000,4.626000,4.205000,79.750000,107.120003
2025-01-25,99704.468750,25.580000,53.183899,51.340000,17.063999,42.505001,47.994999,14.850000,4.626000,4.205000,79.750000,107.120003
2025-01-26,98096.289063,25.580000,53.183899,51.340000,17.063999,42.505001,47.994999,14.850000,4.626000,4.205000,79.750000,107.120003
2025-01-27,97807.156250,24.715000,52.675201,50.735001,15.376000,38.595001,46.310001,17.900000,4.528000,4.188000,79.809998,107.860001
2025-01-28,97179.671875,24.895000,53.375999,51.384998,14.970000,38.415001,47.064999,16.410000,4.551000,4.190000,79.779999,107.709999
2025-01-29,99479.070313,25.145000,53.289902,51.334999,15.632000,39.150002,47.310001,16.559999,4.555000,4.188000,79.730003,107.570000
2025-01-30,100736.093750,25.400000,53.580200,52.080002,16.046000,39.965000,47.395000,15.840000,4.512000,4.182000,79.879997,107.809998
2025-01-31,98832.218750,25.500000,53.526199,52.465000,16.396000,41.174999,48.349998,16.430000,4.569000,4.188000,79.720001,107.459999
2025-02-01,97130.132813,25.500000,53.526199,52.465000,16.396000,41.174999,48.349998,16.430000,4.569000,4.188000,79.720001,107.459999
2025-02-02,95332.328125,25.500000,53.526199,52.465000,16.396000,41.174999,48.349998,16.430000,4.569000,4.188000,79.720001,107.459999
2025-02-03,98183.671875,25.330000,53.390400,53.235001,15.992000,40.099998,47.689999,18.620001,4.543000,4.190000,79.260002,107.239998
2025-02-04,94367.031250,25.420000,53.467701,53.220001,16.230000,40.075001,47.919998,17.209999,4.513000,4.213000,79.510002,107.449997
2025-02-05,92911.398438,25.375000,53.568199,53.555000,16.202000,40.255001,47.625000,15.770000,4.422000,4.210000,79.720001,108.199997
2025-02-06,93010.265625,25.485001,54.052200,53.419998,16.080000,40.610001,48.189999,15.500000,4.440000,4.213000,79.599998,108.000000
2025-02-07,93431.851563,25.485001,53.745899,53.880001,16.516001,40.345001,48.105000,16.540001,4.487000,4.228000,79.349998,107.529999
2025-02-08,93418.359375,25.485001,53.745899,53.880001,16.516001,40.345001,48.105000,16.540001,4.487000,4.228000,79.349998,107.529999
2025-02-09,93600.265625,25.485001,53.745899,53.880001,16.516001,40.345001,48.105000,16.540001,4.487000,4.228000,79.349998,107.529999
2025-02-10,94593.257813,25.674999,54.227299,54.755001,16.760000,41.070000,48.665001,15.810000,4.493000,4.228000,79.510002,107.559998
2025-02-11,92383.156250,25.580000,54.079399,54.564999,16.389999,41.205002,48.470001,16.020000,4.537000,4.225000,79.480003,107.320000
2025-02-12,94189.500000,25.344999,53.818100,54.305000,16.285999,40.520000,48.070000,15.890000,4.637000,4.228000,79.309998,106.739998
2025-02-13,92359.468750,25.370001,54.151199,54.320000,16.090000,41.005001,48.485001,15.100000,4.525000,4.213000,79.669998,107.570000
2025-02-14,92896.695313,25.139999,53.839199,53.529999,15.796000,40.750000,48.424999,14.770000,4.472000,4.213000,79.760002,107.989998
2025-02-15,93009.000000,25.139999,53.839199,53.529999,15.796000,40.750000,48.424999,14.770000,4.472000,4.213000,79.760002,107.989998
2025-02-16,91693.851563,25.139999,53.839199,53.529999,15.796000,40.750000,48.424999,14.770000,4.472000,4.213000,79.760002,107.989998
2025-02-17,91338.882813,25.405001,54.034302,53.740002,15.750000,40.965000,48.779999,14.770000,4.472000,4.213000,79.760002,107.989998
2025-02-18,91440.804688,25.405001,54.221699,54.430000,15.780000,41.299999,48.759998,15.350000,4.544000,4.213000,79.690002,107.550003
2025-02-19,92732.695313,25.600000,54.393902,54.610001,15.332000,41.805000,49.075001,15.270000,4.535000,4.218000,79.750000,107.610001
2025-02-20,93646.851563,25.465000,53.957401,54.645000,15.140000,41.520000,48.404999,15.660000,4.500000,4.205000,79.800003,107.870003
2025-02-21,91858.726563,25.580000,53.356998,54.615002,14.742000,41.285000,48.415001,18.209999,4.420000,4.197000,79.650002,108.250000
2025-02-22,92339.351563,25.580000,53.356998,54.615002,14.742000,41.285000,48.415001,18.209999,4.420000,4.197000,79.650002,108.250000
2025-02-23,91916.851563,25.580000,53.356998,54.615002,14.742000,41.285000,48.415001,18.209999,4.420000,4.197000,79.650002,108.250000
2025-02-24,87386.171875,25.225000,53.078899,54.599998,14.270000,40.285000,47.435001,18.980000,4.393000,4.190000,79.750000,108.529999
2025-02-25,84346.398438,24.885000,52.741600,53.630001,13.742000,38.660000,46.070000,19.430000,4.298000,4.182000,79.949997,109.360001
2025-02-26,80422.187500,25.135000,52.792500,53.845001,14.238000,39.669998,46.810001,19.100000,4.249000,4.193000,80.059998,109.589996
2025-02-27,81493.085938,24.825001,52.520599,53.639999,14.164000,38.990002,46.615002,21.129999,4.285000,4.195000,79.910004,109.129997
2025-02-28,81297.617188,24.209999,53.118198,53.215000,13.626000,37.884998,45.775002,19.629999,4.231000,4.193000,80.129997,109.610001
2025-03-01,82896.046875,24.209999,53.118198,53.215000,13.626000,37.884998,45.775002,19.629999,4.231000,4.193000,80.129997,109.610001
2025-03-02,90516.960938,24.209999,53.118198,53.215000,13.626000,37.884998,45.775002,19.629999,4.231000,4.193000,80.129997,109.610001
2025-03-03,82080.570313,24.285000,52.205700,53.509998,13.392000,37.685001,45.845001,22.780001,4.180000,4.193000,79.589996,109.540001
2025-03-04,82103.734375,23.850000,51.368401,53.700001,12.670000,35.910000,44.165001,23.510000,4.210000,4.195000,79.580002,109.180000
2025-03-05,83955.023438,23.830000,50.955799,52.860001,12.966000,35.634998,43.305000,21.930000,4.265000,4.205000,79.620003,108.830002
2025-03-06,83396.773438,23.870001,50.081200,52.314999,12.948000,35.404999,43.424999,24.870001,4.286000,4.197000,79.320000,108.489998
2025-03-07,80057.507813,23.535000,49.975899,52.220001,12.454000,34.705002,42.195000,23.370001,4.317000,4.197000,79.449997,108.320000
2025-03-08,79537.148438,23.535000,49.975899,52.220001,12.454000,34.705002,42.195000,23.370001,4.317000,4.197000,79.449997,108.320000
2025-03-09,74216.390625,23.535000,49.975899,52.220001,12.454000,34.705002,42.195000,23.370001,4.317000,4.197000,79.449997,108.320000
2025-03-10,72449.382813,23.365000,48.939999,52.035000,12.248000,34.395000,41.645000,27.860001,4.213000,4.185000,79.150002,108.690002
2025-03-11,75921.335938,23.135000,48.166000,51.875000,12.186000,33.775002,40.974998,26.920000,4.288000,4.195000,78.870003,107.980003
2025-03-12,76910.546875,23.405001,48.453400,52.310001,12.590000,34.880001,41.630001,24.230000,4.318000,4.197000,78.959999,107.660004
2025-03-13,74682.210938,23.340000,48.162899,53.320000,12.366000,34.735001,41.044998,24.660000,4.274000,4.188000,78.519997,108.000000
2025-03-14,76877.906250,23.674999,48.986198,53.349998,12.632000,35.465000,41.654999,21.770000,4.308000,4.188000,78.879997,107.949997
2025-03-15,77262.085938,23.674999,48.986198,53.349998,12.632000,35.465000,41.654999,21.770000,4.308000,4.188000,78.879997,107.949997
2025-03-16,75902.789063,23.674999,48.986198,53.349998,12.632000,35.465000,41.654999,21.770000,4.308000,4.188000,78.879997,107.949997
2025-03-17,77004.000000,23.815001,49.187199,53.294998,12.928000,35.590000,41.584999,20.510000,4.306000,4.188000,79.070000,108.169998
2025-03-18,75619.679688,23.764999,48.836102,53.915001,12.874000,35.490002,41.224998,21.700001,4.281000,4.195000,78.930000,108.430000
2025-03-19,79597.031250,23.915001,49.452301,54.209999,13.126000,35.794998,41.730000,19.900000,4.256000,4.190000,79.449997,109.070000
2025-03-20,77548.453125,24.055000,49.480400,54.389999,13.340000,35.855000,41.900002,19.799999,4.233000,4.182000,79.339996,108.910004
2025-03-21,77269.359375,24.200001,49.609001,54.130001,13.166000,35.564999,41.904999,19.280001,4.252000,4.185000,79.220001,108.760002
2025-03-22,77102.203125,24.200001,49.609001,54.130001,13.166000,35.564999,41.904999,19.280001,4.252000,4.185000,79.220001,108.760002
2025-03-23,79414.070313,24.200001,49.609001,54.130001,13.166000,35.564999,41.904999,19.280001,4.252000,4.185000,79.220001,108.760002
2025-03-24,80998.265625,24.469999,50.295399,54.185001,13.512000,36.724998,43.084999,17.480000,4.331000,4.182000,79.449997,108.290001
2025-03-25,81077.437500,24.430000,50.416100,54.369999,13.054000,36.424999,43.205002,17.150000,4.307000,4.182000,79.410004,108.400002
2025-03-26,80904.726563,24.299999,49.996601,54.369999,12.898000,35.430000,42.825001,18.330000,4.338000,4.190000,79.089996,107.959999
2025-03-27,80713.445313,24.315001,49.757000,54.959999,12.520000,34.645000,42.605000,18.690001,4.369000,4.188000,78.940002,107.830002
2025-03-28,77562.554688,23.865000,48.844601,55.345001,12.234000,33.590000,41.240002,21.650000,4.255000,4.188000,78.800003,108.480003
2025-03-29,75948.312500,23.865000,48.844601,55.345001,12.234000,33.590000,41.240002,21.650000,4.255000,4.188000,78.800003,108.480003
2025-03-30,76068.453125,23.865000,48.844601,55.345001,12.234000,33.590000,41.240002,21.650000,4.255000,4.188000,78.800003,108.480003
2025-03-31,76306.070313,23.584999,48.863098,56.064999,11.946000,33.044998,40.715000,22.280001,4.246000,4.193000,78.889999,108.690002
2025-04-01,78896.289063,23.924999,49.108398,56.230000,12.072000,33.549999,41.445000,21.770000,4.156000,4.200000,78.690002,108.660004
2025-04-02,75638.078125,23.815001,49.156300,55.990002,11.980000,33.674999,41.514999,21.510000,4.196000,4.203000,78.849998,108.910004
2025-04-03,75249.031250,22.895000,46.223301,54.619999,11.422000,30.905001,39.049999,30.020000,4.055000,4.185000,77.870003,108.900002
2025-04-04,76502.109375,21.975000,44.042000,53.435001,10.586000,28.750000,37.369999,45.310001,3.985000,4.155000,76.760002,108.779999
2025-04-05,76192.789063,21.975000,44.042000,53.435001,10.586000,28.750000,37.369999,45.310001,3.985000,4.155000,76.760002,108.779999
2025-04-06,71222.343750,21.975000,44.042000,53.435001,10.586000,28.750000,37.369999,45.310001,3.985000,4.155000,76.760002,108.779999
2025-04-07,72589.625000,21.495001,43.515900,53.154999,10.594000,28.665001,36.500000,46.980000,4.155000,4.150000,76.099998,106.660004
2025-04-08,69481.531250,21.915001,43.395199,53.549999,10.902000,30.020000,37.939999,52.330002,4.262000,4.178000,75.750000,105.309998
2025-04-09,75397.695313,20.750000,45.668999,54.220001,10.294000,28.139999,35.959999,33.619999,4.400000,4.228000,77.779999,107.070000
2025-04-10,70715.500000,21.715000,44.563599,54.994999,10.918000,29.820000,37.785000,40.720001,4.394000,4.197000,76.510002,105.250000
2025-04-11,73475.828125,21.815001,44.556801,55.430000,11.038000,29.469999,37.279999,37.560001,4.493000,4.213000,76.739998,105.230003
2025-04-12,75089.929688,21.815001,44.556801,55.430000,11.038000,29.469999,37.279999,37.560001,4.493000,4.213000,76.739998,105.230003
2025-04-13,73775.843750,21.815001,44.556801,55.430000,11.038000,29.469999,37.279999,37.560001,4.493000,4.213000,76.739998,105.230003
2025-04-14,74560.132813,22.160000,44.992401,54.799999,11.422000,30.309999,38.224998,30.889999,4.364000,4.195000,77.120003,105.879997
2025-04-15,74074.078125,22.565001,45.264702,55.415001,11.522000,30.754999,38.584999,30.120001,4.323000,4.200000,77.330002,106.449997
2025-04-16,73748.710938,22.264999,44.354000,56.709999,11.606000,29.570000,37.744999,32.639999,4.279000,4.208000,77.320000,106.900002
2025-04-17,74650.617188,22.350000,44.552200,56.290001,11.382000,28.955000,37.040001,29.650000,4.333000,4.205000,77.769997,106.750000
2025-04-18,74259.367188,22.350000,44.552200,56.290001,11.382000,28.955000,37.040001,29.650000,4.333000,4.205000,77.769997,106.750000
2025-04-19,74798.046875,22.350000,44.552200,56.290001,11.382000,28.955000,37.040001,29.650000,4.333000,4.205000,77.769997,106.750000
2025-04-20,74400.437500,22.350000,44.552200,56.290001,11.382000,28.955000,37.040001,29.650000,4.333000,4.205000,77.769997,106.750000
2025-04-21,76009.820313,22.350000,44.552200,56.290001,11.382000,28.955000,37.040001,33.820000,4.405000,4.210000,77.309998,105.599998
2025-04-22,82320.718750,22.350000,44.247398,57.869999,11.220000,28.594999,36.654999,30.570000,4.389000,4.213000,77.610001,105.860001
2025-04-23,82702.210938,22.700001,45.388000,55.970001,11.818000,30.170000,38.160000,28.450001,4.387000,4.208000,78.000000,106.330002
2025-04-24,82604.304688,22.950001,46.044899,56.889999,12.182000,31.245001,38.735001,26.469999,4.305000,4.197000,78.699997,107.419998
2025-04-25,83050.929688,22.855000,46.355900,55.990002,12.194000,31.504999,39.060001,24.840000,4.266000,4.193000,78.769997,107.989998
2025-04-26,83071.609375,22.855000,46.355900,55.990002,12.194000,31.504999,39.060001,24.840000,4.266000,4.193000,78.769997,107.989998
2025-04-27,82643.679688,22.855000,46.355900,55.990002,12.194000,31.504999,39.060001,24.840000,4.266000,4.193000,78.769997,107.989998
2025-04-28,83247.546875,23.000000,46.443501,56.744999,12.198000,31.290001,39.035000,25.150000,4.216000,4.193000,78.809998,108.239998
2025-04-29,82776.671875,23.094999,46.666901,56.435001,12.538000,31.495001,39.340000,24.170000,4.173000,4.190000,79.019997,108.489998
2025-04-30,83206.062500,23.280001,46.840199,56.674999,12.510000,31.450001,39.389999,24.700001,4.177000,4.190000,78.599998,107.980003
2025-05-01,85401.414063,23.280001,46.840199,56.674999,12.510000,31.450001,39.389999,24.600000,4.231000,4.185000,78.300003,107.169998
2025-05-02,85741.179688,24.004999,47.725899,55.549999,12.948000,32.980000,40.880001,22.680000,4.322000,4.208000,78.540001,106.910004
2025-05-03,84840.265625,24.004999,47.725899,55.549999,12.948000,32.980000,40.880001,22.680000,4.322000,4.208000,78.540001,106.910004
2025-05-04,83307.414063,24.004999,47.725899,55.549999,12.948000,32.980000,40.880001,22.680000,4.322000,4.208000,78.540001,106.910004
2025-05-05,83756.992188,24.410000,47.638199,56.900002,12.884000,32.919998,40.764999,23.639999,4.343000,4.208000,78.510002,106.760002
2025-05-06,85362.750000,24.025000,47.367401,58.200001,12.838000,32.505001,40.419998,24.760000,4.308000,4.210000,78.449997,106.970001
2025-05-07,85846.242188,23.895000,47.397701,58.014999,13.296000,32.494999,40.134998,23.549999,4.275000,4.215000,78.519997,107.190002
2025-05-08,91947.875000,23.905001,47.916500,57.634998,13.560000,33.785000,41.240002,22.480000,4.373000,4.215000,78.500000,106.650002
2025-05-09,91525.640625,24.084999,48.012600,57.650002,13.522000,33.814999,41.150002,21.900000,4.375000,4.215000,78.550003,106.610001
2025-05-10,93059.328125,24.084999,48.012600,57.650002,13.522000,33.814999,41.150002,21.900000,4.375000,4.215000,78.550003,106.610001
2025-05-11,92717.742188,24.084999,48.012600,57.650002,13.522000,33.814999,41.150002,21.900000,4.375000,4.215000,78.550003,106.610001
2025-05-12,92655.132813,24.889999,49.772999,56.619999,13.884000,36.375000,43.060001,18.389999,4.457000,4.280000,79.330002,106.589996
2025-05-13,93123.539063,24.820000,49.935398,56.514999,14.114000,37.404999,43.810001,18.219999,4.499000,4.285000,79.470001,106.680000
2025-05-14,92590.328125,24.930000,49.811199,55.200001,14.364000,37.584999,43.904999,18.620001,4.528000,4.285000,79.180000,106.139999
2025-05-15,92694.906250,25.049999,50.093102,55.860001,14.198000,37.485001,44.049999,17.830000,4.455000,4.258000,79.330002,106.900002
2025-05-16,92715.125000,25.090000,50.517300,55.455002,14.194000,37.395000,44.240002,17.240000,4.441000,4.237000,79.419998,107.099998
2025-05-17,92447.960938,25.090000,50.517300,55.455002,14.194000,37.395000,44.240002,17.240000,4.441000,4.237000,79.419998,107.099998
2025-05-18,95134.523438,25.090000,50.517300,55.455002,14.194000,37.395000,44.240002,17.240000,4.441000,4.237000,79.419998,107.099998
2025-05-19,94018.968750,24.834999,50.237301,55.805000,14.060000,36.884998,43.814999,18.139999,4.475000,4.240000,79.379997,107.110001
2025-05-20,94601.421875,24.820000,50.118000,56.584999,14.176000,36.814999,43.810001,18.090000,4.481000,4.248000,79.339996,106.849998
2025-05-21,96784.867188,24.719999,49.282398,56.755001,14.498000,36.994999,43.669998,20.870001,4.596000,4.235000,78.809998,105.660004
2025-05-22,98980.609375,24.629999,49.410999,56.674999,14.422000,36.275002,43.375000,20.280001,4.553000,4.232000,78.970001,106.199997
2025-05-23,94362.085938,24.580000,48.924900,57.535000,15.930000,35.340000,42.610001,22.290001,4.509000,4.230000,78.949997,106.279999
2025-05-24,94804.804688,24.580000,48.924900,57.535000,15.930000,35.340000,42.610001,22.290001,4.509000,4.230000,78.949997,106.279999
2025-05-25,95857.367188,24.580000,48.924900,57.535000,15.930000,35.340000,42.610001,22.290001,4.509000,4.230000,78.949997,106.279999
2025-05-26,96092.804688,24.670000,48.898602,56.990002,16.538000,35.959999,43.055000,22.290001,4.509000,4.230000,78.949997,106.279999
2025-05-27,96136.000000,24.615000,49.797001,56.474998,16.792000,36.590000,43.465000,18.959999,4.434000,4.203000,79.430000,107.239998
2025-05-28,95999.046875,24.799999,49.666801,56.720001,17.098000,36.669998,43.740002,19.309999,4.477000,4.225000,79.379997,106.980003
2025-05-29,92856.468750,24.605000,49.677502,56.660000,16.521999,36.520000,43.509998,19.180000,4.424000,4.230000,79.500000,107.459999
2025-05-30,91647.703125,24.450001,49.686401,56.320000,16.278000,35.830002,43.334999,18.570000,4.416000,4.232000,79.570000,107.769997
2025-05-31,92211.273438,24.450001,49.686401,56.320000,16.278000,35.830002,43.334999,18.570000,4.416000,4.232000,79.570000,107.769997
2025-06-01,93059.531250,24.450001,49.686401,56.320000,16.278000,35.830002,43.334999,18.570000,4.416000,4.232000,79.570000,107.769997
2025-06-02,92445.164063,24.325001,49.557899,57.305000,16.058001,35.674999,43.130001,18.360001,4.462000,4.232000,79.180000,107.070000
2025-06-03,92613.148438,24.594999,49.913700,57.215000,16.726000,36.840000,43.935001,17.690001,4.460000,4.235000,79.330002,107.120003
2025-06-04,91701.437500,24.625000,49.856701,57.355000,16.480000,37.205002,43.945000,17.610001,4.365000,4.240000,79.480003,107.900002
2025-06-05,88688.398438,24.934999,49.573002,56.935001,16.809999,37.700001,44.174999,18.480000,4.394000,4.232000,79.309998,107.570000
2025-06-06,91566.515625,24.969999,50.195499,56.825001,16.718000,37.735001,44.099998,16.770000,4.510000,4.232000,79.300003,106.919998
2025-06-07,92641.273438,24.969999,50.195499,56.825001,16.718000,37.735001,44.099998,16.770000,4.510000,4.232000,79.300003,106.919998
2025-06-08,92747.281250,24.969999,50.195499,56.825001,16.718000,37.735001,44.099998,16.770000,4.510000,4.232000,79.300003,106.919998
2025-06-09,96526.195313,25.110001,50.168999,56.639999,17.874001,38.139999,44.125000,17.160000,4.482000,4.240000,79.339996,107.239998
2025-06-10,96398.671875,25.225000,50.294800,56.625000,17.016001,38.540001,44.049999,16.950001,4.474000,4.250000,79.529999,107.500000
2025-06-11,94425.531250,25.344999,49.976501,56.480000,18.100000,38.970001,44.259998,17.260000,4.412000,4.250000,79.510002,107.839996
2025-06-12,91251.835938,25.129999,49.736698,56.849998,18.205999,38.450001,43.720001,18.020000,4.357000,4.258000,79.599998,108.440002
2025-06-13,91857.593750,24.764999,49.356800,57.470001,17.980000,37.970001,43.505001,20.820000,4.424000,4.240000,79.360001,107.790001
2025-06-14,91322.015625,24.764999,49.356800,57.470001,17.980000,37.970001,43.505001,20.820000,4.424000,4.240000,79.360001,107.790001
2025-06-15,91390.953125,24.764999,49.356800,57.470001,17.980000,37.970001,43.505001,20.820000,4.424000,4.240000,79.360001,107.790001
2025-06-16,92432.273438,25.165001,49.597900,57.095001,19.440001,38.575001,43.790001,19.110001,4.452000,4.248000,79.519997,107.599998
2025-06-17,91100.875000,24.900000,49.444302,56.990002,18.982000,38.709999,43.799999,21.600000,4.393000,4.218000,79.430000,107.970001
2025-06-18,91393.335938,24.905001,49.494900,57.134998,19.148001,38.689999,43.770000,20.139999,4.397000,4.223000,79.550003,108.050003
2025-06-19,90937.148438,24.655001,49.512100,57.049999,18.892000,38.080002,43.285000,20.139999,4.397000,4.223000,79.550003,108.050003
2025-06-20,89639.242188,24.809999,49.244701,56.775002,18.642000,38.235001,43.500000,20.620001,4.375000,4.195000,79.800003,108.139999
2025-06-21,88730.492188,24.809999,49.244701,56.775002,18.642000,38.235001,43.500000,20.620001,4.375000,4.195000,79.800003,108.139999
2025-06-22,87815.187500,24.809999,49.244701,56.775002,18.642000,38.235001,43.500000,20.620001,4.375000,4.195000,79.800003,108.139999
2025-06-23,91030.742188,24.670000,49.485802,56.994999,18.846001,38.310001,43.490002,19.830000,4.320000,4.158000,79.949997,108.410004
2025-06-24,91320.984375,25.260000,49.771400,55.389999,19.062000,39.505001,44.049999,17.480000,4.293000,4.182000,80.169998,108.919998
2025-06-25,91888.890625,25.320000,49.657299,55.555000,18.823999,39.790001,44.185001,16.760000,4.293000,4.188000,80.150002,108.790001
2025-06-26,91468.664063,25.385000,49.718201,55.130001,18.972000,39.955002,44.160000,16.590000,4.253000,4.193000,80.379997,109.190002
2025-06-27,91367.851563,25.389999,49.988098,54.270000,18.997999,40.325001,44.544998,16.320000,4.283000,4.197000,80.339996,109.010002
2025-06-28,91572.000000,25.389999,49.988098,54.270000,18.997999,40.325001,44.544998,16.320000,4.283000,4.197000,80.339996,109.010002
2025-06-29,92424.710938,25.389999,49.988098,54.270000,18.997999,40.325001,44.544998,16.320000,4.283000,4.197000,80.339996,109.010002
2025-06-30,90897.367188,25.290001,50.120098,54.410000,18.844000,40.064999,44.500000,16.730000,4.230000,4.190000,80.650002,109.610001
2025-07-01,89534.898438,25.344999,49.892300,55.095001,18.233999,39.435001,44.099998,16.830000,4.251000,4.225000,80.169998,109.339996
2025-07-02,92266.226563,25.450001,50.121700,55.105000,18.200001,40.240002,44.384998,16.639999,4.293000,4.223000,80.320000,109.320000
2025-07-03,93161.968750,25.770000,50.522099,54.959999,18.200001,40.805000,44.959999,16.379999,4.348000,4.240000,80.370003,109.059998
2025-07-04,91720.289063,25.510000,50.390800,54.945000,18.228001,40.325001,44.595001,16.379999,4.348000,4.240000,80.370003,109.059998
2025-07-05,91887.406250,25.510000,50.390800,54.945000,18.228001,40.325001,44.595001,16.379999,4.348000,4.240000,80.370003,109.059998
2025-07-06,92723.500000,25.510000,50.390800,54.945000,18.228001,40.325001,44.595001,16.379999,4.348000,4.240000,80.370003,109.059998
2025-07-07,92275.585938,25.469999,50.234798,54.980000,18.412001,40.209999,44.764999,17.790001,4.395000,4.245000,80.099998,108.410004
2025-07-08,92931.320313,25.540001,50.367298,54.674999,18.120001,40.855000,44.805000,16.809999,4.415000,4.250000,79.989998,108.099998
2025-07-09,94822.609375,25.570000,50.593700,54.884998,17.941999,40.849998,44.980000,15.940000,4.342000,4.245000,80.209999,108.720001
2025-07-10,99117.328125,25.639999,50.850498,55.230000,18.016001,41.529999,45.200001,15.780000,4.346000,4.240000,80.129997,108.739998
2025-07-11,100535.789063,25.540001,50.579102,55.840000,18.424000,41.395000,45.025002,16.400000,4.423000,4.237000,80.029999,108.080002
2025-07-12,100465.835938,25.540001,50.579102,55.840000,18.424000,41.395000,45.025002,16.400000,4.423000,4.237000,80.029999,108.080002
2025-07-13,101941.601563,25.540001,50.579102,55.840000,18.424000,41.395000,45.025002,16.400000,4.423000,4.237000,80.029999,108.080002
2025-07-14,102739.242188,25.485001,50.680199,55.639999,18.705999,41.099998,45.125000,17.200001,4.427000,4.228000,80.089996,108.050003
2025-07-15,101463.398438,25.795000,50.711899,55.715000,19.497999,42.290001,45.764999,17.379999,4.489000,4.232000,79.849998,107.660004
2025-07-16,102048.382813,25.615000,50.863400,55.959999,19.348000,40.555000,44.849998,17.160000,4.455000,4.225000,80.059998,107.830002
2025-07-17,102701.281250,26.110001,51.215199,55.889999,20.235001,42.070000,45.970001,16.520000,4.463000,4.235000,80.139999,108.089996
2025-07-18,101476.875000,25.910000,51.015800,55.889999,20.620001,41.669998,45.775002,16.410000,4.432000,4.230000,80.250000,108.290001
2025-07-19,101422.484375,25.910000,51.015800,55.889999,20.620001,41.669998,45.775002,16.410000,4.432000,4.230000,80.250000,108.290001
2025-07-20,100863.546875,25.910000,51.015800,55.889999,20.620001,41.669998,45.775002,16.410000,4.432000,4.230000,80.250000,108.290001
2025-07-21,100418.554688,25.975000,50.880699,56.365002,20.475000,41.810001,45.880001,16.650000,4.372000,4.223000,80.360001,108.709999
2025-07-22,102228.656250,25.625000,50.802799,56.674999,19.851999,40.785000,45.404999,16.500000,4.336000,4.230000,80.500000,108.970001
2025-07-23,100867.609375,25.865000,51.259201,56.520000,20.360001,40.474998,45.459999,15.370000,4.388000,4.240000,80.540001,108.800003
2025-07-24,100697.789063,25.705000,51.230999,55.669998,20.955000,40.650002,45.610001,15.390000,4.408000,4.245000,80.440002,108.639999
2025-07-25,100145.421875,25.635000,51.429001,55.150002,20.809999,40.709999,45.849998,14.930000,4.386000,4.245000,80.489998,108.989998
2025-07-26,100410.601563,25.635000,51.429001,55.150002,20.809999,40.709999,45.849998,14.930000,4.386000,4.245000,80.489998,108.989998
2025-07-27,101609.929688,25.635000,51.429001,55.150002,20.809999,40.709999,45.849998,14.930000,4.386000,4.245000,80.489998,108.989998
2025-07-28,101689.218750,25.735001,51.734600,55.424999,20.514999,41.715000,46.435001,15.030000,4.420000,4.235000,80.449997,108.769997
2025-07-29,102088.031250,25.920000,52.048901,55.974998,20.370001,42.380001,46.755001,15.980000,4.330000,4.230000,80.500000,109.489998
2025-07-30,103105.945313,26.049999,52.146599,55.705002,20.555000,42.895000,47.055000,15.480000,4.376000,4.232000,80.330002,109.080002
2025-07-31,101349.085938,26.040001,52.056000,55.980000,20.219999,42.325001,47.345001,16.719999,4.360000,4.235000,80.379997,109.110001
2025-08-01,97744.242188,25.575001,50.892899,56.299999,19.164000,40.805000,45.610001,20.379999,4.220000,4.182000,79.980003,109.629997
2025-08-02,97071.632813,25.575001,50.892899,56.299999,19.164000,40.805000,45.610001,20.379999,4.220000,4.182000,79.980003,109.629997
2025-08-03,98567.796875,25.575001,50.892899,56.299999,19.164000,40.805000,45.610001,20.379999,4.220000,4.182000,79.980003,109.629997
2025-08-04,99324.070313,25.719999,51.481701,56.665001,19.642000,41.439999,46.169998,17.520000,4.200000,4.153000,80.250000,109.820000
2025-08-05,98579.742188,25.760000,51.357101,56.759998,20.049999,40.974998,45.974998,17.850000,4.196000,4.150000,80.209999,109.900002
2025-08-06,98625.695313,25.629999,51.466702,56.314999,20.670000,40.529999,46.160000,16.770000,4.220000,4.133000,80.290001,109.870003
2025-08-07,100626.812500,26.020000,51.549500,56.564999,20.280001,41.485001,46.514999,16.570000,4.244000,4.138000,80.209999,109.760002
2025-08-08,100188.937500,25.895000,51.746498,56.514999,20.395000,41.590000,46.619999,15.150000,4.285000,4.133000,80.220001,109.410004
2025-08-09,100004.609375,25.895000,51.746498,56.514999,20.395000,41.590000,46.619999,15.150000,4.285000,4.133000,80.220001,109.410004
2025-08-10,102429.750000,25.895000,51.746498,56.514999,20.395000,41.590000,46.619999,15.150000,4.285000,4.133000,80.220001,109.410004
2025-08-11,102209.843750,26.075001,51.858501,56.080002,20.020000,42.345001,47.095001,16.250000,4.273000,4.143000,80.220001,109.580002
2025-08-12,102908.867188,26.105000,52.129799,55.735001,20.190001,42.505001,46.990002,14.730000,4.293000,4.130000,80.400002,109.680000
2025-08-13,105310.789063,26.170000,52.127701,55.625000,19.532000,42.660000,46.990002,14.490000,4.238000,4.110000,80.610001,110.260002
2025-08-14,101591.226563,26.059999,52.350601,55.724998,19.464001,42.955002,47.235001,14.830000,4.293000,4.112000,80.400002,109.879997
2025-08-15,100299.046875,25.985001,52.135700,55.435001,19.348000,42.105000,46.814999,15.090000,4.328000,4.112000,80.459999,109.739998
2025-08-16,100378.500000,25.985001,52.135700,55.435001,19.348000,42.105000,46.814999,15.090000,4.328000,4.112000,80.459999,109.739998
2025-08-17,100331.460938,25.985001,52.135700,55.435001,19.348000,42.105000,46.814999,15.090000,4.328000,4.112000,80.459999,109.739998
2025-08-18,99632.882813,26.139999,52.300999,55.490002,19.226000,42.185001,46.840000,14.990000,4.341000,4.123000,80.400002,109.540001
2025-08-19,96921.867188,26.030001,52.071602,55.369999,18.430000,41.994999,46.544998,15.570000,4.302000,4.110000,80.379997,109.709999
2025-08-20,98083.156250,25.830000,52.038700,55.654999,18.000000,40.985001,45.950001,15.690000,4.296000,4.115000,80.349998,109.760002
2025-08-21,96810.320313,25.915001,52.040699,55.895000,18.530001,41.365002,46.205002,16.600000,4.330000,4.128000,80.199997,109.339996
2025-08-22,99683.664063,26.045000,52.348701,55.950001,19.392000,42.134998,46.509998,14.220000,4.260000,4.088000,80.849998,110.199997
2025-08-23,98425.492188,26.045000,52.348701,55.950001,19.392000,42.134998,46.509998,14.220000,4.260000,4.088000,80.849998,110.199997
2025-08-24,96903.601563,26.045000,52.348701,55.950001,19.392000,42.134998,46.509998,14.220000,4.260000,4.088000,80.849998,110.199997
2025-08-25,94814.640625,26.080000,52.235001,56.095001,19.610001,42.080002,46.564999,14.790000,4.275000,4.093000,80.690002,109.910004
2025-08-26,96073.695313,25.889999,52.441700,56.380001,20.305000,42.290001,46.509998,14.620000,4.258000,4.088000,80.870003,109.989998
2025-08-27,95489.257813,25.940001,52.763401,56.669998,20.165001,42.529999,46.900002,14.850000,4.238000,4.060000,80.970001,110.029999
2025-08-28,96367.726563,25.905001,52.655701,56.720001,20.305000,42.665001,46.880001,14.430000,4.207000,4.072000,81.010002,110.199997
2025-08-29,92773.765625,25.520000,52.223598,57.195000,20.135000,41.509998,46.259998,15.360000,4.227000,4.043000,80.860001,109.800003
2025-08-30,93101.843750,25.520000,52.223598,57.195000,20.135000,41.509998,46.259998,15.360000,4.227000,4.043000,80.860001,109.800003
2025-08-31,92587.195313,25.520000,52.223598,57.195000,20.135000,41.509998,46.259998,15.360000,4.227000,4.043000,80.860001,109.800003
2025-09-01,93255.976563,25.530001,52.190201,57.715000,20.315001,41.494999,46.349998,15.360000,4.227000,4.043000,80.860001,109.800003
2025-09-02,95591.695313,25.430000,51.985298,58.535000,19.820000,40.570000,45.685001,17.170000,4.277000,4.032000,80.389999,109.050003
2025-09-03,95807.906250,25.705000,52.178699,59.294998,20.584999,40.790001,46.299999,16.350000,4.211000,4.018000,80.610001,109.699997
2025-09-04,94986.453125,25.750000,52.691898,59.150002,20.215000,41.255001,46.650002,15.300000,4.176000,3.998000,80.830002,110.449997
2025-09-05,94398.242188,25.795000,52.265900,59.345001,19.836000,41.654999,46.465000,15.180000,4.086000,3.910000,80.870003,111.169998
2025-09-06,94076.445313,25.795000,52.265900,59.345001,19.836000,41.654999,46.465000,15.180000,4.086000,3.910000,80.870003,111.169998
2025-09-07,94914.914063,25.795000,52.265900,59.345001,19.836000,41.654999,46.465000,15.180000,4.086000,3.910000,80.870003,111.169998
2025-09-08,95230.460938,25.955000,52.393398,60.119999,20.415001,42.384998,46.924999,15.110000,4.046000,3.928000,80.870003,111.559998
2025-09-09,95307.312500,26.129999,52.563099,60.264999,20.650000,42.419998,46.820000,15.040000,4.074000,3.943000,80.779999,111.360001
2025-09-10,97376.906250,26.535000,52.713299,60.404999,21.075001,42.990002,47.174999,15.350000,4.032000,3.930000,80.839996,111.690002
2025-09-11,98450.078125,26.684999,53.105400,60.134998,21.295000,43.400002,47.320000,14.710000,4.011000,3.928000,81.040001,112.209999
2025-09-12,98930.156250,26.750000,53.078899,60.419998,21.020000,43.404999,47.500000,14.760000,4.061000,3.928000,80.959999,112.010002
2025-09-13,98815.804688,26.750000,53.078899,60.419998,21.020000,43.404999,47.500000,14.760000,4.061000,3.928000,80.959999,112.010002
2025-09-14,98423.804688,26.750000,53.078899,60.419998,21.020000,43.404999,47.500000,14.760000,4.061000,3.928000,80.959999,112.010002
2025-09-15,98143.148438,26.820000,53.201698,60.505001,21.570000,43.544998,47.665001,15.690000,4.034000,3.900000,81.190002,112.360001
2025-09-16,98425.546875,26.790001,52.738300,60.369999,21.879999,43.450001,47.389999,16.360001,4.026000,3.890000,81.129997,112.260002
2025-09-17,98488.796875,26.915001,52.686798,60.419998,21.905001,43.365002,47.174999,15.720000,4.076000,3.868000,81.050003,112.059998
2025-09-18,99360.343750,27.080000,53.201199,59.980000,22.715000,45.419998,48.169998,15.700000,4.104000,3.880000,81.230003,111.830002
2025-09-19,98495.765625,27.090000,53.460999,60.720001,24.570000,44.955002,48.235001,15.450000,4.139000,3.878000,81.260002,111.739998
2025-09-20,98503.570313,27.090000,53.460999,60.720001,24.570000,44.955002,48.235001,15.450000,4.139000,3.878000,81.260002,111.739998
2025-09-21,98247.945313,27.090000,53.460999,60.720001,24.570000,44.955002,48.235001,15.450000,4.139000,3.878000,81.260002,111.739998
2025-09-22,95545.453125,27.170000,53.590698,61.570000,25.049999,45.674999,48.455002,16.100000,4.143000,3.848000,81.320000,111.489998
2025-09-23,94801.117188,27.450001,53.288898,62.264999,25.570000,46.369999,48.505001,16.639999,4.120000,3.845000,81.260002,111.709999
2025-09-24,96514.062500,27.275000,53.323799,61.980000,25.990000,46.130001,48.355000,16.180000,4.147000,3.858000,81.150002,111.260002
2025-09-25,93510.203125,27.160000,53.316700,62.125000,25.025000,46.160000,48.380001,16.740000,4.172000,3.883000,80.919998,111.059998
2025-09-26,93735.570313,26.975000,53.548599,62.724998,24.450001,46.025002,48.230000,15.290000,4.187000,3.860000,81.080002,111.209999
2025-09-27,93729.250000,26.975000,53.548599,62.724998,24.450001,46.025002,48.230000,15.290000,4.187000,3.860000,81.080002,111.209999
2025-09-28,95791.078125,26.975000,53.548599,62.724998,24.450001,46.025002,48.230000,15.290000,4.187000,3.860000,81.080002,111.209999
2025-09-29,97522.210938,27.170000,53.549500,63.369999,25.000000,46.570000,48.564999,16.120001,4.141000,3.863000,81.220001,111.580002
2025-09-30,97197.226563,27.084999,53.690201,63.505001,24.240000,46.419998,48.439999,16.280001,4.148000,3.845000,81.190002,111.470001
2025-10-01,101124.601563,27.420000,53.917000,63.980000,24.445000,47.205002,48.720001,16.290001,4.106000,3.845000,80.959999,111.510002
2025-10-02,102929.648438,27.450001,54.123199,63.599998,25.165001,48.549999,49.115002,16.629999,4.088000,3.848000,80.930000,111.690002
2025-10-03,104123.031250,27.735001,54.123901,64.290001,25.570000,48.794998,49.119999,16.650000,4.119000,3.858000,80.839996,111.550003
2025-10-04,104302.789063,27.735001,54.123901,64.290001,25.570000,48.794998,49.119999,16.650000,4.119000,3.858000,80.839996,111.550003
2025-10-05,105457.531250,27.735001,54.123901,64.290001,25.570000,48.794998,49.119999,16.650000,4.119000,3.858000,80.839996,111.550003
2025-10-06,106538.164063,27.930000,54.418201,65.535004,26.270000,50.360001,49.330002,16.370001,4.162000,3.860000,80.860001,111.190002
2025-10-07,104223.867188,27.959999,54.407001,66.279999,26.129999,49.355000,49.259998,17.240000,4.127000,3.843000,80.769997,111.400002
2025-10-08,106073.835938,28.184999,54.868401,67.639999,26.389999,50.380001,49.869999,16.299999,4.129000,3.843000,80.650002,111.260002
2025-10-09,105232.609375,28.230000,54.874401,67.389999,26.860001,50.590000,50.070000,16.430000,4.148000,3.853000,80.419998,111.040001
2025-10-10,97430.812500,27.559999,53.619499,67.099998,27.775000,48.360001,48.849998,21.660000,4.051000,3.853000,79.949997,111.349998
2025-10-11,95351.398438,27.559999,53.619499,67.099998,27.775000,48.360001,48.849998,21.660000,4.051000,3.853000,79.949997,111.349998
2025-10-12,99273.226563,27.559999,53.619499,67.099998,27.775000,48.360001,48.849998,21.660000,4.051000,3.853000,79.949997,111.349998
2025-10-13,99666.250000,28.170000,54.316502,68.745003,29.055000,49.720001,49.375000,19.030001,4.051000,3.853000,80.449997,111.730003
2025-10-14,97488.265625,27.895000,54.059200,69.364998,29.680000,49.264999,49.025002,20.809999,4.022000,3.853000,80.540001,112.099998
2025-10-15,95126.515625,28.305000,54.232601,69.870003,30.520000,50.110001,49.325001,20.639999,4.046000,3.858000,80.800003,112.099998
2025-10-16,92473.421875,28.580000,53.860001,71.044998,29.799999,50.709999,49.294998,25.309999,3.976000,3.853000,80.510002,112.419998
2025-10-17,91306.343750,28.350000,53.959301,70.830002,27.045000,49.665001,48.639999,20.780001,4.007000,3.832000,80.720001,112.199997
2025-10-18,91960.460938,28.350000,53.959301,70.830002,27.045000,49.665001,48.639999,20.780001,4.007000,3.832000,80.720001,112.199997
2025-10-19,93212.570313,28.350000,53.959301,70.830002,27.045000,49.665001,48.639999,20.780001,4.007000,3.832000,80.720001,112.199997
2025-10-20,94974.101563,28.915001,54.642300,72.389999,27.680000,51.340000,49.895000,18.230000,3.986000,3.798000,80.879997,112.540001
2025-10-21,93515.539063,28.795000,54.820999,69.019997,26.250000,51.009998,50.049999,17.870001,3.963000,3.785000,80.760002,112.559998
2025-10-22,92777.273438,28.775000,54.547798,67.445000,24.379999,49.660000,49.505001,18.600000,3.953000,3.788000,80.680000,112.669998
2025-10-23,94747.250000,28.870001,54.802898,69.285004,25.320000,50.700001,49.900002,17.299999,3.991000,3.788000,80.860001,112.529999
2025-10-24,95511.492188,33.457298,55.096298,69.285004,25.320000,50.700001,49.900002,16.370001,3.997000,3.763000,81.080002,112.720001
2025-10-25,96034.328125,33.457298,55.096298,69.285004,25.320000,50.700001,49.900002,16.370001,3.997000,3.763000,81.080002,112.720001
2025-10-26,98418.257813,33.457298,55.096298,69.285004,25.320000,50.700001,49.900002,16.370001,3.997000,3.763000,81.080002,112.720001
2025-10-27,97947.250000,29.184999,55.648701,66.559998,25.655001,52.900002,51.220001,15.790000,3.997000,3.718000,81.279999,112.910004
2025-10-28,96901.929688,29.195000,55.632301,65.860001,28.355000,53.139999,51.509998,16.420000,3.983000,3.720000,81.199997,112.919998
2025-10-29,94846.648438,29.580000,55.590000,66.565002,29.040001,54.029999,51.770000,16.920000,4.058000,3.730000,80.949997,112.279999
2025-10-30,93595.593750,29.500000,55.523300,67.110001,28.805000,53.980000,51.830002,16.910000,4.093000,3.757000,80.800003,111.680000
2025-10-31,94452.750000,29.555000,55.745998,67.095001,28.360001,53.610001,51.939999,17.440001,4.101000,3.718000,80.800003,111.230003
2025-11-01,94935.937500,29.555000,55.745998,67.095001,28.360001,53.610001,51.939999,17.440001,4.101000,3.718000,80.800003,111.230003
2025-11-02,95978.992188,29.555000,55.745998,67.095001,28.360001,53.610001,51.939999,17.440001,4.101000,3.718000,80.800003,111.230003
2025-11-03,92500.718750,29.830000,55.889301,67.394997,26.975000,54.080002,52.070000,17.170000,4.106000,3.783000,80.139999,110.529999
2025-11-04,88446.335938,29.545000,55.442501,67.120003,26.340000,53.230000,51.599998,19.000000,4.089000,3.793000,80.150002,110.680000
2025-11-05,90373.742188,29.549999,55.624802,67.315002,25.735001,53.330002,51.619999,18.010000,4.157000,3.788000,80.230003,110.349998
2025-11-06,87714.562500,28.980000,54.911900,66.915001,24.000000,51.869999,50.400002,19.500000,4.093000,3.763000,80.260002,110.930000
2025-11-07,89349.523438,28.549999,54.780102,67.430000,22.700001,50.040001,49.314999,19.080000,4.093000,3.757000,80.330002,110.709999
2025-11-08,88407.132813,28.549999,54.780102,67.430000,22.700001,50.040001,49.314999,19.080000,4.093000,3.757000,80.330002,110.709999
2025-11-09,90719.359375,28.549999,54.780102,67.430000,22.700001,50.040001,49.314999,19.080000,4.093000,3.757000,80.330002,110.709999
2025-11-10,91712.390625,29.254999,55.665600,68.745003,24.450001,52.400002,50.820000,17.600000,4.110000,3.783000,80.599998,110.769997
2025-11-11,88891.968750,29.309999,55.682999,68.834999,23.865000,51.700001,50.689999,17.280001,4.120000,3.783000,80.690002,111.209999
2025-11-12,87702.796875,29.365000,55.820202,70.214996,23.955000,52.630001,50.840000,17.510000,4.065000,3.778000,80.529999,111.099998
2025-11-13,85723.390625,29.049999,54.885300,70.114998,23.235001,50.939999,49.930000,20.000000,4.112000,3.793000,80.199997,110.550003
2025-11-14,81205.882813,29.184999,54.842602,68.459999,22.934999,51.310001,50.049999,19.830000,4.148000,3.788000,80.220001,110.250000
2025-11-15,82206.953125,29.184999,54.842602,68.459999,22.934999,51.310001,50.049999,19.830000,4.148000,3.788000,80.220001,110.250000
2025-11-16,81084.390625,29.184999,54.842602,68.459999,22.934999,51.310001,50.049999,19.830000,4.148000,3.788000,80.220001,110.250000
2025-11-17,79459.421875,29.025000,54.432499,68.150002,22.450001,50.720001,49.895000,22.379999,4.133000,3.772000,80.089996,110.320000
2025-11-18,80265.070313,28.705000,53.904800,68.055000,22.045000,49.384998,49.119999,24.690001,4.123000,3.772000,80.110001,110.370003
2025-11-19,79264.062500,28.740000,54.151100,68.565002,22.629999,49.900002,49.325001,23.660000,4.133000,3.772000,80.150002,110.379997
2025-11-20,75112.453125,28.844999,53.656898,68.385002,22.575001,50.150002,49.700001,26.420000,4.106000,3.775000,80.099998,110.529999
2025-11-21,73892.750000,28.340000,54.098999,68.739998,20.670000,47.779999,48.544998,23.430000,4.063000,3.740000,80.370003,110.919998
2025-11-22,73482.648438,28.340000,54.098999,68.739998,20.670000,47.779999,48.544998,23.430000,4.063000,3.740000,80.370003,110.919998
2025-11-23,75434.593750,28.340000,54.098999,68.739998,20.670000,47.779999,48.544998,23.430000,4.063000,3.740000,80.370003,110.919998
2025-11-24,76621.406250,28.575001,54.652100,69.025002,21.535000,50.000000,49.779999,20.520000,4.038000,3.730000,80.589996,111.360001
2025-11-25,75522.179688,28.405001,54.985298,69.485001,21.725000,49.240002,49.605000,18.559999,4.002000,3.732000,80.870003,111.669998
2025-11-26,78019.953125,28.910000,55.336498,69.660004,22.549999,51.330002,50.430000,17.190001,3.998000,3.753000,80.949997,112.050003
2025-11-27,78692.828125,28.875000,55.351200,69.555000,22.575001,51.189999,50.389999,17.190001,3.998000,3.753000,80.949997,112.050003
2025-11-28,78402.140625,28.945000,55.592098,70.459999,23.014999,51.779999,50.599998,16.350000,4.017000,3.697000,80.989998,111.860001
2025-11-29,78343.921875,28.945000,55.592098,70.459999,23.014999,51.779999,50.599998,16.350000,4.017000,3.697000,80.989998,111.860001
2025-11-30,77918.898438,28.945000,55.592098,70.459999,23.014999,51.779999,50.599998,16.350000,4.017000,3.697000,80.989998,111.860001
2025-12-01,74372.164063,28.805000,55.225498,70.730003,22.400000,51.959999,50.439999,17.240000,4.096000,3.693000,80.470001,110.849998
2025-12-02,78557.890625,28.830000,55.433701,70.000000,22.639999,52.419998,50.700001,16.590000,4.086000,3.672000,80.620003,110.919998
2025-12-03,80168.382813,28.805000,55.383900,70.290001,22.980000,53.060001,50.750000,16.080000,4.057000,3.635000,80.690002,111.169998
2025-12-04,79136.664063,28.875000,55.529202,70.190002,24.434999,53.259998,50.740002,15.780000,4.108000,3.612000,80.750000,110.970001
2025-12-05,76757.351563,29.165001,55.657902,70.330002,24.330000,53.669998,51.029999,15.410000,4.139000,3.603000,80.750000,110.860001
2025-12-06,76668.093750,29.165001,55.657902,70.330002,24.330000,53.669998,51.029999,15.410000,4.139000,3.603000,80.750000,110.860001
2025-12-07,77663.148438,29.165001,55.657902,70.330002,24.330000,53.669998,51.029999,15.410000,4.139000,3.603000,80.750000,110.860001
2025-12-08,77869.000000,29.115000,55.597698,70.044998,24.260000,53.980000,51.000000,16.660000,4.172000,3.618000,80.550003,110.629997
2025-12-09,79714.218750,29.190001,55.517101,70.305000,24.290001,54.240002,51.080002,16.930000,4.186000,3.632000,80.459999,110.489998
2025-12-10,78640.273438,29.245001,55.766701,70.000000,23.775000,54.230000,50.930000,15.770000,4.164000,3.593000,80.730003,111.000000
2025-12-11,78794.312500,29.040001,55.465302,70.349998,23.900000,53.250000,50.220001,14.850000,4.141000,3.568000,80.720001,110.839996
2025-12-12,76868.414063,28.700001,55.097500,70.805000,22.950001,52.029999,49.639999,15.740000,4.194000,3.525000,80.570000,110.169998
2025-12-13,76935.039063,28.700001,55.097500,70.805000,22.950001,52.029999,49.639999,15.740000,4.194000,3.525000,80.570000,110.169998
2025-12-14,75125.250000,28.700001,55.097500,70.805000,22.950001,52.029999,49.639999,15.740000,4.194000,3.525000,80.570000,110.169998
2025-12-15,73526.382813,28.825001,54.999802,70.879997,22.485001,51.880001,49.564999,16.500000,4.182000,3.538000,80.610001,110.300003
2025-12-16,74765.687500,28.420000,54.768501,70.945000,21.865000,50.930000,49.195000,16.480000,4.149000,3.545000,80.660004,110.550003
2025-12-17,73366.312500,28.254999,54.331699,71.440002,21.445000,49.494999,48.805000,17.620001,4.151000,3.543000,80.559998,110.430000
2025-12-18,72890.375000,28.760000,54.840000,72.324997,21.709999,50.959999,49.605000,16.870001,4.116000,3.522000,80.779999,110.849998
2025-12-19,75221.695313,28.990000,55.313900,72.010002,23.084999,52.000000,50.000000,14.910000,4.151000,3.522000,80.360001,110.129997
2025-12-20,75433.585938,28.990000,55.313900,72.010002,23.084999,52.000000,50.000000,14.910000,4.151000,3.522000,80.360001,110.129997
2025-12-21,75677.835938,28.990000,55.313900,72.010002,23.084999,52.000000,50.000000,14.910000,4.151000,3.522000,80.360001,110.129997
2025-12-22,75223.507813,29.010000,55.422501,73.250000,23.230000,52.389999,50.139999,14.080000,4.169000,3.528000,80.430000,110.110001
2025-12-23,74112.296875,29.170000,55.634701,73.559998,23.115000,52.529999,50.150002,14.000000,4.169000,3.547000,80.489998,110.220001
2025-12-24,74408.312500,29.170000,55.634701,73.559998,23.115000,52.529999,50.150002,13.470000,4.136000,3.555000,80.639999,110.650002
2025-12-25,74027.921875,29.170000,55.634701,73.559998,23.115000,52.529999,50.150002,13.470000,4.136000,3.555000,80.639999,110.650002
2025-12-26,74150.781250,29.170000,55.634701,73.559998,23.115000,52.529999,50.150002,13.600000,4.136000,3.543000,80.599998,110.639999
2025-12-27,74569.757813,29.170000,55.634701,73.559998,23.115000,52.529999,50.150002,13.600000,4.136000,3.543000,80.599998,110.639999
2025-12-28,74610.039063,29.170000,55.634701,73.559998,23.115000,52.529999,50.150002,13.600000,4.136000,3.543000,80.599998,110.639999
2025-12-29,74005.812500,29.559999,55.645100,71.629997,22.715000,52.889999,50.180000,14.200000,4.116000,3.538000,80.629997,110.790001
2025-12-30,75287.914063,29.680000,55.649601,72.684998,22.660000,53.209999,50.259998,14.330000,4.130000,3.540000,80.709999,110.660004
2025-12-31,74586.570313,29.680000,55.649601,72.684998,22.660000,53.209999,50.259998,14.950000,4.163000,3.547000,80.629997,110.190002
2026-01-01,75510.031250,29.680000,55.649601,72.684998,22.660000,53.209999,50.259998,14.950000,4.163000,3.547000,80.629997,110.190002
2026-01-02,76704.835938,30.315001,55.525398,71.360001,23.545000,54.650002,49.709999,14.510000,4.187000,3.533000,80.669998,110.160004
2026-01-03,77257.335938,30.315001,55.525398,71.360001,23.545000,54.650002,49.709999,14.510000,4.187000,3.533000,80.669998,110.160004
2026-01-04,78096.648438,30.315001,55.525398,71.360001,23.545000,54.650002,49.709999,14.510000,4.187000,3.533000,80.669998,110.160004
2026-01-05,80141.148438,30.959999,56.157799,73.629997,25.290001,56.500000,50.400002,14.900000,4.165000,3.515000,80.879997,110.470001
2026-01-06,80197.929688,31.235001,56.560398,74.500000,25.715000,57.490002,50.540001,14.750000,4.179000,3.520000,80.900002,110.470001
2026-01-07,78196.671875,31.205000,56.385899,74.125000,26.065001,57.200001,50.970001,15.380000,4.138000,3.515000,80.879997,110.550003
2026-01-08,78081.335938,31.025000,56.423401,74.275002,26.125000,55.770000,50.540001,15.450000,4.183000,3.507000,80.940002,110.239998
2026-01-09,77793.203125,31.475000,56.880501,75.150002,27.235001,57.759998,51.119999,14.490000,4.171000,3.513000,81.000000,110.639999
2026-01-10,77684.523438,31.475000,56.880501,75.150002,27.235001,57.759998,51.119999,14.490000,4.171000,3.513000,81.000000,110.639999
2026-01-11,78138.320313,31.475000,56.880501,75.150002,27.235001,57.759998,51.119999,14.490000,4.171000,3.513000,81.000000,110.639999
2026-01-12,78159.867188,31.405001,56.831402,76.800003,26.934999,58.029999,51.119999,15.120000,4.187000,3.533000,81.040001,110.510002
2026-01-13,81877.500000,31.469999,56.939999,76.745003,27.145000,58.980000,51.279999,15.980000,4.171000,3.560000,81.040001,110.750000
2026-01-14,83236.703125,31.495001,56.767399,76.925003,27.405001,57.790001,50.400002,16.750000,4.140000,3.560000,81.040001,111.029999
2026-01-15,82307.796875,32.105000,57.169601,77.120003,28.645000,60.590000,51.340000,15.840000,4.160000,3.565000,81.040001,110.889999
2026-01-16,82333.101563,31.950001,57.169998,76.885002,28.770000,60.520000,51.049999,15.860000,4.231000,3.557000,81.089996,110.570000
2026-01-17,81936.765625,31.950001,57.169998,76.885002,28.770000,60.520000,51.049999,15.860000,4.231000,3.557000,81.089996,110.570000
2026-01-18,80549.578125,31.950001,57.169998,76.885002,28.770000,60.520000,51.049999,15.860000,4.231000,3.557000,81.089996,110.570000
2026-01-19,79517.609375,31.965000,56.875401,77.875000,29.075001,59.139999,50.090000,15.860000,4.231000,3.557000,81.089996,110.570000
2026-01-20,75304.742188,31.530001,55.557499,78.489998,29.010000,59.419998,49.849998,20.090000,4.295000,3.572000,80.879997,109.900002
2026-01-21,76567.367188,31.975000,56.076698,80.334999,29.275000,60.680000,49.955002,16.900000,4.253000,3.588000,81.120003,110.559998
2026-01-22,76112.687500,32.205002,56.307598,80.614998,29.709999,60.830002,50.340000,15.640000,4.249000,3.588000,81.180000,110.769997
2026-01-23,75681.078125,32.165001,56.259102,82.220001,29.860001,60.290001,50.480000,16.090000,4.239000,3.582000,81.139999,110.839996
2026-01-24,75332.437500,32.165001,56.259102,82.220001,29.860001,60.290001,50.480000,16.090000,4.239000,3.582000,81.139999,110.839996
2026-01-25,72992.585938,32.165001,56.259102,82.220001,29.860001,60.290001,50.480000,16.090000,4.239000,3.582000,81.139999,110.839996
2026-01-26,74336.820313,32.305000,55.966702,82.930000,29.040001,59.340000,50.189999,16.150000,4.213000,3.575000,81.180000,110.930000
2026-01-27,74125.945313,32.645000,56.026001,82.489998,29.344999,60.439999,50.160000,16.350000,4.223000,3.570000,81.169998,110.809998
2026-01-28,74445.304688,32.764999,55.965099,85.974998,30.875000,61.540001,50.500000,16.350000,4.251000,3.582000,81.040001,110.650002
2026-01-29,70655.687500,32.395000,55.955101,85.574997,29.754999,60.779999,49.630001,16.879999,4.227000,3.580000,81.029999,110.680000
2026-01-30,70972.281250,32.439999,55.881100,81.154999,29.230000,61.220001,50.110001,17.440001,4.241000,3.572000,81.120003,110.570000
2026-01-31,66326.031250,32.439999,55.881100,81.154999,29.230000,61.220001,50.110001,17.440001,4.241000,3.572000,81.120003,110.570000
2026-02-01,64977.898438,32.439999,55.881100,81.154999,29.230000,61.220001,50.110001,17.440001,4.241000,3.572000,81.120003,110.570000
2026-02-02,66692.742188,32.509998,56.517300,76.720001,27.670000,61.639999,50.540001,16.340000,4.275000,3.578000,80.769997,110.059998
2026-02-03,64010.792969,33.115002,56.224701,81.915001,29.275000,60.200001,49.810001,18.000000,4.274000,3.590000,80.720001,110.110001
2026-02-04,61872.949219,32.799999,56.081799,80.970001,26.745001,56.970001,49.014999,18.639999,4.275000,3.595000,80.620003,109.970001
2026-02-05,53242.796875,32.599998,55.438301,79.794998,26.145000,57.349998,48.509998,21.770000,4.210000,3.578000,80.529999,110.500000
2026-02-06,59703.968750,33.044998,56.268902,81.070000,26.500000,59.490002,48.889999,20.370001,4.206000,3.590000,80.809998,110.559998
2026-02-07,58626.406250,33.044998,56.268902,81.070000,26.500000,59.490002,48.889999,20.370001,4.206000,3.590000,80.809998,110.559998
2026-02-08,59411.566406,33.044998,56.268902,81.070000,26.500000,59.490002,48.889999,20.370001,4.206000,3.590000,80.809998,110.559998
2026-02-09,58907.554688,33.285000,56.347599,82.754997,28.045000,60.049999,49.189999,17.360001,4.198000,3.593000,80.919998,110.559998
2026-02-10,57865.968750,33.415001,56.334801,81.820000,27.969999,59.740002,49.150002,17.790001,4.147000,3.590000,80.839996,110.820000
2026-02-11,56415.277344,34.009998,56.572701,82.934998,27.309999,60.869999,48.959999,17.650000,4.172000,3.600000,80.830002,110.699997
2026-02-12,55793.230469,34.025002,55.803101,80.769997,26.674999,60.250000,48.384998,20.820000,4.104000,3.598000,80.790001,111.220001
2026-02-13,58012.386719,33.970001,55.901199,82.004997,26.750000,60.470001,48.345001,20.600000,4.056000,3.593000,80.849998,111.589996
2026-02-14,58766.523438,33.970001,55.901199,82.004997,26.750000,60.470001,48.345001,20.600000,4.056000,3.593000,80.849998,111.589996
2026-02-15,57965.949219,33.970001,55.901199,82.004997,26.750000,60.470001,48.345001,20.600000,4.056000,3.593000,80.849998,111.589996
2026-02-16,58093.226563,34.125000,55.856701,81.695000,26.790001,60.119999,48.139999,20.600000,4.056000,3.593000,80.849998,111.589996
2026-02-17,56950.539063,33.939999,56.064098,80.050003,26.459999,60.490002,48.279999,20.290001,4.052000,3.593000,80.809998,111.699997
2026-02-18,56344.085938,34.465000,56.433300,82.190002,27.605000,62.000000,49.070000,19.620001,4.079000,3.603000,80.910004,111.589996
2026-02-19,56895.617188,34.264999,56.563499,82.489998,27.995001,61.189999,48.865002,20.230000,4.075000,3.595000,80.940002,111.680000
2026-02-20,57685.597656,34.895000,56.781399,83.519997,28.040001,61.900002,49.110001,19.090000,4.086000,3.595000,81.000000,111.589996
2026-02-21,57720.777344,34.895000,56.781399,83.519997,28.040001,61.900002,49.110001,19.090000,4.086000,3.595000,81.000000,111.589996
2026-02-22,57179.425781,34.895000,56.781399,83.519997,28.040001,61.900002,49.110001,19.090000,4.086000,3.595000,81.000000,111.589996
2026-02-23,54792.667969,34.685001,56.272400,85.730003,27.555000,61.250000,48.470001,21.010000,4.029000,3.588000,80.870003,111.709999
2026-02-24,54423.882813,35.555000,56.664902,84.650002,27.945000,62.599998,49.000000,19.549999,4.033000,3.588000,80.809998,111.680000
2026-02-25,57526.816406,35.880001,57.001801,85.610001,29.040001,63.310001,49.535000,17.930000,4.048000,3.588000,80.919998,111.650002
2026-02-26,57148.250000,35.764999,56.864601,85.290001,28.350000,61.419998,49.110001,18.629999,4.017000,3.588000,80.849998,111.720001
2026-02-27,55746.011719,35.575001,56.713402,85.870003,28.240000,60.799999,48.895000,19.860001,3.962000,3.578000,80.720001,111.680000
2026-02-28,56689.687500,35.575001,56.713402,85.870003,28.240000,60.799999,48.895000,19.860001,3.962000,3.578000,80.720001,111.680000
2026-03-01,55904.140625,35.575001,56.713402,85.870003,28.240000,60.799999,48.895000,19.860001,3.962000,3.578000,80.720001,111.680000
2026-03-02,58809.472656,35.125000,57.026798,87.855003,28.965000,60.650002,49.355000,21.440001,4.048000,3.590000,80.279999,110.919998
2026-03-03,58819.132813,33.250000,56.592201,85.760002,27.275000,59.169998,49.130001,23.570000,4.056000,3.595000,80.120003,110.870003
2026-03-04,62493.144531,33.825001,56.659500,85.980003,27.570000,60.119999,49.939999,21.150000,4.080000,3.595000,80.400002,110.970001
2026-03-05,61034.804688,33.165001,56.575401,84.904999,26.545000,60.169998,50.009998,23.750000,4.146000,3.588000,80.080002,110.529999
2026-03-06,58624.636719,33.165001,55.942402,84.904999,26.545000,60.169998,50.009998,29.490000,4.133000,3.570000,79.690002,110.160004
2026-03-07,57908.722656,33.165001,55.942402,84.904999,26.545000,60.169998,50.009998,29.490000,4.133000,3.570000,79.690002,110.160004
2026-03-08,57242.835938,33.165001,55.942402,84.904999,26.545000,60.169998,50.009998,29.490000,4.133000,3.570000,79.690002,110.160004
2026-03-09,58884.878906,32.779999,56.016499,85.425003,26.035000,58.430000,49.310001,25.500000,4.136000,3.593000,80.169998,110.820000
2026-03-10,60221.062500,33.814999,56.019199,87.169998,27.860001,60.509998,49.974998,24.930000,4.136000,3.595000,80.040001,110.059998
2026-03-11,60821.718750,33.650002,56.259102,86.695000,27.160000,60.990002,49.985001,24.230000,4.208000,3.600000,79.860001,109.160004
2026-03-12,61186.839844,32.814999,55.676800,86.394997,26.985001,59.549999,49.570000,27.290001,4.273000,3.605000,79.349998,108.570000
2026-03-13,61894.511719,32.775002,55.636200,85.644997,26.594999,59.720001,49.494999,27.190001,4.285000,3.603000,79.199997,108.169998
2026-03-14,62122.941406,32.775002,55.636200,85.644997,26.594999,59.720001,49.494999,27.190001,4.285000,3.603000,79.199997,108.169998
2026-03-15,63652.527344,32.775002,55.636200,85.644997,26.594999,59.720001,49.494999,27.190001,4.285000,3.603000,79.199997,108.169998
2026-03-16,65105.636719,33.334999,55.952900,84.125000,26.205000,60.740002,49.705002,23.510000,4.220000,3.605000,79.449997,108.690002
2026-03-17,64061.585938,33.720001,55.992199,84.224998,26.590000,60.380001,49.794998,22.370001,4.202000,3.605000,79.809998,109.300003
2026-03-18,62152.078125,33.535000,55.462101,82.195000,26.280001,60.959999,49.549999,25.090000,4.259000,3.610000,79.400002,108.709999
2026-03-19,60391.714844,32.880001,55.022099,77.199997,25.440001,59.869999,48.709999,24.059999,4.281000,3.612000,79.660004,109.190002
2026-03-20,60945.617188,32.185001,54.070801,77.025002,24.985001,59.110001,48.220001,26.780001,4.391000,3.618000,78.919998,107.849998
2026-03-21,59297.980469,32.185001,54.070801,77.025002,24.985001,59.110001,48.220001,26.780001,4.391000,3.618000,78.919998,107.849998
2026-03-22,58679.054688,32.185001,54.070801,77.025002,24.985001,59.110001,48.220001,26.780001,4.391000,3.618000,78.919998,107.849998
2026-03-23,61090.316406,32.689999,54.323700,73.275002,25.215000,59.490002,48.310001,26.150000,4.334000,3.612000,79.440002,108.559998
2026-03-24,60719.261719,32.439999,54.296600,73.910004,25.270000,59.930000,48.150002,26.950001,4.392000,3.620000,79.169998,108.339996
2026-03-25,61678.769531,33.044998,54.799500,76.385002,26.135000,60.779999,48.544998,25.330000,4.328000,3.620000,79.419998,108.730003
2026-03-26,59639.859375,32.080002,54.067902,73.839996,25.000000,58.630001,47.845001,27.440001,4.416000,3.620000,78.919998,107.879997
2026-03-27,57473.617188,31.725000,53.397701,76.065002,24.945000,57.419998,46.865002,31.049999,4.440000,3.607000,78.720001,107.620003
2026-03-28,57451.957031,31.725000,53.397701,76.065002,24.945000,57.419998,46.865002,31.049999,4.440000,3.607000,78.720001,107.620003
2026-03-29,57391.792969,31.725000,53.397701,76.065002,24.945000,57.419998,46.865002,31.049999,4.440000,3.607000,78.720001,107.620003
2026-03-30,58212.027344,31.785000,53.459202,77.000000,24.809999,56.099998,46.990002,30.610001,4.342000,3.598000,78.809998,108.309998
2026-03-31,58955.769531,31.620001,54.411701,77.750000,24.820000,56.259998,46.939999,25.250000,4.311000,3.600000,79.559998,108.989998
2026-04-01,58739.808594,32.945000,54.743698,79.919998,26.600000,59.720001,48.119999,24.540001,4.319000,3.605000,79.370003,108.660004
2026-04-02,57954.734375,32.360001,54.985298,78.500000,25.709999,59.270000,48.185001,23.870001,4.313000,3.607000,79.559998,109.120003
2026-04-03,58092.378906,32.360001,54.985298,78.500000,25.709999,59.270000,48.185001,23.870001,4.313000,3.607000,79.559998,109.120003
2026-04-04,58409.382813,32.360001,54.985298,78.500000,25.709999,59.270000,48.185001,23.870001,4.313000,3.607000,79.559998,109.120003
2026-04-05,59933.199219,32.360001,54.985298,78.500000,25.709999,59.270000,48.185001,23.870001,4.313000,3.607000,79.559998,109.120003
2026-04-06,59668.761719,32.360001,54.985298,78.500000,25.709999,59.270000,48.185001,24.170000,4.335000,3.623000,79.699997,108.949997
2026-04-07,61560.089844,32.485001,55.065601,77.959999,24.799999,59.580002,47.900002,25.780001,4.343000,3.615000,79.720001,109.070000
2026-04-08,61001.863281,34.465000,56.135799,78.964996,26.620001,63.410000,49.294998,21.040001,4.291000,3.600000,80.190002,109.489998
2026-04-09,61383.808594,34.355000,56.345600,79.480003,26.495001,64.660004,49.424999,19.490000,4.293000,3.588000,80.279999,109.489998
2026-04-10,62213.109375,34.705002,56.183998,78.930000,26.870001,66.459999,49.740002,19.230000,4.293000,3.588000,79.959999,109.199997
2026-04-11,62298.417969,34.705002,56.183998,78.930000,26.870001,66.459999,49.740002,19.230000,4.293000,3.588000,79.959999,109.199997
2026-04-12,60602.347656,34.705002,56.183998,78.930000,26.870001,66.459999,49.740002,19.230000,4.293000,3.588000,79.959999,109.199997
2026-04-13,63300.246094,34.580002,56.646801,78.089996,26.600000,66.250000,49.805000,19.120001,4.293000,3.588000,80.260002,109.620003
2026-04-14,62875.667969,35.369999,56.921902,79.120003,27.375000,67.230003,50.439999,18.360001,4.293000,3.588000,80.500000,109.980003
2026-04-15,63356.683594,35.549999,57.282101,78.925003,28.665001,67.449997,51.110001,18.170000,4.293000,3.588000,80.459999,109.940002
2026-04-16,63792.359375,35.715000,57.511002,79.135002,29.040001,68.680000,51.840000,17.940001,4.293000,3.588000,80.349998,109.430000
2026-04-17,65514.425781,36.500000,57.986599,80.050003,29.514999,69.529999,52.430000,17.480000,4.293000,3.588000,80.650002,110.040001
2026-04-18,64332.820313,36.500000,57.986599,80.050003,29.514999,69.529999,52.430000,17.480000,4.293000,3.588000,80.650002,110.040001
2026-04-19,62915.125000,36.500000,57.986599,80.050003,29.514999,69.529999,52.430000,17.480000,4.293000,3.588000,80.650002,110.040001
2026-04-20,64384.210938,36.044998,58.018501,79.120003,28.920000,69.169998,52.139999,18.870001,4.293000,3.588000,80.580002,110.029999
2026-04-21,65014.312500,35.974998,57.703098,78.320000,28.530001,69.699997,52.400002,19.500000,4.293000,3.588000,80.370003,109.610001
2026-04-22,66806.171875,36.529999,58.211300,78.285004,29.285000,71.540001,53.049999,18.920000,4.293000,3.588000,80.500000,109.820000
2026-04-23,66990.085938,36.525002,58.045200,78.419998,30.600000,73.529999,53.419998,19.309999,4.293000,3.588000,80.370003,109.519997
2026-04-24,66072.789063,36.900002,58.325298,78.230003,29.400000,76.500000,53.810001,18.709999,4.293000,3.588000,80.480003,109.599998
2026-04-25,66204.914063,36.900002,58.325298,78.230003,29.400000,76.500000,53.810001,18.709999,4.293000,3.588000,80.480003,109.599998
2026-04-26,67195.484375,36.900002,58.325298,78.230003,29.400000,76.500000,53.810001,18.709999,4.293000,3.588000,80.480003,109.599998
2026-04-27,65994.656250,36.965000,58.250500,77.370003,29.245001,75.620003,53.770000,18.020000,4.293000,3.588000,80.510002,109.290001
2026-04-28,65158.582031,36.435001,58.114799,75.785004,28.684999,72.910004,53.230000,17.830000,4.293000,3.588000,80.400002,109.339996
2026-04-29,64848.234375,36.615002,58.032700,75.459999,28.129999,75.209999,53.799999,18.809999,4.293000,3.588000,80.129997,108.730003
2026-04-30,65056.984375,36.755001,58.567902,76.480003,28.775000,76.370003,53.869999,16.889999,4.293000,3.588000,80.379997,108.849998
2026-05-01,66692.007813,36.755001,58.567902,76.480003,28.775000,76.370003,53.869999,16.990000,4.293000,3.588000,80.059998,108.599998
2026-05-02,67065.054688,36.755001,58.567902,76.480003,28.775000,76.370003,53.869999,16.990000,4.293000,3.588000,80.059998,108.599998
2026-05-03,66980.148438,36.755001,58.567902,76.480003,28.775000,76.370003,53.869999,16.990000,4.293000,3.588000,80.059998,108.599998
2026-05-04,68277.125000,37.439999,58.514198,75.220001,29.059999,77.129997,54.689999,18.290001,4.293000,3.588000,79.800003,108.250000
2026-05-05,69080.867188,38.400002,58.909801,75.870003,28.799999,80.570000,55.459999,17.379999,4.293000,3.588000,79.919998,108.650002
2026-05-06,69314.125000,39.404999,59.622002,77.480003,29.754999,84.169998,56.110001,17.389999,4.293000,3.588000,80.160004,109.190002
2026-05-07,68203.242188,39.299999,59.358898,78.235001,30.445000,84.089996,56.650002,17.080000,4.293000,3.588000,79.860001,108.739998
2026-05-08,67995.328125,39.700001,59.589600,77.665001,29.180000,86.440002,57.250000,17.190001,4.293000,3.588000,80.139999,109.199997
2026-05-09,68436.679688,39.700001,59.589600,77.665001,29.180000,86.440002,57.250000,17.190001,4.293000,3.588000,80.139999,109.199997
2026-05-10,69802.406250,39.700001,59.589600,77.665001,29.180000,86.440002,57.250000,17.190001,4.293000,3.588000,80.139999,109.199997
2026-05-11,69381.687500,39.775002,59.676300,77.925003,30.045000,89.080002,57.650002,18.379999,4.293000,3.588000,79.980003,108.930000
2026-05-12,68579.781250,38.090000,59.720402,77.089996,27.889999,85.239998,56.900002,17.990000,4.293000,3.588000,79.870003,108.559998
2026-05-13,67665.953125,39.165001,60.200199,77.790001,28.264999,88.480003,57.840000,17.870001,4.293000,3.588000,79.910004,108.620003
2026-05-14,69500.554688,39.794998,60.715401,77.894997,27.639999,90.129997,58.830002,17.260000,4.293000,3.588000,79.849998,108.550003
2026-05-15,68028.117188,38.654999,60.161999,75.875000,26.424999,87.419998,58.340000,18.430000,4.293000,3.588000,79.459999,107.860001
2026-05-16,67198.265625,38.654999,60.161999,75.875000,26.424999,87.419998,58.340000,18.430000,4.293000,3.588000,79.459999,107.860001
2026-05-17,66668.453125,38.654999,60.161999,75.875000,26.424999,87.419998,58.340000,18.430000,4.293000,3.588000,79.459999,107.860001
2026-05-18,66027.296875,38.384998,60.094898,75.625000,25.620001,84.660004,57.560001,17.820000,4.293000,3.588000,79.540001,107.660004
2026-05-19,66125.203125,37.770000,60.043701,75.279999,24.690001,83.400002,57.349998,18.059999,4.293000,3.588000,79.349998,107.120003
2026-05-20,66631.187500,38.750000,60.552299,75.669998,25.280001,87.610001,58.290001,17.440001,4.293000,3.588000,79.860001,107.949997
2026-05-21,66737.656250,38.990002,60.833302,75.489998,25.430000,87.699997,58.299999,16.760000,4.293000,3.588000,79.900002,108.169998
2026-05-22,65028.441406,39.615002,61.113899,75.595001,26.165001,91.019997,59.169998,16.700001,4.293000,3.588000,79.910004,108.370003
2026-05-23,66074.960938,39.615002,61.113899,75.595001,26.165001,91.019997,59.169998,16.700001,4.293000,3.588000,79.910004,108.370003
2026-05-24,66125.406250,39.615002,61.113899,75.595001,26.165001,91.019997,59.169998,16.700001,4.293000,3.588000,79.910004,108.370003
2026-05-25,66415.375000,40.669998,61.107899,76.150002,26.690001,92.669998,59.450001,16.590000,4.293000,3.588000,79.910004,108.370003
2026-05-26,65162.968750,40.945000,61.364201,75.230003,26.930000,94.250000,59.709999,17.010000,4.293000,3.588000,80.180000,108.779999
2026-05-27,63994.656250,41.084999,61.315399,74.000000,26.400000,93.320000,59.509998,16.290001,4.293000,3.588000,80.129997,108.930000
2026-05-28,63108.707031,41.389999,61.431900,74.639999,26.615000,95.720001,60.070000,15.740000,4.293000,3.588000,80.230003,109.260002
2026-05-29,62913.199219,41.445000,61.557598,76.059998,26.580000,95.279999,60.220001,15.320000,4.293000,3.588000,80.309998,109.360001
2026-05-30,63236.441406,41.445000,61.557598,76.059998,26.580000,95.279999,60.220001,15.320000,4.293000,3.588000,80.309998,109.360001
2026-05-31,63162.203125,41.445000,61.557598,76.059998,26.580000,95.279999,60.220001,15.320000,4.293000,3.588000,80.309998,109.360001
2026-06-01,61294.707031,42.465000,61.796299,74.745003,26.855000,96.769997,60.790001,16.049999,4.293000,3.588000,79.839996,108.930000
2026-06-02,57391.828125,42.700001,61.881302,75.160004,27.990000,99.639999,61.020000,15.770000,4.293000,3.588000,79.900002,108.919998
2026-06-03,55141.718750,42.384998,61.650501,74.220001,26.420000,101.800003,61.090000,16.059999,4.293000,3.588000,79.680000,108.620003
2026-06-04,54942.406250,41.619999,61.788300,74.675003,26.254999,98.980003,60.580002,15.400000,4.293000,3.588000,79.830002,108.849998
2026-06-05,52870.515625,39.994999,60.770302,73.080002,24.674999,94.239998,59.549999,21.510000,4.293000,3.588000,79.430000,108.169998
2026-06-06,52826.765625,39.994999,60.770302,73.080002,24.674999,94.239998,59.549999,21.510000,4.293000,3.588000,79.430000,108.169998
2026-06-07,54885.390625,39.994999,60.770302,73.080002,24.674999,94.239998,59.549999,21.510000,4.293000,3.588000,79.430000,108.169998
2026-06-08,54729.003906,39.860001,60.868301,72.864998,24.580000,96.150002,59.349998,18.920000,4.293000,3.588000,79.540001,108.059998
2026-06-09,53440.226563,39.625000,60.667599,71.760002,23.025000,92.790001,57.860001,19.870001,4.293000,3.588000,79.620003,108.410004
2026-06-10,53270.632813,39.275002,59.879501,69.309998,22.559999,92.180000,57.619999,22.219999,4.293000,3.588000,79.470001,108.160004
2026-06-11,54909.312500,39.950001,60.893700,68.705002,23.025000,94.970001,57.930000,19.440001,4.293000,3.588000,79.940002,109.080002
2026-06-12,54904.054688,41.349998,61.111301,70.739998,24.094999,100.459999,59.459999,17.680000,4.293000,3.588000,79.940002,109.010002
2026-06-13,55682.058594,41.349998,61.111301,70.739998,24.094999,100.459999,59.459999,17.680000,4.293000,3.588000,79.940002,109.010002
2026-06-14,56631.523438,41.349998,61.111301,70.739998,24.094999,100.459999,59.459999,17.680000,4.293000,3.588000,79.940002,109.010002
2026-06-15,57188.746094,42.650002,61.927200,72.809998,25.334999,103.980003,60.950001,16.200001,4.293000,3.588000,80.040001,108.989998
2026-06-16,56504.523438,42.330002,61.658401,72.320000,25.320000,101.459999,60.439999,16.410000,4.293000,3.588000,80.029999,109.120003
2026-06-17,55981.753906,43.125000,61.266300,72.940002,25.420000,102.559998,60.200001,18.440001,4.293000,3.588000,79.730003,108.769997
2026-06-18,54891.136719,44.270000,62.192501,71.565002,25.475000,107.279999,61.119999,16.400000,4.293000,3.588000,80.010002,109.070000
2026-06-19,55361.222656,43.865002,62.195099,70.245003,24.955000,107.559998,61.410000,16.400000,4.293000,3.588000,80.010002,109.070000
2026-06-20,55994.511719,43.865002,62.195099,70.245003,24.955000,107.559998,61.410000,16.400000,4.293000,3.588000,80.010002,109.070000
2026-06-21,55168.933594,43.865002,62.195099,70.245003,24.955000,107.559998,61.410000,16.400000,4.293000,3.588000,80.010002,109.070000
2026-06-22,55968.390625,44.805000,62.248798,70.974998,24.790001,109.120003,61.430000,17.280001,4.293000,3.588000,79.940002,108.779999
2026-06-23,55072.406250,42.480000,61.699200,70.455002,24.559999,103.500000,60.070000,19.490000,4.293000,3.588000,79.870003,108.910004
2026-06-24,53721.890625,42.509998,61.807499,68.495003,24.090000,103.220001,60.279999,18.629999,4.293000,3.588000,79.849998,109.410004
2026-06-25,52564.750000,43.000000,61.745800,68.589996,23.340000,104.879997,59.770000,18.889999,4.293000,3.588000,79.879997,109.500000
2026-06-26,52682.421875,42.439999,61.522202,69.485001,23.084999,102.959999,59.590000,18.410000,4.293000,3.588000,79.830002,109.500000
2026-06-27,52627.523438,42.439999,61.522202,69.485001,23.084999,102.959999,59.590000,18.410000,4.293000,3.588000,79.830002,109.500000
2026-06-28,52289.218750,42.439999,61.522202,69.485001,23.084999,102.959999,59.590000,18.410000,4.293000,3.588000,79.830002,109.500000
2026-06-29,52657.164063,41.814999,61.976101,68.300003,22.915001,103.360001,59.849998,17.650000,4.293000,3.588000,80.010002,109.699997
2026-06-30,51308.394531,42.930000,62.369801,68.464996,22.924999,109.160004,61.189999,16.450001,4.293000,3.588000,79.970001,109.070000
2026-07-01,52738.742188,42.125000,62.440800,69.500000,23.545000,105.180000,61.209999,16.590000,4.293000,3.588000,79.589996,108.459999
2026-07-02,53827.550781,41.264999,62.411400,70.000000,23.360001,99.980003,59.860001,16.150000,4.293000,3.588000,79.709999,108.639999
2026-07-03,54664.320313,42.445000,62.547901,70.660004,23.375000,101.599998,60.130001,16.150000,4.293000,3.588000,79.709999,108.639999
2026-07-04,55163.972656,42.445000,62.547901,70.660004,23.375000,101.599998,60.130001,16.150000,4.293000,3.588000,79.709999,108.639999
2026-07-05,55564.363281,42.445000,62.547901,70.660004,23.375000,101.599998,60.130001,16.150000,4.293000,3.588000,79.709999,108.639999
2026-07-06,55932.347656,42.415001,62.981998,70.514999,23.555000,102.099998,60.540001,15.570000,4.293000,3.588000,79.870003,108.669998
2026-07-07,55516.945313,40.605000,62.612000,70.360001,22.000000,94.339996,58.970001,16.129999,4.293000,3.588000,79.760002,107.879997
2026-07-08,54508.000000,40.345001,62.347599,68.584999,21.580000,95.949997,58.759998,16.900000,4.293000,3.588000,79.660004,107.669998
2026-07-09,55271.382813,41.325001,62.724098,70.040001,22.520000,101.639999,60.160000,15.840000,4.293000,3.588000,79.750000,107.709999
2026-07-10,56158.640625,41.445000,62.991901,69.629997,22.709999,100.239998,60.310001,15.030000,4.293000,3.588000,79.709999,107.459999
2026-07-11,55890.703125,41.445000,62.991901,69.629997,22.709999,100.239998,60.310001,15.030000,4.293000,3.588000,79.709999,107.459999
2026-07-12,55907.222656,41.445000,62.991901,69.629997,22.709999,100.239998,60.310001,15.030000,4.293000,3.588000,79.709999,107.459999
2026-07-13,54675.574219,40.200001,62.681702,68.355003,22.020000,98.279999,59.950001,17.160000,4.293000,3.588000,79.519997,106.959999
2026-07-14,56857.320313,40.330002,62.745998,69.169998,21.950001,99.580002,60.060001,16.500000,4.610000,3.730000,79.680000,107.209999
2026-07-15,56420.003906,39.980000,63.032001,68.680000,21.559999,95.940002,59.680000,15.670000,4.610000,3.730000,79.809998,107.580002
2026-07-16,55734.796875,39.314999,62.709499,68.050003,20.840000,94.300003,59.270000,16.730000,4.610000,3.730000,79.800003,107.500000
2026-07-17,55856.562500,38.685001,62.122601,68.035004,20.235001,91.000000,57.980000,18.770000,4.550000,3.700000,79.650002,107.559998
2026-07-18,56655.234375,38.685001,62.122601,68.035004,20.235001,91.000000,57.980000,18.770000,4.550000,3.700000,79.650002,107.559998
2026-07-19,56608.593750,38.685001,62.122601,68.035004,20.235001,91.000000,57.980000,18.770000,4.550000,3.700000,79.650002,107.559998
2026-07-20,57140.785156,38.970001,62.117100,68.239998,20.500000,93.320000,58.630001,18.650000,4.550000,3.700000,79.680000,107.150002
2026-07-21,58325.390625,40.049999,62.678398,69.370003,21.219999,96.750000,59.209999,18.650000,4.550000,3.700000,79.650002,107.150002
2026-07-22,57924.726563,40.055000,62.666000,70.695000,21.975000,98.000000,59.220001,18.650000,4.550000,3.700000,79.519997,107.150002
2026-07-23,57177.058594,39.560001,62.175098,69.084999,21.775000,96.669998,57.869999,18.700001,4.703000,3.800000,79.230003,106.260002
2026-07-24,56344.613281,39.165001,62.215599,69.425003,21.500000,94.669998,57.770000,18.580000,4.679000,3.805000,79.230003,106.230003
2026-07-25,56530.402344,39.165001,62.215599,69.425003,21.500000,94.669998,57.770000,18.580000,4.679000,3.805000,79.230003,106.230003
2026-07-26,57341.144531,39.165001,62.215599,69.425003,21.500000,94.669998,57.770000,18.580000,4.679000,3.805000,79.230003,106.230003
2026-07-27,56051.527344,38.389999,62.346001,69.480003,21.075001,88.720001,56.810001,18.670000,4.641000,3.797000,79.269997,106.510002
2026-07-28,56094.578125,37.939999,62.321999,68.675003,20.745001,87.070000,56.709999,18.209999,4.604000,3.760000,79.419998,106.830002
2026-07-29,55732.269531,36.825001,61.621399,68.385002,20.080000,83.870003,55.919998,20.660000,4.622000,3.658000,79.239998,106.220001
2026-07-30,56169.269531,37.770000,61.968399,69.029999,20.500000,88.150002,56.259998,17.090000,4.663000,3.675000,79.470001,106.410004
2026-07-31,54447.835938,38.424999,62.293800,68.105003,20.405001,88.779999,56.610001,17.090000,4.745000,3.682000,79.480003,106.410004
2026-08-01,54404.125000,38.424999,62.293800,68.105003,20.405001,88.779999,56.610001,17.090000,4.745000,3.682000,79.480003,106.410004
2026-08-02,54991.343750,38.424999,62.293800,68.105003,20.405001,88.779999,56.610001,17.090000,4.745000,3.682000,79.480003,106.410004
2026-08-03,55149.359375,38.404999,62.984200,68.035004,21.160000,88.150002,57.770000,15.860000,4.686000,3.700000,79.309998,106.110001
2026-08-04,55545.093750,39.764999,63.857498,68.695000,22.360001,93.669998,59.459999,16.500000,4.627000,3.730000,79.550003,106.760002
2026-08-05,55894.148438,39.814999,63.757500,71.525002,22.740000,93.339996,59.660000,15.810000,4.617000,3.725000,79.519997,106.739998
2026-08-06,55763.449219,39.500000,63.765598,71.529999,22.975000,94.089996,59.310001,15.150000,4.670000,3.732000,79.459999,106.360001
2026-08-07,56119.546875,39.365002,64.092499,73.029999,23.584999,93.919998,59.630001,14.900000,4.660000,3.710000,79.610001,106.550003
2026-08-08,56150.796875,39.365002,64.092499,73.029999,23.584999,93.919998,59.630001,14.900000,4.660000,3.710000,79.610001,106.550003
2026-08-09,56115.531250,39.365002,64.092499,73.029999,23.584999,93.919998,59.630001,14.900000,4.660000,3.710000,79.610001,106.550003
2026-08-10,55351.808594,39.099998,64.097298,73.099998,23.459999,93.089996,59.570000,15.460000,4.699000,3.718000,79.480003,105.959999
2026-08-11,55054.414063,39.540001,64.000999,73.605003,23.820000,93.000000,59.419998,15.280000,4.684000,3.730000,79.510002,105.989998
2026-08-12,54996.984375,40.320000,64.167397,74.279999,23.900000,95.430000,59.779999,14.550000,4.682000,3.707000,79.610001,106.120003
2026-08-13,54970.378906,40.724998,64.489197,73.379997,23.850000,97.199997,60.459999,14.630000,4.641000,3.705000,79.790001,106.550003
2026-08-14,54442.402344,40.369999,64.233398,73.500000,23.870001,94.669998,60.000000,14.250000,4.696000,3.697000,79.709999,106.120003
2026-08-15,54476.898438,40.369999,64.233398,73.500000,23.870001,94.669998,60.000000,14.250000,4.696000,3.697000,79.709999,106.120003
2026-08-16,54276.570313,40.369999,64.233398,73.500000,23.870001,94.669998,60.000000,14.250000,4.696000,3.697000,79.709999,106.120003
2026-08-17,55691.667969,41.275002,63.930199,74.040001,24.075001,97.519997,60.380001,15.190000,4.724000,3.703000,79.610001,105.699997
