Date,BTC-EUR,EMXC.DE,IS3Q.DE,PPFB.DE,URNU.DE,VVSM.DE,XNAS.DE,^VIX,^TNX,^IRX,HYG,LQD
2015-01-01,314.2489929199219,30.35504913330078,52.60922622680664,114.08000183105469,16.09950828552246,24.292724609375,94.66505432128906,17.790000915527344,2.122999906539917,0.014999999664723873,49.30314254760742,81.02708435058594
2015-01-02,315.0320129394531,30.35504913330078,52.60922622680664,114.08000183105469,16.09950828552246,24.292724609375,94.66505432128906,17.790000915527344,2.122999906539917,0.014999999664723873,49.30314254760742,81.02708435058594
2015-01-03,281.0820007324219,30.35504913330078,52.60922622680664,114.08000183105469,16.09950828552246,24.292724609375,94.66505432128906,17.790000915527344,2.122999906539917,0.014999999664723873,49.30314254760742,81.02708435058594
2015-01-04,264.19500732421875,30.35504913330078,52.60922622680664,114.08000183105469,16.09950828552246,24.292724609375,94.66505432128906,17.790000915527344,2.122999906539917,0.014999999664723873,49.30314254760742,81.02708435058594
2015-01-05,274.4739990234375,29.814807891845703,51.81467819213867,115.80000305175781,15.592439651489258,23.860280990600586,93.27642059326172,19.920000076293945,2.0390000343322754,0.003000000026077032,48.846439361572266,81.35839080810547
2015-01-06,286.1889953613281,29.68954086303711,51.36669158935547,117.12000274658203,15.691039085388184,23.298547744750977,92.0257797241211,21.1200008392334,1.9630000591278076,0.019999999552965164,48.65935134887695,81.68972778320312
2015-01-07,294.3370056152344,30.331567764282227,51.949913024902344,116.43000030517578,15.817805290222168,23.60170555114746,93.21208953857422,19.309999465942383,1.9539999961853027,0.019999999552965164,48.96197509765625,81.79790496826172
2015-01-08,283.3489990234375,30.848316192626953,52.92196273803711,115.94000244140625,15.902318954467773,24.190181732177734,94.99610137939453,17.010000228881836,2.0160000324249268,0.017999999225139618,49.3306884765625,81.53423309326172
2015-01-09,290.4079895019531,30.746522903442383,52.46552658081055,117.26000213623047,15.733291625976562,24.11885643005371,94.37076568603516,17.549999237060547,1.9709999561309814,0.014999999664723873,49.57830047607422,81.75057983398438
2015-01-10,274.7959899902344,30.746522903442383,52.46552658081055,117.26000213623047,15.733291625976562,24.11885643005371,94.37076568603516,17.549999237060547,1.9709999561309814,0.014999999664723873,49.57830047607422,81.75057983398438
2015-01-11,265.6600036621094,30.746522903442383,52.46552658081055,117.26000213623047,15.733291625976562,24.11885643005371,94.37076568603516,17.549999237060547,1.9709999561309814,0.014999999664723873,49.57830047607422,81.75057983398438
2015-01-12,267.7959899902344,30.495969772338867,52.034454345703125,118.55999755859375,15.57835578918457,23.811237335205078,93.38678741455078,19.600000381469727,1.9119999408721924,0.013000000268220901,49.51774597167969,81.90614318847656
2015-01-13,225.86099243164062,30.762178421020508,51.8907470703125,118.16000366210938,15.113537788391113,23.677492141723633,93.35919952392578,20.559999465942383,1.8899999856948853,0.023000000044703484,49.51774597167969,81.98049926757812
2015-01-14,178.10299682617188,30.589941024780273,51.687889099121094,117.97000122070312,14.521956443786621,23.588329315185547,92.84423065185547,21.479999542236328,1.8370000123977661,0.02500000037252903,49.40216827392578,82.12249755859375
2015-01-15,209.843994140625,30.660409927368164,51.20608901977539,120.94000244140625,14.648720741271973,23.71761703491211,91.6395492553711,22.389999389648438,1.774999976158142,0.023000000044703484,49.09956359863281,82.54850006103516
2015-01-16,208.0970001220703,30.918779373168945,51.89919662475586,122.5199966430664,14.958598136901855,23.909320831298828,92.71546173095703,20.950000762939453,1.815000057220459,0.017999999225139618,49.286651611328125,82.0886459350586
2015-01-17,199.25999450683594,30.918779373168945,51.89919662475586,122.5199966430664,14.958598136901855,23.909320831298828,92.71546173095703,20.950000762939453,1.815000057220459,0.017999999225139618,49.286651611328125,82.0886459350586
2015-01-18,210.33900451660156,30.918779373168945,51.89919662475586,122.5199966430664,14.958598136901855,23.909320831298828,92.71546173095703,20.950000762939453,1.815000057220459,0.017999999225139618,49.286651611328125,82.0886459350586
2015-01-19,214.86099243164062,30.918779373168945,51.89919662475586,122.5199966430664,14.958598136901855,23.909320831298828,92.71546173095703,20.950000762939453,1.815000057220459,0.017999999225139618,49.286651611328125,82.0886459350586
2015-01-20,211.31500244140625,30.871795654296875,52.1358757019043,124.19999694824219,14.578295707702637,24.14560317993164,93.451171875,19.889999389648438,1.8070000410079956,0.00800000037997961,49.198585510253906,82.2779541015625
2015-01-21,226.89700317382812,31.552967071533203,52.23731231689453,124.2300033569336,14.606468200683594,24.45767593383789,93.92938232421875,18.850000381469727,1.8530000448226929,0.019999999552965164,49.4627571105957,82.24422454833984
2015-01-22,233.406005859375,32.15583801269531,53.074119567871094,125.2300033569336,14.451528549194336,24.676128387451172,95.66741943359375,16.399999618530273,1.8960000276565552,0.014999999664723873,49.528785705566406,82.20360565185547
2015-01-23,232.87899780273438,31.91312599182129,52.955787658691406,124.2300033569336,14.240249633789062,24.569133758544922,95.87895965576172,16.65999984741211,1.8170000314712524,0.013000000268220901,49.528785705566406,82.6836929321289
2015-01-24,247.8470001220703,31.91312599182129,52.955787658691406,124.2300033569336,14.240249633789062,24.569133758544922,95.87895965576172,16.65999984741211,1.8170000314712524,0.013000000268220901,49.528785705566406,82.6836929321289
2015-01-25,253.71800231933594,31.91312599182129,52.955787658691406,124.2300033569336,14.240249633789062,24.569133758544922,95.87895965576172,16.65999984741211,1.8170000314712524,0.013000000268220901,49.528785705566406,82.6836929321289
2015-01-26,273.4729919433594,31.928789138793945,53.04875564575195,122.98999786376953,14.367020606994629,24.573591232299805,95.76862335205078,15.520000457763672,1.8279999494552612,0.004999999888241291,49.754364013671875,82.66344451904297
2015-01-27,263.4750061035156,31.75653839111328,52.161231994628906,124.4000015258789,14.733237266540527,24.083187103271484,93.28564453125,17.219999313354492,1.8250000476837158,0.017999999225139618,49.71584701538086,82.72429656982422
2015-01-28,233.9149932861328,31.41203498840332,51.670989990234375,123.41999816894531,14.367020606994629,23.87811279296875,92.80742645263672,20.440000534057617,1.7239999771118164,0.014999999664723873,49.61131286621094,83.2855224609375
2015-01-29,233.51300048828125,31.41203498840332,52.16969299316406,120.76000213623047,14.183910369873047,24.011856079101562,93.69945526123047,18.760000228881836,1.7510000467300415,0.009999999776482582,49.787376403808594,83.08943176269531
2015-01-30,226.4250030517578,30.550796508789062,51.70479202270508,123.44999694824219,14.240249633789062,23.50808334350586,92.97296142578125,20.969999313354492,1.6749999523162842,0.004999999888241291,49.64983367919922,83.77236938476562
2015-01-31,217.46400451660156,30.550796508789062,51.70479202270508,123.44999694824219,14.240249633789062,23.50808334350586,92.97296142578125,20.969999313354492,1.6749999523162842,0.004999999888241291,49.64983367919922,83.77236938476562
2015-02-01,226.9720001220703,30.550796508789062,51.70479202270508,123.44999694824219,14.240249633789062,23.50808334350586,92.97296142578125,20.969999313354492,1.6749999523162842,0.004999999888241291,49.64983367919922,83.77236938476562
2015-02-02,238.22900390625,31.098857879638672,52.16969299316406,122.41999816894531,14.578295707702637,23.552663803100586,93.78227233886719,19.43000030517578,1.6729999780654907,0.004999999888241291,49.840423583984375,83.85033416748047
2015-02-03,227.26800537109375,31.686073303222656,52.955787658691406,121.05000305175781,14.831830978393555,23.887027740478516,94.6834487915039,17.329999923706055,1.7799999713897705,0.014999999664723873,50.122196197509766,83.17231750488281
2015-02-04,226.85299682617188,31.529483795166016,52.57543182373047,121.58000183105469,14.747322082519531,24.056438446044922,94.60067749023438,18.329999923706055,1.7970000505447388,0.004999999888241291,49.9122314453125,83.28755950927734
2015-02-05,217.11099243164062,31.717388153076172,53.21781921386719,121.79000091552734,15.18396282196045,24.297183990478516,95.41915130615234,16.850000381469727,1.815000057220459,0.00800000037997961,50.2050895690918,83.02316284179688
2015-02-06,222.26600646972656,31.177152633666992,52.86280822753906,118.63999938964844,15.395243644714355,24.03860855102539,94.83978271484375,17.290000915527344,1.937999963760376,0.014999999664723873,50.24378967285156,82.15531158447266
2015-02-07,227.75399780273438,31.177152633666992,52.86280822753906,118.63999938964844,15.395243644714355,24.03860855102539,94.83978271484375,17.290000915527344,1.937999963760376,0.014999999664723873,50.24378967285156,82.15531158447266
2015-02-08,223.41200256347656,31.177152633666992,52.86280822753906,118.63999938964844,15.395243644714355,24.03860855102539,94.83978271484375,17.290000915527344,1.937999963760376,0.014999999664723873,50.24378967285156,82.15531158447266
2015-02-09,220.11000061035156,31.130176544189453,52.69375991821289,119.16999816894531,15.282562255859375,23.722074508666992,94.53633117675781,18.549999237060547,1.9479999542236328,0.003000000026077032,50.122196197509766,82.20952606201172
2015-02-10,219.83900451660156,31.05187225341797,53.25162124633789,118.47000122070312,15.268477439880371,24.502260208129883,96.0076904296875,17.229999542236328,1.9910000562667847,0.004999999888241291,50.29348373413086,81.98578643798828
2015-02-11,219.18499755859375,30.8248233795166,53.2769889831543,117.06999969482422,14.944514274597168,24.644922256469727,96.357177734375,16.959999084472656,1.9880000352859497,0.004999999888241291,50.27687454223633,82.0400390625
2015-02-12,221.76400756835938,31.482505798339844,53.716514587402344,117.33999633789062,15.12762451171875,24.992666244506836,97.47911071777344,15.34000015258789,1.9859999418258667,0.00800000037997961,50.271366119384766,82.25020599365234
2015-02-13,235.427001953125,31.84266471862793,54.046173095703125,117.9800033569336,15.18396282196045,25.139781951904297,98.31596374511719,14.6899995803833,2.0209999084472656,0.004999999888241291,50.34318542480469,81.92475891113281
2015-02-14,257.3210144042969,31.84266471862793,54.046173095703125,117.9800033569336,15.18396282196045,25.139781951904297,98.31596374511719,14.6899995803833,2.0209999084472656,0.004999999888241291,50.34318542480469,81.92475891113281
2015-02-15,234.8249969482422,31.84266471862793,54.046173095703125,117.9800033569336,15.18396282196045,25.139781951904297,98.31596374511719,14.6899995803833,2.0209999084472656,0.004999999888241291,50.34318542480469,81.92475891113281
2015-02-16,233.84300231933594,31.84266471862793,54.046173095703125,117.9800033569336,15.18396282196045,25.139781951904297,98.31596374511719,14.6899995803833,2.0209999084472656,0.004999999888241291,50.34318542480469,81.92475891113281
2015-02-17,243.61000061035156,31.77219009399414,54.079986572265625,116.01000213623047,16.02908706665039,25.24677848815918,98.40791320800781,15.800000190734863,2.1449999809265137,0.00800000037997961,50.31005096435547,81.54505157470703
2015-02-18,236.3260040283203,31.764354705810547,54.18987274169922,116.33999633789062,15.944571495056152,25.162073135375977,98.54582977294922,15.449999809265137,2.065999984741211,0.013000000268220901,50.48129653930664,81.8366470336914
2015-02-19,240.2830047607422,31.631267547607422,54.29130554199219,115.94000244140625,15.86005973815918,25.17544937133789,99.033203125,15.289999961853027,2.11299991607666,0.013000000268220901,50.36532211303711,81.82302856445312
2015-02-20,243.7790069580078,31.84266471862793,54.688575744628906,115.27999877929688,15.691039085388184,25.291358947753906,99.69535827636719,14.300000190734863,2.132999897003174,0.009999999776482582,50.50343704223633,81.94511413574219
2015-02-21,244.53399658203125,31.84266471862793,54.688575744628906,115.27999877929688,15.691039085388184,25.291358947753906,99.69535827636719,14.300000190734863,2.132999897003174,0.009999999776482582,50.50343704223633,81.94511413574219
2015-02-22,235.9770050048828,31.84266471862793,54.688575744628906,115.27999877929688,15.691039085388184,25.291358947753906,99.69535827636719,14.300000190734863,2.132999897003174,0.009999999776482582,50.50343704223633,81.94511413574219
2015-02-23,238.89199829101562,31.521636962890625,54.73085021972656,115.43000030517578,15.634695053100586,25.10857391357422,99.79652404785156,14.5600004196167,2.059000015258789,0.014999999664723873,50.542091369628906,82.22308349609375
2015-02-24,238.73500061035156,31.975759506225586,54.84917068481445,115.26000213623047,15.761462211608887,25.62572479248047,99.87006378173828,13.6899995803833,1.9880000352859497,0.017999999225139618,50.591827392578125,82.75875091552734
2015-02-25,237.47000122070312,31.91312599182129,54.93370056152344,115.69999694824219,15.66286563873291,25.451858520507812,99.62179565429688,13.84000015258789,1.968999981880188,0.014999999664723873,50.75758361816406,82.83329772949219
2015-02-26,236.42599487304688,31.920949935913086,54.899879455566406,116.06999969482422,15.409329414367676,25.54547882080078,100.1275405883789,13.90999984741211,2.0160000324249268,0.013000000268220901,50.74651336669922,82.38580322265625
2015-02-27,253.8280029296875,31.897459030151367,54.815364837646484,116.16000366210938,15.522013664245605,25.398361206054688,99.68614196777344,13.34000015258789,2.002000093460083,0.00800000037997961,50.75758361816406,82.58248901367188
2015-02-28,254.26300048828125,31.897459030151367,54.815364837646484,116.16000366210938,15.522013664245605,25.398361206054688,99.68614196777344,13.34000015258789,2.002000093460083,0.00800000037997961,50.75758361816406,82.58248901367188
2015-03-01,260.2019958496094,31.897459030151367,54.815364837646484,116.16000366210938,15.522013664245605,25.398361206054688,99.68614196777344,13.34000015258789,2.002000093460083,0.00800000037997961,50.75758361816406,82.58248901367188
2015-03-02,275.6700134277344,31.850492477416992,55.23799514770508,115.68000030517578,15.381157875061035,26.067089080810547,100.58736419677734,13.039999961853027,2.0840001106262207,0.004999999888241291,50.748138427734375,81.86654663085938
2015-03-03,281.7019958496094,31.607769012451172,54.925254821777344,115.47000122070312,15.226221084594727,25.639101028442383,100.11840057373047,13.859999656677246,2.121999979019165,0.013000000268220901,50.60385513305664,81.81896209716797
2015-03-04,273.0920104980469,31.263267517089844,54.6970329284668,115.11000061035156,15.423417091369629,25.59897804260254,99.73212432861328,14.229999542236328,2.122999906539917,0.009999999776482582,50.50954818725586,81.76457214355469
2015-03-05,276.1780090332031,31.21629524230957,54.8660888671875,115.0,15.536097526550293,25.59006118774414,99.9068603515625,14.039999961853027,2.111999988555908,0.003000000026077032,50.60385513305664,81.87335205078125
2015-03-06,272.7229919433594,30.738689422607422,54.0377197265625,111.86000061035156,15.198051452636719,25.26906967163086,98.77574157714844,15.199999809265137,2.240000009536743,0.004999999888241291,50.28205490112305,81.0031967163086
2015-03-07,276.260986328125,30.738689422607422,54.0377197265625,111.86000061035156,15.198051452636719,25.26906967163086,98.77574157714844,15.199999809265137,2.240000009536743,0.004999999888241291,50.28205490112305,81.0031967163086
2015-03-08,274.35400390625,30.738689422607422,54.0377197265625,111.86000061035156,15.198051452636719,25.26906967163086,98.77574157714844,15.199999809265137,2.240000009536743,0.004999999888241291,50.28205490112305,81.0031967163086
2015-03-09,289.60699462890625,30.621257781982422,54.34202194213867,111.97000122070312,14.986774444580078,25.179906845092773,99.06078338623047,15.0600004196167,2.194999933242798,0.004999999888241291,50.17659378051758,81.32948303222656
2015-03-10,291.760009765625,29.940088272094727,53.437583923339844,111.41999816894531,14.493786811828613,24.667211532592773,97.22161102294922,16.690000534057617,2.125999927520752,0.009999999776482582,49.9824333190918,81.45863342285156
2015-03-11,296.3789978027344,30.167142868041992,53.1671142578125,110.75,14.395188331604004,24.85000228881836,96.66063690185547,16.8700008392334,2.1089999675750732,0.013000000268220901,50.121150970458984,81.87335205078125
2015-03-12,294.35400390625,30.35504913330078,53.7249755859375,110.72000122070312,14.620553016662598,24.711795806884766,97.29515838623047,15.420000076293945,2.0959999561309814,0.017999999225139618,50.22100067138672,81.79178619384766
2015-03-13,285.3370056152344,29.987062454223633,53.36151123046875,110.87999725341797,14.409274101257324,24.9168701171875,96.87212371826172,16.0,2.111999988555908,0.023000000044703484,50.04899215698242,81.56063079833984
2015-03-14,281.885009765625,29.987062454223633,53.36151123046875,110.87999725341797,14.409274101257324,24.9168701171875,96.87212371826172,16.0,2.111999988555908,0.023000000044703484,50.04899215698242,81.56063079833984
2015-03-15,286.39300537109375,29.987062454223633,53.36151123046875,110.87999725341797,14.409274101257324,24.9168701171875,96.87212371826172,16.0,2.111999988555908,0.023000000044703484,50.04899215698242,81.56063079833984
2015-03-16,290.5929870605469,30.347217559814453,54.14760208129883,110.80999755859375,14.507869720458984,25.24677848815918,98.12281799316406,15.609999656677246,2.0980000495910645,0.029999999329447746,49.99908447265625,81.64216613769531
2015-03-17,285.5050048828125,30.699548721313477,53.910926818847656,110.20999908447266,14.648720741271973,25.077369689941406,98.2791519165039,15.65999984741211,2.058000087738037,0.04800000041723251,49.749366760253906,81.77819061279297
2015-03-18,256.29901123046875,31.451183319091797,54.57023239135742,112.37000274658203,15.099454879760742,25.30919075012207,99.24472045898438,13.970000267028809,1.9509999752044678,0.03799999877810478,50.19326400756836,82.78436279296875
2015-03-19,260.9280090332031,30.918779373168945,54.56179428100586,112.29000091552734,14.620553016662598,25.34040069580078,99.39189147949219,14.069999694824219,1.9769999980926514,0.009999999776482582,49.79375457763672,82.36284637451172
2015-03-20,261.7489929199219,31.38071632385254,55.085845947265625,113.56999969482422,14.817749977111816,25.741641998291016,100.03524780273438,13.020000457763672,1.9299999475479126,0.003000000026077032,50.18217468261719,82.59400177001953
2015-03-21,260.0249938964844,31.38071632385254,55.085845947265625,113.56999969482422,14.817749977111816,25.741641998291016,100.03524780273438,13.020000457763672,1.9299999475479126,0.003000000026077032,50.18217468261719,82.59400177001953
2015-03-22,267.9599914550781,31.38071632385254,55.085845947265625,113.56999969482422,14.817749977111816,25.741641998291016,100.03524780273438,13.020000457763672,1.9299999475479126,0.003000000026077032,50.18217468261719,82.59400177001953
2015-03-23,266.739990234375,31.474666595458984,55.0774040222168,114.29000091552734,15.000858306884766,25.514270782470703,99.84169006347656,13.40999984741211,1.9149999618530273,0.003000000026077032,50.22100067138672,82.78436279296875
2015-03-24,245.59500122070312,31.599952697753906,54.6970329284668,114.56999969482422,15.043115615844727,25.282445907592773,99.48224639892578,13.619999885559082,1.878000020980835,0.014999999664723873,50.2986946105957,82.90673065185547
2015-03-25,246.19700622558594,31.098857879638672,53.91242599487305,114.7300033569336,15.057197570800781,24.101024627685547,97.20553588867188,15.4399995803833,1.9199999570846558,0.017999999225139618,50.16551208496094,82.6347885131836
2015-03-26,248.53199768066406,30.809162139892578,53.82761001586914,115.4800033569336,14.860002517700195,23.927152633666992,96.87371826171875,15.800000190734863,2.006999969482422,0.02800000086426735,50.15998458862305,82.1248779296875
2015-03-27,247.0290069580078,30.895288467407227,53.85306167602539,115.05999755859375,14.59238338470459,24.6939640045166,97.26082611083984,15.069999694824219,1.9479999542236328,0.029999999329447746,50.198829650878906,82.45121002197266
2015-03-28,252.79800415039062,30.895288467407227,53.85306167602539,115.05999755859375,14.59238338470459,24.6939640045166,97.26082611083984,15.069999694824219,1.9479999542236328,0.029999999329447746,50.198829650878906,82.45121002197266
2015-03-29,242.71299743652344,30.895288467407227,53.85306167602539,115.05999755859375,14.59238338470459,24.6939640045166,97.26082611083984,15.069999694824219,1.9479999542236328,0.029999999329447746,50.198829650878906,82.45121002197266
2015-03-30,247.5260009765625,31.490325927734375,54.472259521484375,113.75,14.521956443786621,24.903499603271484,98.37613677978516,14.510000228881836,1.9630000591278076,0.023000000044703484,50.33751678466797,82.59400177001953
2015-03-31,244.2239990234375,31.419872283935547,53.95484161376953,113.66000366210938,14.493786811828613,24.653839111328125,97.3345718383789,15.289999961853027,1.934000015258789,0.02500000037252903,50.27649688720703,82.74357604980469
2015-04-01,247.27200317382812,31.811344146728516,53.632530212402344,115.5999984741211,14.465616226196289,24.413095474243164,96.8276138305664,15.109999656677246,1.8680000305175781,0.032999999821186066,50.38016891479492,82.98149871826172
2015-04-02,253.0050048828125,32.288936614990234,53.73431396484375,115.27999877929688,14.507869720458984,24.47996711730957,96.89213562011719,14.670000076293945,1.9040000438690186,0.009999999776482582,50.41920471191406,82.84513854980469
2015-04-03,254.32200622558594,32.288936614990234,53.73431396484375,115.27999877929688,14.507869720458984,24.47996711730957,96.89213562011719,14.670000076293945,1.9040000438690186,0.009999999776482582,50.41920471191406,82.84513854980469
2015-04-04,253.69700622558594,32.288936614990234,53.73431396484375,115.27999877929688,14.507869720458984,24.47996711730957,96.89213562011719,14.670000076293945,1.9040000438690186,0.009999999776482582,50.41920471191406,82.84513854980469
2015-04-05,260.5979919433594,32.288936614990234,53.73431396484375,115.27999877929688,14.507869720458984,24.47996711730957,96.89213562011719,14.670000076293945,1.9040000438690186,0.009999999776482582,50.41920471191406,82.84513854980469
2015-04-06,255.49200439453125,32.70390701293945,54.03118133544922,116.69000244140625,14.507869720458984,24.542381286621094,97.68482971191406,14.739999771118164,1.9040000438690186,0.003000000026077032,50.54737854003906,82.95420837402344
2015-04-07,253.17999267578125,32.539485931396484,54.13296890258789,116.11000061035156,14.521956443786621,24.55575942993164,97.51892852783203,14.779999732971191,1.8930000066757202,0.014999999664723873,50.81492233276367,83.25408172607422
2015-04-08,245.02200317382812,33.22066116333008,54.20082473754883,115.47000122070312,14.381105422973633,24.676128387451172,98.29320526123047,13.979999542236328,1.8949999809265137,0.017999999225139618,50.80376052856445,83.22687530517578
2015-04-09,243.67599487304688,33.54948806762695,54.472259521484375,114.66999816894531,14.437445640563965,24.921329498291016,98.91072082519531,13.09000015258789,1.9579999446868896,0.019999999552965164,50.75358581542969,82.80422973632812
2015-04-10,236.07200622558594,33.57298278808594,54.60795593261719,115.97000122070312,14.521956443786621,25.068449020385742,99.31632232666016,12.579999923706055,1.9509999752044678,0.014999999664723873,50.870670318603516,82.92015838623047
2015-04-11,236.552001953125,33.57298278808594,54.60795593261719,115.97000122070312,14.521956443786621,25.068449020385742,99.31632232666016,12.579999923706055,1.9509999752044678,0.014999999664723873,50.870670318603516,82.92015838623047
2015-04-12,236.1529998779297,33.57298278808594,54.60795593261719,115.97000122070312,14.521956443786621,25.068449020385742,99.31632232666016,12.579999923706055,1.9509999752044678,0.014999999664723873,50.870670318603516,82.92015838623047
2015-04-13,224.58700561523438,33.37724304199219,54.42983627319336,115.13999938964844,14.550127983093262,24.894582748413086,99.06745147705078,13.9399995803833,1.9390000104904175,0.004999999888241291,50.77587890625,82.89281463623047
2015-04-14,219.15899658203125,33.526004791259766,54.29413986206055,114.44000244140625,14.465616226196289,24.667211532592773,98.78166961669922,13.670000076293945,1.9040000438690186,0.009999999776482582,50.798187255859375,83.08370971679688
2015-04-15,223.83299255371094,33.76088333129883,54.633426666259766,115.43000030517578,15.085367202758789,25.12640953063965,99.39925384521484,12.84000015258789,1.899999976158142,0.014999999664723873,50.99888229370117,83.13825988769531
2015-04-16,228.572998046875,34.02709197998047,54.49769973754883,115.02999877929688,15.071284294128418,25.01495361328125,99.26097869873047,12.600000381469727,1.878000020980835,0.009999999776482582,50.892940521240234,83.09053802490234
2015-04-17,222.8820037841797,33.43206024169922,53.81063461303711,115.5999984741211,14.91634750366211,24.6939640045166,97.7125015258789,13.890000343322754,1.850000023841858,0.013000000268220901,50.736854553222656,83.31549835205078
2015-04-18,223.3560028076172,33.43206024169922,53.81063461303711,115.5999984741211,14.91634750366211,24.6939640045166,97.7125015258789,13.890000343322754,1.850000023841858,0.013000000268220901,50.736854553222656,83.31549835205078
2015-04-19,222.60000610351562,33.43206024169922,53.81063461303711,115.5999984741211,14.91634750366211,24.6939640045166,97.7125015258789,13.890000343322754,1.850000023841858,0.013000000268220901,50.736854553222656,83.31549835205078
2015-04-20,224.62600708007812,33.40074157714844,54.40438461303711,114.72000122070312,15.268477439880371,24.89904022216797,99.17803192138672,13.300000190734863,1.8949999809265137,0.013000000268220901,50.848358154296875,83.11780548095703
2015-04-21,235.2689971923828,33.596473693847656,54.45528793334961,115.37999725341797,15.198051452636719,25.059534072875977,99.60202026367188,13.25,1.9160000085830688,0.019999999552965164,50.881805419921875,83.09737396240234
2015-04-22,234.17599487304688,33.956642150878906,54.777610778808594,113.83000183105469,16.127681732177734,25.514270782470703,100.14583587646484,12.710000038146973,1.972000002861023,0.019999999552965164,50.83161926269531,82.55879974365234
2015-04-23,236.46200561523438,34.20717239379883,55.040550231933594,114.66000366210938,16.831945419311523,25.251237869262695,100.52376556396484,12.479999542236328,1.9470000267028809,0.019999999552965164,50.81492233276367,82.7701644897461
2015-04-24,231.26800537109375,34.33244323730469,55.24412536621094,113.05000305175781,16.648841857910156,24.983745574951172,101.8879165649414,12.289999961853027,1.9170000553131104,0.014999999664723873,50.898536682128906,82.92694091796875
2015-04-25,226.38999938964844,34.33244323730469,55.24412536621094,113.05000305175781,16.648841857910156,24.983745574951172,101.8879165649414,12.289999961853027,1.9170000553131104,0.014999999664723873,50.898536682128906,82.92694091796875
2015-04-26,219.42999267578125,34.33244323730469,55.24412536621094,113.05000305175781,16.648841857910156,24.983745574951172,101.8879165649414,12.289999961853027,1.9170000553131104,0.014999999664723873,50.898536682128906,82.92694091796875
2015-04-27,229.28599548339844,34.46554946899414,55.032081604003906,115.33000183105469,16.677011489868164,25.184362411499023,101.62982940673828,13.119999885559082,1.9240000247955322,0.013000000268220901,50.915199279785156,82.86555480957031
2015-04-28,225.85499572753906,34.52035903930664,55.0914421081543,116.33000183105469,17.043228149414062,25.166528701782227,101.42706298828125,12.40999984741211,1.9730000495910645,0.013000000268220901,50.83717727661133,82.37477111816406
2015-04-29,225.80799865722656,34.08972930908203,54.777610778808594,115.51000213623047,16.930545806884766,24.983745574951172,100.7910385131836,13.390000343322754,2.0350000858306885,0.003000000026077032,50.74248504638672,81.69310760498047
2015-04-30,236.14500427246094,33.57298278808594,54.04814529418945,113.47000122070312,16.536155700683594,24.72517204284668,99.20569610595703,14.550000190734863,2.0460000038146973,0.004999999888241291,50.714561462402344,81.76126098632812
2015-05-01,232.07899475097656,33.77655029296875,54.82001495361328,113.08000183105469,16.367130279541016,25.429567337036133,100.51457214355469,12.699999809265137,2.117000102996826,0.003000000026077032,50.82768249511719,81.3100814819336
2015-05-02,234.92999267578125,33.77655029296875,54.82001495361328,113.08000183105469,16.367130279541016,25.429567337036133,100.51457214355469,12.699999809265137,2.117000102996826,0.003000000026077032,50.82768249511719,81.3100814819336
2015-05-03,240.35800170898438,33.77655029296875,54.82001495361328,113.08000183105469,16.367130279541016,25.429567337036133,100.51457214355469,12.699999809265137,2.117000102996826,0.003000000026077032,50.82768249511719,81.3100814819336
2015-05-04,239.01800537109375,33.9722900390625,54.93876266479492,114.0999984741211,16.409385681152344,25.291358947753906,100.68047332763672,12.850000381469727,2.134999990463257,0.003000000026077032,50.81647491455078,81.05035400390625
2015-05-05,236.12100219726562,33.60429763793945,54.37046432495117,114.41999816894531,16.310789108276367,24.80987548828125,99.039794921875,14.3100004196167,2.1760001182556152,0.00800000037997961,50.74927520751953,80.91362762451172
2015-05-06,229.78199768066406,33.18933868408203,54.06511306762695,114.36000061035156,15.986827850341797,24.805419921875,98.3576889038086,15.149999618530273,2.240000009536743,0.009999999776482582,50.59814453125,80.5650405883789
2015-05-07,237.33399963378906,33.14236068725586,54.353511810302734,113.41999816894531,15.888229370117188,24.983745574951172,98.94759368896484,15.130000114440918,2.184000015258789,0.004999999888241291,50.59256362915039,80.88628387451172
2015-05-08,243.86300659179688,33.565147399902344,55.16779327392578,113.97000122070312,16.198110580444336,25.220029830932617,100.18274688720703,12.859999656677246,2.1500000953674316,0.003000000026077032,50.99003982543945,81.35108947753906
2015-05-09,241.83200073242188,33.565147399902344,55.16779327392578,113.97000122070312,16.198110580444336,25.220029830932617,100.18274688720703,12.859999656677246,2.1500000953674316,0.003000000026077032,50.99003982543945,81.35108947753906
2015-05-10,240.29600524902344,33.565147399902344,55.16779327392578,113.97000122070312,16.198110580444336,25.220029830932617,100.18274688720703,12.859999656677246,2.1500000953674316,0.003000000026077032,50.99003982543945,81.35108947753906
2015-05-11,242.1580047607422,33.2441520690918,54.998146057128906,113.52999877929688,16.000913619995117,25.21111297607422,99.79561614990234,13.850000381469727,2.2739999294281006,0.004999999888241291,50.67091751098633,80.53084564208984
2015-05-12,241.11199951171875,33.1345329284668,54.82851028442383,114.5,16.184017181396484,25.0194091796875,99.34397888183594,13.859999656677246,2.259999990463257,0.013000000268220901,50.665321350097656,80.41464233398438
2015-05-13,236.3769989013672,33.197174072265625,54.81153869628906,116.55000305175781,16.7474365234375,25.144243240356445,99.5467529296875,13.760000228881836,2.2820000648498535,0.009999999776482582,50.59256362915039,80.33949279785156
2015-05-14,236.9290008544922,33.526004791259766,55.47316360473633,117.18000030517578,17.015058517456055,25.402814865112305,101.00308990478516,12.739999771118164,2.239000082015991,0.009999999776482582,50.8388557434082,80.61284637451172
2015-05-15,237.60499572753906,33.784385681152344,55.51555633544922,117.52999877929688,16.775604248046875,25.43848419189453,101.00308990478516,12.380000114440918,2.1410000324249268,0.009999999776482582,50.950828552246094,81.17337036132812
2015-05-16,236.1529998779297,33.784385681152344,55.51555633544922,117.52999877929688,16.775604248046875,25.43848419189453,101.00308990478516,12.380000114440918,2.1410000324249268,0.009999999776482582,50.950828552246094,81.17337036132812
2015-05-17,236.802001953125,33.784385681152344,55.51555633544922,117.52999877929688,16.775604248046875,25.43848419189453,101.00308990478516,12.380000114440918,2.1410000324249268,0.009999999776482582,50.950828552246094,81.17337036132812
2015-05-18,233.1280059814453,33.43987274169922,55.668243408203125,117.5199966430664,16.465726852416992,25.661392211914062,101.44548797607422,12.729999542236328,2.2279999256134033,0.00800000037997961,50.86688232421875,80.55130004882812
2015-05-19,231.94700622558594,33.49468231201172,55.71912384033203,115.88999938964844,16.07133674621582,25.616811752319336,101.33489227294922,12.850000381469727,2.26200008392334,0.009999999776482582,50.78849792480469,80.12069702148438
2015-05-20,234.01800537109375,33.471195220947266,55.65975570678711,116.08000183105469,15.86005973815918,25.692598342895508,101.39942169189453,12.880000114440918,2.250999927520752,0.013000000268220901,50.72686004638672,80.21638488769531
2015-05-21,235.343994140625,33.353763580322266,55.7530632019043,115.69000244140625,15.733291625976562,25.741641998291016,101.9248046875,12.109999656677246,2.184999942779541,0.013000000268220901,50.79969024658203,80.59919738769531
2015-05-22,240.34800720214844,33.46337127685547,55.583404541015625,115.5999984741211,15.620609283447266,25.76392936706543,101.82343292236328,12.130000114440918,2.2149999141693115,0.009999999776482582,50.8388557434082,80.54452514648438
2015-05-23,238.8719940185547,33.46337127685547,55.583404541015625,115.5999984741211,15.620609283447266,25.76392936706543,101.82343292236328,12.130000114440918,2.2149999141693115,0.009999999776482582,50.8388557434082,80.54452514648438
2015-05-24,240.9530029296875,33.46337127685547,55.583404541015625,115.5999984741211,15.620609283447266,25.76392936706543,101.82343292236328,12.130000114440918,2.2149999141693115,0.009999999776482582,50.8388557434082,80.54452514648438
2015-05-25,237.11000061035156,33.46337127685547,55.583404541015625,115.5999984741211,15.620609283447266,25.76392936706543,101.82343292236328,12.130000114440918,2.2149999141693115,0.009999999776482582,50.8388557434082,80.54452514648438
2015-05-26,237.11599731445312,32.930973052978516,54.904850006103516,113.91000366210938,15.141708374023438,25.558853149414062,100.65280151367188,14.0600004196167,2.13700008392334,0.009999999776482582,50.73248291015625,80.89995574951172
2015-05-27,237.2830047607422,32.93879318237305,55.35439682006836,113.88999938964844,15.32481861114502,26.512907028198242,102.27507019042969,13.270000457763672,2.134999990463257,0.013000000268220901,50.844486236572266,80.9820327758789
2015-05-28,237.4080047607422,32.50817108154297,55.32046890258789,114.0199966430664,15.352989196777344,26.548574447631836,102.04460906982422,13.3100004196167,2.130000114440918,0.003000000026077032,50.82208251953125,80.81108856201172
2015-05-29,237.0959930419922,32.19499206542969,54.870914459228516,114.0999984741211,15.437500953674316,26.664487838745117,101.43628692626953,13.84000015258789,2.0950000286102295,0.003000000026077032,50.894874572753906,80.84529113769531
2015-05-30,233.34500122070312,32.19499206542969,54.870914459228516,114.0999984741211,15.437500953674316,26.664487838745117,101.43628692626953,13.84000015258789,2.0950000286102295,0.003000000026077032,50.894874572753906,80.84529113769531
2015-05-31,230.19000244140625,32.19499206542969,54.870914459228516,114.0999984741211,15.437500953674316,26.664487838745117,101.43628692626953,13.84000015258789,2.0950000286102295,0.003000000026077032,50.894874572753906,80.84529113769531
2015-06-01,222.92599487304688,32.06971740722656,55.01511001586914,114.0,15.282562255859375,26.570865631103516,101.77731323242188,13.970000267028809,2.191999912261963,0.00800000037997961,50.9803352355957,80.39216613769531
2015-06-02,225.80299377441406,32.19499206542969,54.964210510253906,114.45999908447266,15.592439651489258,26.191919326782227,101.45469665527344,14.239999771118164,2.2660000324249268,0.009999999776482582,50.88474655151367,79.98089599609375
2015-06-03,225.87399291992188,32.03056716918945,55.06601333618164,113.63999938964844,15.437500953674316,26.00913429260254,101.75888061523438,13.65999984741211,2.365999937057495,0.009999999776482582,50.60919189453125,79.46678924560547
2015-06-04,224.32400512695312,31.545137405395508,54.5655632019043,112.83999633789062,15.437500953674316,25.701519012451172,100.984619140625,14.710000038146973,2.306999921798706,0.004999999888241291,50.44612503051758,79.87811279296875
2015-06-05,224.95199584960938,31.404205322265625,54.45528793334961,112.23999786376953,15.352989196777344,25.62572479248047,100.7449951171875,14.210000038146973,2.4019999504089355,0.009999999776482582,50.29432678222656,79.47364807128906
2015-06-06,225.61900329589844,31.404205322265625,54.45528793334961,112.23999786376953,15.352989196777344,25.62572479248047,100.7449951171875,14.210000038146973,2.4019999504089355,0.009999999776482582,50.29432678222656,79.47364807128906
2015-06-07,222.88099670410156,31.404205322265625,54.45528793334961,112.23999786376953,15.352989196777344,25.62572479248047,100.7449951171875,14.210000038146973,2.4019999504089355,0.009999999776482582,50.29432678222656,79.47364807128906
2015-06-08,228.48899841308594,31.396377563476562,54.107505798339844,112.56999969482422,15.198051452636719,25.166528701782227,99.72183990478516,15.289999961853027,2.38100004196167,0.009999999776482582,50.29432678222656,79.41877746582031
2015-06-09,229.04800415039062,31.208467483520508,54.099029541015625,112.81999969482422,15.155793190002441,25.193281173706055,99.55596923828125,14.470000267028809,2.4170000553131104,0.013000000268220901,50.2099723815918,79.06233215332031
2015-06-10,228.80299377441406,31.662582397460938,54.83698654174805,113.77999877929688,15.367073059082031,25.57668685913086,100.92011260986328,13.220000267028809,2.4779999256134033,0.013000000268220901,50.277427673339844,78.84986114501953
2015-06-11,229.7050018310547,31.5059871673584,55.057518005371094,113.26000213623047,15.395243644714355,25.607894897460938,101.06758117675781,12.850000381469727,2.382999897003174,0.00800000037997961,50.37864685058594,79.54902648925781
2015-06-12,229.98199462890625,31.5059871673584,54.61646270751953,113.2300033569336,15.029023170471191,25.389442443847656,100.2380142211914,13.779999732971191,2.384999990463257,0.004999999888241291,50.19307327270508,79.41197204589844
2015-06-13,232.40199279785156,31.5059871673584,54.61646270751953,113.2300033569336,15.029023170471191,25.389442443847656,100.2380142211914,13.779999732971191,2.384999990463257,0.004999999888241291,50.19307327270508,79.41197204589844
2015-06-14,233.54299926757812,31.5059871673584,54.61646270751953,113.2300033569336,15.029023170471191,25.389442443847656,100.2380142211914,13.779999732971191,2.384999990463257,0.004999999888241291,50.19307327270508,79.41197204589844
2015-06-15,236.822998046875,31.153675079345703,54.32806396484375,113.7300033569336,14.648720741271973,25.3181095123291,99.74030303955078,15.390000343322754,2.3580000400543213,0.003000000026077032,49.956886291503906,79.39825439453125
2015-06-16,250.89500427246094,31.161489486694336,54.684303283691406,113.31999969482422,14.507869720458984,25.429567337036133,100.28412628173828,14.8100004196167,2.318000078201294,0.00800000037997961,50.2380485534668,79.5970230102539
2015-06-17,249.28399658203125,31.349401473999023,54.89634323120117,113.8499984741211,14.465616226196289,25.451858520507812,100.56065368652344,14.5,2.305999994277954,0.003000000026077032,50.19307327270508,79.59016418457031
2015-06-18,249.0070037841797,31.63909149169922,55.464656829833984,115.31999969482422,14.268423080444336,25.812969207763672,102.02619934082031,13.1899995803833,2.3510000705718994,0.003000000026077032,50.37864685058594,79.44625854492188
2015-06-19,244.6060028076172,31.36505889892578,55.286537170410156,115.12000274658203,13.94445514678955,25.719350814819336,101.52175903320312,13.960000038146973,2.2669999599456787,0.003000000026077032,50.406742095947266,79.87125396728516
2015-06-20,245.21200561523438,31.36505889892578,55.286537170410156,115.12000274658203,13.94445514678955,25.719350814819336,101.52175903320312,13.960000038146973,2.2669999599456787,0.003000000026077032,50.406742095947266,79.87125396728516
2015-06-21,243.94400024414062,31.36505889892578,55.286537170410156,115.12000274658203,13.94445514678955,25.719350814819336,101.52175903320312,13.960000038146973,2.2669999599456787,0.003000000026077032,50.406742095947266,79.87125396728516
2015-06-22,246.99000549316406,31.819168090820312,55.48162078857422,113.63999938964844,13.874030113220215,25.9422607421875,102.27008819580078,12.739999771118164,2.359999895095825,0.003000000026077032,50.50796890258789,79.24058532714844
2015-06-23,244.29600524902344,32.13235855102539,55.3883171081543,112.88999938964844,13.916288375854492,25.817428588867188,102.35324096679688,12.109999656677246,2.4089999198913574,0.00800000037997961,50.47425842285156,79.06233215332031
2015-06-24,240.51499938964844,31.905298233032227,55.08494186401367,112.58999633789062,13.719091415405273,25.616811752319336,101.8266372680664,13.260000228881836,2.371000051498413,0.004999999888241291,50.33929443359375,79.28173065185547
2015-06-25,242.7989959716797,31.795650482177734,54.88042068481445,112.44000244140625,13.592327117919922,25.67476463317871,101.62338256835938,14.010000228881836,2.3929998874664307,0.004999999888241291,50.187442779541016,79.15143585205078
2015-06-26,243.593994140625,31.495914459228516,54.82927703857422,112.55999755859375,13.53598403930664,24.92578887939453,100.948974609375,14.020000457763672,2.4760000705718994,0.004999999888241291,50.0412483215332,78.7881851196289
2015-06-27,250.99000549316406,31.495914459228516,54.82927703857422,112.55999755859375,13.53598403930664,24.92578887939453,100.948974609375,14.020000457763672,2.4760000705718994,0.004999999888241291,50.0412483215332,78.7881851196289
2015-06-28,249.01100158691406,31.495914459228516,54.82927703857422,112.55999755859375,13.53598403930664,24.92578887939453,100.948974609375,14.020000457763672,2.4760000705718994,0.004999999888241291,50.0412483215332,78.7881851196289
2015-06-29,257.0639953613281,30.79391860961914,53.610679626464844,113.06999969482422,13.071168899536133,24.212480545043945,98.56547546386719,18.850000381469727,2.3310000896453857,0.004999999888241291,49.6982536315918,79.47364807128906
2015-06-30,263.0719909667969,31.251388549804688,53.85780715942383,112.37000274658203,12.986656188964844,24.328392028808594,98.9165267944336,18.229999542236328,2.3350000381469727,0.009999999776482582,49.93439865112305,79.32284545898438
2015-07-01,258.6210021972656,31.227739334106445,54.13050842285156,111.9800033569336,12.902144432067871,24.422014236450195,99.70177459716797,16.09000015258789,2.4179999828338623,0.003000000026077032,49.9428596496582,79.06848907470703
2015-07-02,255.41200256347656,31.377601623535156,54.21571731567383,111.76000213623047,12.930316925048828,24.573591232299805,99.72950744628906,16.790000915527344,2.3929998874664307,0.003000000026077032,50.1292839050293,79.37091827392578
2015-07-03,256.33599853515625,31.377601623535156,54.21571731567383,111.76000213623047,12.930316925048828,24.573591232299805,99.72950744628906,16.790000915527344,2.3929998874664307,0.003000000026077032,50.1292839050293,79.37091827392578
2015-07-04,260.885986328125,31.377601623535156,54.21571731567383,111.76000213623047,12.930316925048828,24.573591232299805,99.72950744628906,16.790000915527344,2.3929998874664307,0.003000000026077032,50.1292839050293,79.37091827392578
2015-07-05,271.9129943847656,31.377601623535156,54.21571731567383,111.76000213623047,12.930316925048828,24.573591232299805,99.72950744628906,16.790000915527344,2.3929998874664307,0.003000000026077032,50.1292839050293,79.37091827392578
2015-07-06,269.0299987792969,30.502058029174805,53.985633850097656,112.05999755859375,12.45141887664795,24.17681121826172,99.49854278564453,17.010000228881836,2.2780001163482666,0.004999999888241291,49.96549606323242,79.68717956542969
2015-07-07,266.2070007324219,30.044570922851562,54.36057662963867,110.76000213623047,12.423245429992676,24.056438446044922,99.74798583984375,16.09000015258789,2.2309999465942383,0.009999999776482582,50.00501251220703,80.01717376708984
2015-07-08,270.7850036621094,29.011268615722656,53.533966064453125,111.08999633789062,11.972516059875488,23.427833557128906,98.01113891601562,19.65999984741211,2.2060000896453857,0.009999999776482582,49.756465911865234,80.12715148925781
2015-07-09,269.2279968261719,29.571300506591797,53.69588851928711,111.36000061035156,11.972516059875488,23.16480255126953,97.95570373535156,19.969999313354492,2.3010001182556152,0.00800000037997961,49.869441986083984,79.59782409667969
2015-07-10,284.8940124511719,30.320636749267578,54.25832748413086,111.48999786376953,12.057024955749512,23.58386993408203,99.45234680175781,16.829999923706055,2.4170000553131104,0.00800000037997961,50.157508850097656,79.08914184570312
2015-07-11,293.114990234375,30.320636749267578,54.25832748413086,111.48999786376953,12.057024955749512,23.58386993408203,99.45234680175781,16.829999923706055,2.4170000553131104,0.00800000037997961,50.157508850097656,79.08914184570312
2015-07-12,310.86700439453125,30.320636749267578,54.25832748413086,111.48999786376953,12.057024955749512,23.58386993408203,99.45234680175781,16.829999923706055,2.4170000553131104,0.00800000037997961,50.157508850097656,79.08914184570312
2015-07-13,292.0539855957031,30.525724411010742,54.982666015625,110.98999786376953,12.197876930236816,23.788949966430664,101.19844055175781,13.899999618530273,2.430000066757202,0.00800000037997961,50.20268630981445,78.91730499267578
2015-07-14,287.4639892578125,30.580942153930664,55.22129821777344,110.73999786376953,12.338732719421387,23.980648040771484,101.86357879638672,13.369999885559082,2.3989999294281006,0.009999999776482582,50.15187072753906,78.98596954345703
2015-07-15,285.8290100097656,30.233877182006836,55.187198638916016,110.16000366210938,12.127452850341797,23.860280990600586,101.97443389892578,13.229999542236328,2.3499999046325684,0.013000000268220901,50.15187072753906,79.19223022460938
2015-07-16,278.0889892578125,30.612491607666016,55.57920837402344,109.76000213623047,12.183793067932129,23.846906661987305,103.41564178466797,12.109999656677246,2.3519999980926514,0.009999999776482582,50.230934143066406,79.31598663330078
2015-07-17,279.47198486328125,30.57304573059082,55.96269226074219,108.6500015258789,11.902087211608887,23.833528518676758,104.94002532958984,11.949999809265137,2.3489999771118164,0.013000000268220901,50.09540557861328,79.37091827392578
2015-07-18,274.9010009765625,30.57304573059082,55.96269226074219,108.6500015258789,11.902087211608887,23.833528518676758,104.94002532958984,11.949999809265137,2.3489999771118164,0.013000000268220901,50.09540557861328,79.37091827392578
2015-07-19,273.614013671875,30.57304573059082,55.96269226074219,108.6500015258789,11.902087211608887,23.833528518676758,104.94002532958984,11.949999809265137,2.3489999771118164,0.013000000268220901,50.09540557861328,79.37091827392578
2015-07-20,278.9809875488281,30.3758544921875,56.081993103027344,105.69999694824219,11.60629653930664,23.641826629638672,105.30032348632812,12.25,2.371999979019165,0.023000000044703484,49.86380386352539,79.18535614013672
2015-07-21,275.8330078125,30.383745193481445,55.92008972167969,105.37000274658203,11.620381355285645,23.62399673461914,105.23564910888672,12.220000267028809,2.3399999141693115,0.029999999329447746,49.77342987060547,79.35031127929688
2015-07-22,277.22198486328125,29.94991683959961,55.68999099731445,104.80000305175781,11.845746040344238,23.04888916015625,104.04389190673828,12.119999885559082,2.322000026702881,0.029999999329447746,49.451473236083984,79.45347595214844
2015-07-23,276.04901123046875,29.658065795898438,55.391719818115234,104.33000183105469,11.620381355285645,23.3698787689209,103.65583801269531,12.640000343322754,2.2769999504089355,0.029999999329447746,49.4232292175293,79.68717956542969
2015-07-24,288.27801513671875,29.232126235961914,54.56510543823242,105.3499984741211,11.437273025512695,22.830434799194336,102.63960266113281,13.739999771118164,2.2709999084472656,0.029999999329447746,49.28200149536133,79.65283203125
2015-07-25,288.6969909667969,29.232126235961914,54.56510543823242,105.3499984741211,11.437273025512695,22.830434799194336,102.63960266113281,13.739999771118164,2.2709999084472656,0.029999999329447746,49.28200149536133,79.65283203125
2015-07-26,292.6860046386719,29.232126235961914,54.56510543823242,105.3499984741211,11.437273025512695,22.830434799194336,102.63960266113281,13.739999771118164,2.2709999084472656,0.029999999329447746,49.28200149536133,79.65283203125
2015-07-27,293.6239929199219,28.679975509643555,54.21571731567383,104.86000061035156,11.028799057006836,22.741273880004883,101.78964233398438,15.600000381469727,2.2279999256134033,0.02800000086426735,49.07304382324219,79.65972137451172
2015-07-28,294.427001953125,28.97182846069336,54.94008255004883,105.0199966430664,11.169652938842773,23.21384048461914,102.66737365722656,13.4399995803833,2.25,0.0430000014603138,49.338470458984375,79.59782409667969
2015-07-29,289.5899963378906,29.255794525146484,55.400245666503906,105.16999816894531,11.296420097351074,23.307458877563477,103.05535125732422,12.5,2.2790000438690186,0.04500000178813934,49.62657928466797,79.52904510498047
2015-07-30,287.72198486328125,28.963943481445312,55.57920837402344,104.2699966430664,11.409104347229004,23.521453857421875,103.54500579833984,12.130000114440918,2.2679998874664307,0.05999999865889549,49.77342987060547,79.57030487060547
2015-07-31,284.6499938964844,29.279451370239258,55.408782958984375,104.93000030517578,11.493614196777344,23.249507904052734,103.42491912841797,12.119999885559082,2.2049999237060547,0.057999998331069946,49.68869400024414,79.98283386230469
2015-08-01,281.60101318359375,29.279451370239258,55.408782958984375,104.93000030517578,11.493614196777344,23.249507904052734,103.42491912841797,12.119999885559082,2.2049999237060547,0.057999998331069946,49.68869400024414,79.98283386230469
2015-08-02,282.614013671875,29.279451370239258,55.408782958984375,104.93000030517578,11.493614196777344,23.249507904052734,103.42491912841797,12.119999885559082,2.2049999237060547,0.057999998331069946,49.68869400024414,79.98283386230469
2015-08-03,281.22698974609375,28.79041290283203,55.187198638916016,104.0999984741211,11.296420097351074,23.138051986694336,103.10154724121094,12.5600004196167,2.1500000953674316,0.06300000101327896,49.595664978027344,80.16893768310547
2015-08-04,285.2179870605469,28.892955780029297,55.2042350769043,104.30999755859375,11.296420097351074,22.892850875854492,102.90752410888672,13.0,2.2109999656677246,0.07500000298023224,49.6240119934082,79.76219940185547
2015-08-05,281.8819885253906,28.90084457397461,55.65589141845703,103.93000030517578,11.451356887817383,23.16925811767578,103.70204162597656,12.510000228881836,2.2679998874664307,0.07500000298023224,49.555912017822266,79.45194244384766
2015-08-06,278.5769958496094,28.648427963256836,54.982666015625,104.38999938964844,11.535868644714355,22.901762008666992,102.03910064697266,13.770000457763672,2.2339999675750732,0.02800000086426735,49.351680755615234,79.60359191894531
2015-08-07,279.5849914550781,28.632658004760742,54.86336898803711,104.6500015258789,11.38093090057373,22.9597225189209,101.90977478027344,13.390000343322754,2.174999952316284,0.054999999701976776,49.198482513427734,79.87939453125
2015-08-08,260.99700927734375,28.632658004760742,54.86336898803711,104.6500015258789,11.38093090057373,22.9597225189209,101.90977478027344,13.390000343322754,2.174999952316284,0.054999999701976776,49.198482513427734,79.87939453125
2015-08-09,265.0830078125,28.632658004760742,54.86336898803711,104.6500015258789,11.38093090057373,22.9597225189209,101.90977478027344,13.390000343322754,2.174999952316284,0.054999999701976776,49.198482513427734,79.87939453125
2015-08-10,264.4700012207031,29.11380958557129,55.493995666503906,105.72000122070312,11.98659896850586,23.539291381835938,103.0738296508789,12.229999542236328,2.23799991607666,0.06499999761581421,49.34033203125,79.56227111816406
2015-08-11,270.385986328125,28.474897384643555,55.05937957763672,106.26000213623047,11.91617488861084,23.004301071166992,101.75273132324219,13.710000038146973,2.13700008392334,0.09799999743700027,49.11334991455078,79.89315032958984
2015-08-12,266.3760070800781,28.033184051513672,55.136077880859375,107.75,11.972516059875488,23.0622615814209,102.10379028320312,13.609999656677246,2.130000114440918,0.09000000357627869,49.04528045654297,79.76908111572266
2015-08-13,264.0799865722656,27.985857009887695,55.14459991455078,106.86000061035156,11.718977928161621,22.745729446411133,101.93750762939453,13.489999771118164,2.188999891281128,0.08299999684095383,48.98286056518555,79.49330139160156
2015-08-14,265.67999267578125,28.025287628173828,55.27241897583008,106.8499984741211,11.747150421142578,22.580778121948242,102.09455871582031,12.829999923706055,2.196000099182129,0.07999999821186066,49.011253356933594,79.56916046142578
2015-08-15,261.5509948730469,28.025287628173828,55.27241897583008,106.8499984741211,11.747150421142578,22.580778121948242,102.09455871582031,12.829999923706055,2.196000099182129,0.07999999821186066,49.011253356933594,79.56916046142578
2015-08-16,258.5069885253906,28.025287628173828,55.27241897583008,106.8499984741211,11.747150421142578,22.580778121948242,102.09455871582031,12.829999923706055,2.196000099182129,0.07999999821186066,49.011253356933594,79.56916046142578
2015-08-17,257.97601318359375,27.717670440673828,55.562171936035156,107.12999725341797,11.733064651489258,22.754642486572266,102.94450378417969,13.020000457763672,2.1500000953674316,0.05999999865889549,49.011253356933594,79.82423400878906
2015-08-18,211.07899475097656,27.41793441772461,55.493995666503906,107.11000061035156,11.648554801940918,22.353410720825195,102.4178695678711,13.789999961853027,2.196000099182129,0.08500000089406967,48.948814392089844,79.52091979980469
2015-08-19,226.6840057373047,27.078763961791992,55.28095245361328,108.55000305175781,11.38093090057373,22.12603759765625,101.74346923828125,15.25,2.128999948501587,0.03999999910593033,48.903419494628906,79.90692901611328
2015-08-20,235.35000610351562,26.652822494506836,54.13050842285156,110.44000244140625,11.155566215515137,21.403812408447266,98.92577362060547,19.139999389648438,2.0840001106262207,0.014999999664723873,48.66515350341797,79.95521545410156
2015-08-21,232.56900024414062,25.832489013671875,52.22161865234375,111.12999725341797,10.944287300109863,20.85991096496582,94.60214233398438,28.030000686645508,2.053999900817871,0.019999999552965164,48.48927307128906,79.97587585449219
2015-08-22,230.38999938964844,25.832489013671875,52.22161865234375,111.12999725341797,10.944287300109863,20.85991096496582,94.60214233398438,28.030000686645508,2.053999900817871,0.019999999552965164,48.48927307128906,79.97587585449219
2015-08-23,228.16900634765625,25.832489013671875,52.22161865234375,111.12999725341797,10.944287300109863,20.85991096496582,94.60214233398438,28.030000686645508,2.053999900817871,0.019999999552965164,48.48927307128906,79.97587585449219
2015-08-24,210.4949951171875,24.704540252685547,50.227508544921875,110.52999877929688,10.155510902404785,20.530006408691406,90.96216583251953,40.7400016784668,1.996999979019165,0.014999999664723873,48.092079162597656,79.75525665283203
2015-08-25,221.60899353027344,25.02005386352539,49.63951873779297,109.16000366210938,10.197766304016113,20.356136322021484,90.62032318115234,36.02000045776367,2.132999897003174,0.05299999937415123,48.188507080078125,79.34854125976562
2015-08-26,225.83099365234375,25.8482666015625,51.92335510253906,107.66999816894531,10.18368148803711,21.28790283203125,95.18416595458984,30.31999969482422,2.171999931335449,0.054999999701976776,48.59139633178711,79.30027770996094
2015-08-27,224.7689971923828,26.99199867248535,52.97153091430664,107.7300033569336,10.676668167114258,21.99675178527832,97.59542846679688,26.100000381469727,2.1679999828338623,0.05000000074505806,48.954490661621094,79.37610626220703
2015-08-28,231.39599609375,26.64493751525879,52.98857879638672,108.69999694824219,10.887946128845215,22.183996200561523,97.57693481445312,26.049999237060547,2.186000108718872,0.05000000074505806,48.99988555908203,79.52091979980469
2015-08-29,229.77999877929688,26.64493751525879,52.98857879638672,108.69999694824219,10.887946128845215,22.183996200561523,97.57693481445312,26.049999237060547,2.186000108718872,0.05000000074505806,48.99988555908203,79.52091979980469
2015-08-30,228.76100158691406,26.64493751525879,52.98857879638672,108.69999694824219,10.887946128845215,22.183996200561523,97.57693481445312,26.049999237060547,2.186000108718872,0.05000000074505806,48.99988555908203,79.52091979980469
2015-08-31,230.05599975585938,26.6922607421875,52.409095764160156,108.81999969482422,11.197821617126465,22.09037208557129,96.36670684814453,28.43000030517578,2.200000047683716,0.003000000026077032,48.93182373046875,79.32096862792969
2015-09-01,228.12100219726562,25.658958435058594,50.9774284362793,109.19999694824219,10.873860359191895,21.403812408447266,93.35493469238281,31.399999618530273,2.171999931335449,0.03799999877810478,48.77394104003906,79.8014907836914
2015-09-02,229.28399658203125,26.029682159423828,51.863685607910156,108.62000274658203,10.887946128845215,21.93433952331543,95.9879150390625,26.09000015258789,2.193000078201294,0.02500000037252903,48.973388671875,79.68392181396484
2015-09-03,227.18299865722656,26.13222885131836,51.9744873046875,107.83999633789062,10.944287300109863,22.152790069580078,95.5167465209961,25.610000610351562,2.1679999828338623,0.014999999664723873,49.041778564453125,80.06424713134766
2015-09-04,230.29800415039062,25.351337432861328,51.233089447021484,107.48999786376953,10.70483684539795,21.80504608154297,94.38042449951172,27.799999237060547,2.128000020980835,0.02500000037252903,48.99049758911133,80.24398803710938
2015-09-05,235.0189971923828,25.351337432861328,51.233089447021484,107.48999786376953,10.70483684539795,21.80504608154297,94.38042449951172,27.799999237060547,2.128000020980835,0.02500000037252903,48.99049758911133,80.24398803710938
2015-09-06,239.83999633789062,25.351337432861328,51.233089447021484,107.48999786376953,10.70483684539795,21.80504608154297,94.38042449951172,27.799999237060547,2.128000020980835,0.02500000037252903,48.99049758911133,80.24398803710938
2015-09-07,239.8470001220703,25.351337432861328,51.233089447021484,107.48999786376953,10.70483684539795,21.80504608154297,94.38042449951172,27.799999237060547,2.128000020980835,0.02500000037252903,48.99049758911133,80.24398803710938
2015-09-08,243.60699462890625,26.1558895111084,52.485782623291016,107.5199966430664,11.0851411819458,22.63427734375,97.04110717773438,24.899999618530273,2.194000005722046,0.02500000037252903,49.25836944580078,79.87061309814453
2015-09-09,238.16799926757812,26.02180290222168,51.633609771728516,106.12999725341797,10.944287300109863,22.290996551513672,95.95095825195312,26.229999542236328,2.180999994277954,0.03500000014901161,49.1956672668457,80.04346466064453
2015-09-10,238.4770050048828,26.289981842041016,51.96596145629883,106.37999725341797,10.845690727233887,22.362321853637695,96.99488067626953,24.3700008392334,2.2219998836517334,0.014999999664723873,49.31535720825195,79.88447570800781
2015-09-11,240.10699462890625,26.39252281188965,52.289798736572266,106.16000366210938,10.733007431030273,22.402446746826172,97.53075408935547,23.200000762939453,2.183000087738037,0.023000000044703484,49.29825973510742,79.93977355957031
2015-09-12,235.22900390625,26.39252281188965,52.289798736572266,106.16000366210938,10.733007431030273,22.402446746826172,97.53075408935547,23.200000762939453,2.183000087738037,0.023000000044703484,49.29825973510742,79.93977355957031
2015-09-13,230.51199340820312,26.39252281188965,52.289798736572266,106.16000366210938,10.733007431030273,22.402446746826172,97.53075408935547,23.200000762939453,2.183000087738037,0.023000000044703484,49.29825973510742,79.93977355957031
2015-09-14,230.6439971923828,26.35308265686035,52.076751708984375,106.22000122070312,10.521727561950684,22.455947875976562,97.23509216308594,24.25,2.180000066757202,0.02500000037252903,49.21279525756836,79.932861328125
2015-09-15,230.3040008544922,26.605493545532227,52.749969482421875,105.9000015258789,10.62032413482666,22.785852432250977,98.38068389892578,22.540000915527344,2.2809998989105225,0.057999998331069946,49.20137023925781,79.33134460449219
2015-09-16,229.09100341796875,27.252294540405273,53.10788345336914,107.30999755859375,10.845690727233887,22.88839340209961,98.93497467041016,21.350000381469727,2.302999973297119,0.05299999937415123,49.02470016479492,79.47655487060547
2015-09-17,229.80999755859375,27.189189910888672,53.04823303222656,108.41000366210938,10.831604957580566,22.741273880004883,98.971923828125,21.139999389648438,2.2170000076293945,0.003000000026077032,49.064605712890625,80.1333999633789
2015-09-18,232.97500610351562,26.68437385559082,52.2471809387207,109.20999908447266,10.606240272521973,22.357866287231445,97.56428527832031,22.280000686645508,2.130000114440918,0.009999999776482582,48.92781066894531,80.37535095214844
2015-09-19,231.4929962158203,26.68437385559082,52.2471809387207,109.20999908447266,10.606240272521973,22.357866287231445,97.56428527832031,22.280000686645508,2.130000114440918,0.009999999776482582,48.92781066894531,80.37535095214844
2015-09-20,231.21200561523438,26.68437385559082,52.2471809387207,109.20999908447266,10.606240272521973,22.357866287231445,97.56428527832031,22.280000686645508,2.130000114440918,0.009999999776482582,48.92781066894531,80.37535095214844
2015-09-21,227.0850067138672,26.637048721313477,52.47726821899414,108.52999877929688,10.42313003540039,22.34449005126953,97.86991119384766,20.139999389648438,2.2139999866485596,0.013000000268220901,48.83662033081055,79.96741485595703
2015-09-22,230.6179962158203,26.14011573791504,52.04265594482422,107.79000091552734,10.254108428955078,21.880840301513672,96.40665435791016,22.440000534057617,2.125,0.003000000026077032,48.4832878112793,80.31311798095703
2015-09-23,230.2830047607422,25.72206687927246,51.92335510253906,108.22000122070312,10.09916877746582,21.724803924560547,96.48075103759766,22.1299991607666,2.1440000534057617,0.003000000026077032,48.397762298583984,80.26472473144531
2015-09-24,234.5290069580078,25.611635208129883,51.77847671508789,110.48999786376953,10.09916877746582,21.715883255004883,96.12882232666016,23.469999313354492,2.119999885559082,0.004999999888241291,48.15840148925781,80.27854919433594
2015-09-25,235.1439971923828,25.556415557861328,51.82384490966797,109.80999755859375,9.97240161895752,21.831798553466797,95.31385803222656,23.6200008392334,2.1679999828338623,0.019999999552965164,47.91334915161133,80.03656005859375
2015-09-26,234.33999633789062,25.556415557861328,51.82384490966797,109.80999755859375,9.97240161895752,21.831798553466797,95.31385803222656,23.6200008392334,2.1679999828338623,0.019999999552965164,47.91334915161133,80.03656005859375
2015-09-27,232.7570037841797,25.556415557861328,51.82384490966797,109.80999755859375,9.97240161895752,21.831798553466797,95.31385803222656,23.6200008392334,2.1679999828338623,0.019999999552965164,47.91334915161133,80.03656005859375
2015-09-28,239.14199829101562,25.012157440185547,50.68570327758789,108.41999816894531,9.634352684020996,21.368148803710938,92.60037231445312,27.6299991607666,2.0950000286102295,0.013000000268220901,47.17815017700195,80.17486572265625
2015-09-29,236.68699645996094,25.13047981262207,50.83973693847656,107.9800033569336,9.535755157470703,21.515268325805664,92.11882781982422,26.829999923706055,2.053999900817871,0.003000000026077032,47.17243576049805,80.27854919433594
2015-09-30,236.05999755859375,25.85615348815918,51.72970962524414,106.86000061035156,9.789291381835938,22.23749542236328,94.2396011352539,24.5,2.059999942779541,0.004999999888241291,47.468788146972656,80.26472473144531
2015-10-01,237.5489959716797,25.998130798339844,51.72114944458008,106.7300033569336,9.761120796203613,22.09037208557129,94.66558074951172,22.549999237060547,2.0420000553131104,0.017999999225139618,47.164146423339844,80.2466812133789
2015-10-02,237.29299926757812,26.6922607421875,52.40575408935547,108.98999786376953,9.986485481262207,22.43811798095703,96.32331085205078,20.940000534057617,1.9889999628067017,0.00800000037997961,47.20998001098633,80.60031127929688
2015-10-03,238.72999572753906,26.6922607421875,52.40575408935547,108.98999786376953,9.986485481262207,22.43811798095703,96.32331085205078,20.940000534057617,1.9889999628067017,0.00800000037997961,47.20998001098633,80.60031127929688
2015-10-04,238.25900268554688,26.6922607421875,52.40575408935547,108.98999786376953,9.986485481262207,22.43811798095703,96.32331085205078,20.940000534057617,1.9889999628067017,0.00800000037997961,47.20998001098633,80.60031127929688
2015-10-05,240.38299560546875,27.268068313598633,53.23581314086914,108.7699966430664,10.42313003540039,22.83489418029785,97.7032241821289,19.540000915527344,2.055999994277954,0.00800000037997961,47.77693557739258,80.38536071777344
2015-10-06,246.06300354003906,27.220741271972656,53.047550201416016,109.86000061035156,10.606240272521973,22.928518295288086,97.24014282226562,19.399999618530273,2.0350000858306885,0.004999999888241291,48.04029846191406,80.54483795166016
2015-10-07,242.968994140625,27.94642448425293,53.47541427612305,109.69999694824219,11.000628471374512,23.271799087524414,97.8235855102539,18.399999618530273,2.062000036239624,0.004999999888241291,48.53281784057617,80.82914733886719
2015-10-08,242.3040008544922,28.246152877807617,53.9974365234375,109.13999938964844,11.310504913330078,23.57049560546875,98.21255493164062,17.420000076293945,2.1080000400543213,0.003000000026077032,48.733253479003906,80.51016235351562
2015-10-09,243.93099975585938,28.348691940307617,54.04020690917969,110.87000274658203,11.352761268615723,23.298547744750977,98.65705871582031,17.079999923706055,2.0989999771118164,0.003000000026077032,48.738975524902344,80.54483795166016
2015-10-10,244.9409942626953,28.348691940307617,54.04020690917969,110.87000274658203,11.352761268615723,23.298547744750977,98.65705871582031,17.079999923706055,2.0989999771118164,0.003000000026077032,48.738975524902344,80.54483795166016
2015-10-11,247.0500030517578,28.348691940307617,54.04020690917969,110.87000274658203,11.352761268615723,23.298547744750977,98.65705871582031,17.079999923706055,2.0989999771118164,0.003000000026077032,48.738975524902344,80.54483795166016
2015-10-12,245.30799865722656,28.13572120666504,53.98031997680664,111.30999755859375,11.099224090576172,23.334211349487305,98.89786529541016,16.170000076293945,2.0899999141693115,0.009999999776482582,48.6473274230957,80.87075805664062
2015-10-13,249.50799560546875,27.6782283782959,53.5866584777832,111.86000061035156,11.099224090576172,23.04888916015625,98.25884246826172,17.670000076293945,2.055000066757202,0.004999999888241291,48.53281784057617,80.80834197998047
2015-10-14,251.98899841308594,27.891202926635742,53.261478424072266,113.80999755859375,11.14148235321045,23.73990821838379,98.10139465332031,18.030000686645508,1.9809999465942383,0.009999999776482582,48.49849319458008,81.12731170654297
2015-10-15,254.32000732421875,28.569555282592773,54.0744514465332,113.29000091552734,11.324590682983398,23.900405883789062,99.71281433105469,16.049999237060547,2.0230000019073486,0.004999999888241291,48.61299514770508,81.09264373779297
2015-10-16,262.8689880371094,28.593215942382812,54.38250732421875,112.48999786376953,11.282333374023438,23.998483657836914,100.12956237792969,15.050000190734863,2.0230000019073486,0.004999999888241291,48.83631896972656,81.12036895751953
2015-10-17,270.6400146484375,28.593215942382812,54.38250732421875,112.48999786376953,11.282333374023438,23.998483657836914,100.12956237792969,15.050000190734863,2.0230000019073486,0.004999999888241291,48.83631896972656,81.12036895751953
2015-10-18,261.64300537109375,28.593215942382812,54.38250732421875,112.48999786376953,11.282333374023438,23.998483657836914,100.12956237792969,15.050000190734863,2.0230000019073486,0.004999999888241291,48.83631896972656,81.12036895751953
2015-10-19,263.43701171875,28.301372528076172,54.45096969604492,112.0199966430664,11.071054458618164,24.01631736755371,100.70374298095703,14.979999542236328,2.0280001163482666,0.004999999888241291,48.96802520751953,81.11347961425781
2015-10-20,269.4630126953125,28.293479919433594,54.468082427978516,112.7300033569336,11.014713287353516,23.967273712158203,100.18512725830078,15.75,2.071000099182129,0.009999999776482582,49.01384353637695,80.96090698242188
2015-10-21,266.2720031738281,27.88331413269043,54.3397331237793,111.7300033569336,10.733007431030273,24.011856079101562,99.57389831542969,16.700000762939453,2.0299999713897705,0.004999999888241291,48.96232604980469,81.36300659179688
2015-10-22,274.02301025390625,28.459121704101562,55.55488204956055,111.69000244140625,10.803434371948242,24.743005752563477,101.6020736694336,14.449999809265137,2.0250000953674316,0.004999999888241291,48.979469299316406,81.53641510009766
2015-10-23,276.4960021972656,28.624765396118164,56.076881408691406,111.5,10.831604957580566,25.023868560791016,104.44517517089844,14.460000038146973,2.0829999446868896,0.003000000026077032,49.15128707885742,81.23823547363281
2015-10-24,281.65399169921875,28.624765396118164,56.076881408691406,111.5,10.831604957580566,25.023868560791016,104.44517517089844,14.460000038146973,2.0829999446868896,0.003000000026077032,49.15128707885742,81.23823547363281
2015-10-25,283.67999267578125,28.624765396118164,56.076881408691406,111.5,10.831604957580566,25.023868560791016,104.44517517089844,14.460000038146973,2.0829999446868896,0.003000000026077032,49.15128707885742,81.23823547363281
2015-10-26,285.29998779296875,28.364471435546875,56.025535583496094,111.43000030517578,10.831604957580566,24.546842575073242,104.5099868774414,15.289999961853027,2.058000087738037,0.00800000037997961,49.099727630615234,81.38385772705078
2015-10-27,293.7879943847656,28.041072845458984,55.9057502746582,111.68000030517578,10.563984870910645,24.395261764526367,104.7229995727539,15.430000305175781,2.0280001163482666,0.009999999776482582,48.93942642211914,81.40467071533203
2015-10-28,304.6180114746094,27.717670440673828,56.46198654174805,110.77999877929688,10.634410858154297,24.640466690063477,105.59355926513672,14.329999923706055,2.0920000076293945,0.03500000014901161,49.071109771728516,81.08570861816406
2015-10-29,313.8550109863281,27.457382202148438,56.419185638427734,109.72000122070312,10.549897193908691,24.002941131591797,105.42683410644531,14.609999656677246,2.1730000972747803,0.05299999937415123,48.94512939453125,80.51713562011719
2015-10-30,328.0150146484375,27.504703521728516,56.20524215698242,109.30000305175781,10.437215805053711,24.16789436340332,104.95450592041016,15.069999694824219,2.1510000228881836,0.06800000369548798,49.002403259277344,80.72515869140625
2015-10-31,314.1659851074219,27.504703521728516,56.20524215698242,109.30000305175781,10.437215805053711,24.16789436340332,104.95450592041016,15.069999694824219,2.1510000228881836,0.06800000369548798,49.002403259277344,80.72515869140625
2015-11-01,325.4309997558594,27.504703521728516,56.20524215698242,109.30000305175781,10.437215805053711,24.16789436340332,104.95450592041016,15.069999694824219,2.1510000228881836,0.06800000369548798,49.002403259277344,80.72515869140625
2015-11-02,361.1889953613281,28.048959732055664,56.75292205810547,108.58999633789062,10.40904426574707,24.395261764526367,106.13992309570312,14.149999618530273,2.187000036239624,0.05299999937415123,49.15425109863281,80.3781509399414
2015-11-03,403.4169921875,28.419689178466797,57.026756286621094,106.9800033569336,10.394959449768066,24.60479736328125,106.51039123535156,14.539999961853027,2.2200000286102295,0.057999998331069946,49.20603561401367,80.38510131835938
2015-11-04,411.56298828125,28.190937042236328,56.85560989379883,105.97000122070312,10.437215805053711,24.76529312133789,106.51963806152344,15.510000228881836,2.2300000190734863,0.054999999701976776,49.06222915649414,80.294677734375
2015-11-05,386.35400390625,28.23826789855957,56.60744857788086,105.63999938964844,10.40904426574707,24.123310089111328,106.23253631591797,15.050000190734863,2.244999885559082,0.03999999910593033,48.87236785888672,80.31556701660156
2015-11-06,374.4700012207031,27.84387969970703,56.624568939208984,104.0999984741211,10.338619232177734,24.60479736328125,106.30662536621094,14.329999923706055,2.3329999446868896,0.0729999989271164,48.63649368286133,79.79401397705078
2015-11-07,386.48199462890625,27.84387969970703,56.624568939208984,104.0999984741211,10.338619232177734,24.60479736328125,106.30662536621094,14.329999923706055,2.3329999446868896,0.0729999989271164,48.63649368286133,79.79401397705078
2015-11-08,373.3680114746094,27.84387969970703,56.624568939208984,104.0999984741211,10.338619232177734,24.60479736328125,106.30662536621094,14.329999923706055,2.3329999446868896,0.0729999989271164,48.63649368286133,79.79401397705078
2015-11-09,380.2569885253906,27.149744033813477,55.999855041503906,104.4000015258789,10.09916877746582,24.40863609313965,105.1767807006836,16.520000457763672,2.3420000076293945,0.07500000298023224,48.43513107299805,79.66191864013672
2015-11-10,336.8190002441406,27.03143310546875,56.119686126708984,104.18000030517578,10.09916877746582,24.02077293395996,104.9082260131836,15.289999961853027,2.322000026702881,0.125,48.3258171081543,79.86358642578125
2015-11-11,311.0840148925781,27.086654663085938,55.982757568359375,103.83000183105469,10.085083961486816,24.029691696166992,104.77855682373047,16.059999465942383,2.3380000591278076,0.12300000339746475,48.21078109741211,79.85661315917969
2015-11-12,338.1520080566406,26.82634925842285,55.20402526855469,103.8499984741211,9.944228172302246,23.722074508666992,103.75983428955078,18.3700008392334,2.319000005722046,0.12300000339746475,47.88859176635742,79.82880401611328
2015-11-13,336.75299072265625,26.455625534057617,54.53654479980469,103.55999755859375,9.789291381835938,23.47687339782715,101.72244262695312,20.079999923706055,2.2799999713897705,0.11299999803304672,47.75053405761719,80.06524658203125
2015-11-14,332.906005859375,26.455625534057617,54.53654479980469,103.55999755859375,9.789291381835938,23.47687339782715,101.72244262695312,20.079999923706055,2.2799999713897705,0.11299999803304672,47.75053405761719,80.06524658203125
2015-11-15,320.1659851074219,26.455625534057617,54.53654479980469,103.55999755859375,9.789291381835938,23.47687339782715,101.72244262695312,20.079999923706055,2.2799999713897705,0.11299999803304672,47.75053405761719,80.06524658203125
2015-11-16,330.7510070800781,26.96833038330078,55.36662292480469,103.70999908447266,9.732952117919922,23.780031204223633,103.1856918334961,18.15999984741211,2.2730000019073486,0.09799999743700027,47.974910736083984,80.07915496826172
2015-11-17,335.093994140625,26.88945770263672,55.383724212646484,102.33999633789062,9.54984188079834,24.02077293395996,103.25050354003906,18.84000015258789,2.260999917984009,0.13500000536441803,48.009395599365234,80.16254425048828
2015-11-18,334.5899963378906,27.18130111694336,56.24803161621094,102.43000030517578,9.634352684020996,24.14560317993164,105.23236083984375,16.850000381469727,2.2690000534057617,0.12300000339746475,48.10148239135742,80.18345642089844
2015-11-19,326.14898681640625,27.42582130432129,56.26514434814453,103.55999755859375,9.711821556091309,24.332849502563477,105.30645751953125,16.989999771118164,2.247999906539917,0.08799999952316284,47.669960021972656,80.41989135742188
2015-11-20,322.0220031738281,27.701902389526367,56.53898239135742,103.08999633789062,9.514628410339355,24.426467895507812,106.01953125,15.470000267028809,2.26200008392334,0.09300000220537186,47.65847396850586,80.40597534179688
2015-11-21,326.927001953125,27.701902389526367,56.53898239135742,103.08999633789062,9.514628410339355,24.426467895507812,106.01953125,15.470000267028809,2.26200008392334,0.09300000220537186,47.65847396850586,80.40597534179688
2015-11-22,324.5360107421875,27.701902389526367,56.53898239135742,103.08999633789062,9.514628410339355,24.426467895507812,106.01953125,15.470000267028809,2.26200008392334,0.09300000220537186,47.65847396850586,80.40597534179688
2015-11-23,323.0459899902344,27.441604614257812,56.59889602661133,102.26000213623047,9.416031837463379,24.150062561035156,105.71393585205078,15.619999885559082,2.25,0.10499999672174454,47.61818313598633,80.43378448486328
2015-11-24,320.0459899902344,27.583580017089844,56.633113861083984,102.94000244140625,9.556883811950684,24.40418243408203,105.621337890625,15.930000305175781,2.243000030517578,0.15299999713897705,47.68147659301758,80.46155548095703
2015-11-25,328.20599365234375,27.3706111907959,56.675899505615234,102.45999908447266,9.528711318969727,24.439844131469727,105.71393585205078,15.1899995803833,2.2320001125335693,0.17499999701976776,47.7332649230957,80.53813171386719
2015-11-26,352.6839904785156,27.3706111907959,56.675899505615234,102.45999908447266,9.528711318969727,24.439844131469727,105.71393585205078,15.1899995803833,2.2320001125335693,0.17499999701976776,47.7332649230957,80.53813171386719
2015-11-27,358.0419921875,26.771135330200195,56.74435043334961,101.25,9.54984188079834,24.56021499633789,105.86212158203125,15.119999885559082,2.2249999046325684,0.1599999964237213,47.80803298950195,80.56588745117188
2015-11-28,357.3810119628906,26.771135330200195,56.74435043334961,101.25,9.54984188079834,24.56021499633789,105.86212158203125,15.119999885559082,2.2249999046325684,0.1599999964237213,47.80803298950195,80.56588745117188
2015-11-29,371.29400634765625,26.771135330200195,56.74435043334961,101.25,9.54984188079834,24.56021499633789,105.86212158203125,15.119999885559082,2.2249999046325684,0.1599999964237213,47.80803298950195,80.56588745117188
2015-11-30,377.3210144042969,26.81058120727539,56.45341110229492,101.91999816894531,9.648439407348633,24.876747131347656,105.59355926513672,16.1299991607666,2.2179999351501465,0.17000000178813934,47.77927780151367,80.60066986083984
2015-12-01,362.4880065917969,27.015655517578125,56.829952239990234,102.27999877929688,9.87380313873291,25.170988082885742,106.64927673339844,14.670000076293945,2.1549999713897705,0.2029999941587448,48.11920166015625,81.20667266845703
2015-12-02,359.18701171875,26.6922607421875,56.38496017456055,100.69000244140625,9.690694808959961,25.072908401489258,105.99176788330078,15.90999984741211,2.177999973297119,0.20000000298023224,48.02090835571289,81.01139831542969
2015-12-03,361.0459899902344,26.54239273071289,55.53776168823242,101.76000213623047,9.54984188079834,24.903499603271484,104.19515991210938,18.110000610351562,2.3299999237060547,0.1979999989271164,47.893733978271484,79.93744659423828
2015-12-04,363.1830139160156,26.723812103271484,56.778602600097656,104.0199966430664,9.662524223327637,25.322566986083984,106.63075256347656,14.8100004196167,2.2750000953674316,0.20499999821186066,47.783912658691406,80.36982727050781
2015-12-05,388.9490051269531,26.723812103271484,56.778602600097656,104.0199966430664,9.662524223327637,25.322566986083984,106.63075256347656,14.8100004196167,2.2750000953674316,0.20499999821186066,47.783912658691406,80.36982727050781
2015-12-06,388.7829895019531,26.723812103271484,56.778602600097656,104.0199966430664,9.662524223327637,25.322566986083984,106.63075256347656,14.8100004196167,2.2750000953674316,0.20499999821186066,47.783912658691406,80.36982727050781
2015-12-07,395.5360107421875,26.28209686279297,56.48764419555664,102.66999816894531,9.310391426086426,25.113033294677734,106.14920043945312,15.84000015258789,2.2249999046325684,0.23499999940395355,47.448604583740234,80.5093002319336
2015-12-08,415.56298828125,25.990249633789062,56.16246032714844,102.83999633789062,9.32447624206543,24.885663986206055,106.15846252441406,17.600000381469727,2.23799991607666,0.2680000066757202,46.85899353027344,80.40470886230469
2015-12-09,417.56298828125,25.77727699279785,55.657569885253906,102.63999938964844,9.268136024475098,24.622631072998047,104.54704284667969,19.610000610351562,2.2079999446868896,0.24500000476837158,47.10175323486328,80.38378143310547
2015-12-10,415.47900390625,25.603744506835938,55.82870864868164,102.55000305175781,9.416031837463379,24.711795806884766,105.01934051513672,19.34000015258789,2.239000082015991,0.23000000417232513,46.90525817871094,80.19550323486328
2015-12-11,451.93798828125,24.885957717895508,54.71624755859375,103.11000061035156,9.176579475402832,24.234769821166992,102.60226440429688,24.389999389648438,2.1389999389648438,0.21299999952316284,45.968753814697266,80.3349609375
2015-12-12,434.99700927734375,24.885957717895508,54.71624755859375,103.11000061035156,9.176579475402832,24.234769821166992,102.60226440429688,24.389999389648438,2.1389999389648438,0.21299999952316284,45.968753814697266,80.3349609375
2015-12-13,433.7550048828125,24.885957717895508,54.71624755859375,103.11000061035156,9.176579475402832,24.234769821166992,102.60226440429688,24.389999389648438,2.1389999389648438,0.21299999952316284,45.968753814697266,80.3349609375
2015-12-14,444.1820068359375,25.28823471069336,55.084228515625,101.79000091552734,9.120238304138184,24.051982879638672,103.38017272949219,22.729999542236328,2.2249999046325684,0.1979999989271164,45.569854736328125,79.74225616455078
2015-12-15,465.3210144042969,25.674734115600586,55.58910369873047,101.5199966430664,9.225878715515137,24.43092918395996,104.00992584228516,20.950000762939453,2.2679998874664307,0.25,46.315589904785156,79.74921417236328
2015-12-16,454.9339904785156,26.17955207824707,56.29081726074219,102.75,9.387861251831055,24.622631072998047,105.55648803710938,17.860000610351562,2.2869999408721924,0.23499999940395355,46.66822052001953,79.7352523803711
2015-12-17,456.0780029296875,25.840375900268555,55.503543853759766,100.5,9.32447624206543,24.292724609375,104.01918029785156,18.940000534057617,2.23799991607666,0.21299999952316284,46.147972106933594,79.825927734375
2015-12-18,463.6159973144531,25.753616333007812,54.47663879394531,102.04000091552734,9.416031837463379,23.95836067199707,102.0238265991211,20.700000762939453,2.1989998817443848,0.17499999701976776,45.974517822265625,79.825927734375
2015-12-19,462.3219909667969,25.753616333007812,54.47663879394531,102.04000091552734,9.416031837463379,23.95836067199707,102.0238265991211,20.700000762939453,2.1989998817443848,0.17499999701976776,45.974517822265625,79.825927734375
2015-12-20,442.68499755859375,25.753616333007812,54.47663879394531,102.04000091552734,9.416031837463379,23.95836067199707,102.0238265991211,20.700000762939453,2.1989998817443848,0.17499999701976776,45.974517822265625,79.825927734375
2015-12-21,438.6390075683594,25.954681396484375,54.95585250854492,103.1500015258789,9.479413986206055,24.377866744995117,103.15713500976562,18.700000762939453,2.197000026702881,0.15299999713897705,45.829994201660156,79.8817138671875
2015-12-22,436.5719909667969,26.162960052490234,55.417964935302734,102.61000061035156,9.732952117919922,24.482627868652344,103.8352279663086,16.600000381469727,2.239000082015991,0.19300000369548798,46.38494873046875,79.77708435058594
2015-12-23,442.4010009765625,26.53145408630371,56.059783935546875,102.30999755859375,9.768162727355957,24.614723205566406,104.60625457763672,15.569999694824219,2.2639999389648438,0.1899999976158142,46.6797981262207,79.8467788696289
2015-12-24,454.9849853515625,26.43532371520996,55.99961853027344,103.05000305175781,9.796335220336914,24.683042526245117,104.58765411376953,15.739999771118164,2.243000030517578,0.18299999833106995,46.775081634521484,80.10697937011719
2015-12-25,455.65301513671875,26.43532371520996,55.99961853027344,103.05000305175781,9.796335220336914,24.683042526245117,104.58765411376953,15.739999771118164,2.243000030517578,0.18299999833106995,46.775081634521484,80.10697937011719
2015-12-26,417.27398681640625,26.43532371520996,55.99961853027344,103.05000305175781,9.796335220336914,24.683042526245117,104.58765411376953,15.739999771118164,2.243000030517578,0.18299999833106995,46.775081634521484,80.10697937011719
2015-12-27,422.822998046875,26.43532371520996,55.99961853027344,103.05000305175781,9.796335220336914,24.683042526245117,104.58765411376953,15.739999771118164,2.243000030517578,0.18299999833106995,46.775081634521484,80.10697937011719
2015-12-28,422.27899169921875,26.25107765197754,55.86212921142578,102.2699966430664,9.782248497009277,24.623830795288086,104.53194427490234,16.90999984741211,2.2249999046325684,0.1899999976158142,46.496124267578125,80.00907135009766
2015-12-29,432.9830017089844,26.275110244750977,56.45505142211914,102.19999694824219,9.914441108703613,24.897125244140625,106.17611694335938,16.079999923706055,2.306999921798706,0.2150000035762787,46.76346969604492,79.59649658203125
2015-12-30,426.6199951171875,25.866565704345703,56.07695770263672,101.41999816894531,9.842597961425781,24.655719757080078,105.21932220458984,17.290000915527344,2.302999973297119,0.19499999284744263,46.798336029052734,79.59649658203125
2015-12-31,430.5669860839844,25.786457061767578,55.484046936035156,101.45999908447266,10.050943374633789,24.26854705810547,103.9095687866211,18.209999084472656,2.2690000534057617,0.14800000190734863,46.827388763427734,79.72932434082031
2016-01-01,434.3340148925781,25.786457061767578,55.484046936035156,101.45999908447266,10.050943374633789,24.26854705810547,103.9095687866211,18.209999084472656,2.2690000534057617,0.14800000190734863,46.827388763427734,79.72932434082031
2016-01-02,433.43798828125,25.786457061767578,55.484046936035156,101.45999908447266,10.050943374633789,24.26854705810547,103.9095687866211,18.209999084472656,2.2690000534057617,0.14800000190734863,46.827388763427734,79.72932434082031
2016-01-03,430.010986328125,25.786457061767578,55.484046936035156,101.45999908447266,10.050943374633789,24.26854705810547,103.9095687866211,18.209999084472656,2.2690000534057617,0.14800000190734863,46.827388763427734,79.72932434082031
2016-01-04,433.09100341796875,25.08151626586914,54.667720794677734,102.88999938964844,9.986285209655762,24.013473510742188,101.71730041503906,20.700000762939453,2.244999885559082,0.1550000011920929,46.5484504699707,79.68739318847656
2016-01-05,431.9599914550781,25.137590408325195,54.81380844116211,103.18000030517578,9.928812026977539,23.790285110473633,101.54078674316406,19.34000015258789,2.247999906539917,0.20499999821186066,46.6356201171875,79.72932434082031
2016-01-06,429.1050109863281,24.65694808959961,54.160736083984375,104.66999816894531,9.698911666870117,23.175371170043945,100.56544494628906,20.59000015258789,2.177000045776367,0.20499999821186066,46.6356201171875,80.04403686523438
2016-01-07,458.0480041503906,23.895925521850586,52.871822357177734,106.1500015258789,9.32532024383545,22.46025276184082,97.4163589477539,24.989999771118164,2.1530001163482666,0.1899999976158142,46.333431243896484,80.10697937011719
2016-01-08,453.2300109863281,23.63959503173828,52.27032470703125,105.68000030517578,9.447455406188965,22.104969024658203,96.61749267578125,27.010000228881836,2.130000114440918,0.1899999976158142,46.21139907836914,80.16991424560547
2016-01-09,447.6109924316406,23.63959503173828,52.27032470703125,105.68000030517578,9.447455406188965,22.104969024658203,96.61749267578125,27.010000228881836,2.130000114440918,0.1899999976158142,46.21139907836914,80.16991424560547
2016-01-10,447.9909973144531,23.63959503173828,52.27032470703125,105.68000030517578,9.447455406188965,22.104969024658203,96.61749267578125,27.010000228881836,2.130000114440918,0.1899999976158142,46.21139907836914,80.16991424560547
2016-01-11,448.4280090332031,23.63157844543457,52.3476676940918,104.73999786376953,9.289400100708008,22.305381774902344,96.91471862792969,24.299999237060547,2.1579999923706055,0.17499999701976776,46.14164733886719,79.91120910644531
2016-01-12,435.69000244140625,23.679636001586914,52.88041305541992,104.20999908447266,9.231924057006836,22.49669075012207,98.03873443603516,22.469999313354492,2.1019999980926514,0.20999999344348907,46.18813705444336,80.09303283691406
2016-01-13,432.3710021972656,23.43130874633789,51.68600845336914,104.72000122070312,8.958919525146484,21.836227416992188,94.65745544433594,25.219999313354492,2.065999984741211,0.2150000035762787,45.67676544189453,80.33772277832031
2016-01-14,430.3059997558594,23.735715866088867,52.45935821533203,103.0199966430664,8.865522384643555,22.41469955444336,96.67320251464844,23.950000762939453,2.0980000495910645,0.23999999463558197,45.8801383972168,79.93915557861328
2016-01-15,364.33099365234375,22.79846954345703,51.42822265625,104.08000183105469,8.542226791381836,21.27141761779785,93.67280578613281,27.020000457763672,2.0329999923706055,0.22300000488758087,45.275760650634766,79.82026672363281
2016-01-16,387.5360107421875,22.79846954345703,51.42822265625,104.08000183105469,8.542226791381836,21.27141761779785,93.67280578613281,27.020000457763672,2.0329999923706055,0.22300000488758087,45.275760650634766,79.82026672363281
2016-01-17,382.29901123046875,22.79846954345703,51.42822265625,104.08000183105469,8.542226791381836,21.27141761779785,93.67280578613281,27.020000457763672,2.0329999923706055,0.22300000488758087,45.275760650634766,79.82026672363281
2016-01-18,387.1679992675781,22.79846954345703,51.42822265625,104.08000183105469,8.542226791381836,21.27141761779785,93.67280578613281,27.020000457763672,2.0329999923706055,0.22300000488758087,45.275760650634766,79.82026672363281
2016-01-19,380.14898681640625,23.134912490844727,51.488372802734375,103.9800033569336,8.527854919433594,21.412620544433594,93.87716674804688,26.049999237060547,2.0350000858306885,0.23000000417232513,45.118873596191406,79.46363067626953
2016-01-20,420.2300109863281,22.63024139404297,50.85249710083008,105.37000274658203,8.420090675354004,21.467283248901367,93.58917999267578,27.59000015258789,1.9839999675750732,0.2529999911785126,44.81670379638672,79.5824966430664
2016-01-21,410.2619934082031,22.718358993530273,51.07590103149414,105.48999786376953,8.570962905883789,21.763347625732422,93.68208312988281,26.690000534057617,2.0190000534057617,0.27300000190734863,45.118873596191406,79.35174560546875
2016-01-22,382.49200439453125,23.495393753051758,52.18439865112305,105.0,8.815230369567871,22.177846908569336,96.39456939697266,22.34000015258789,2.0480000972747803,0.2879999876022339,45.81039047241211,79.40069580078125
2016-01-23,387.4909973144531,23.495393753051758,52.18439865112305,105.0,8.815230369567871,22.177846908569336,96.39456939697266,22.34000015258789,2.0480000972747803,0.2879999876022339,45.81039047241211,79.40069580078125
2016-01-24,402.97100830078125,23.495393753051758,52.18439865112305,105.0,8.815230369567871,22.177846908569336,96.39456939697266,22.34000015258789,2.0480000972747803,0.2879999876022339,45.81039047241211,79.40069580078125
2016-01-25,391.72601318359375,23.094858169555664,51.3852653503418,106.08000183105469,8.649989128112793,21.927324295043945,94.9640121459961,24.149999618530273,2.0220000743865967,0.2750000059604645,45.35712814331055,79.31673431396484
2016-01-26,392.15301513671875,23.43130874633789,52.150020599365234,107.29000091552734,8.843968391418457,22.11407470703125,95.81861114501953,22.5,1.99399995803833,0.30000001192092896,45.763938903808594,79.54055786132812
2016-01-27,394.97198486328125,23.35120391845703,51.49696731567383,107.69000244140625,8.793678283691406,21.868112564086914,93.43128967285156,23.110000610351562,2.000999927520752,0.30000001192092896,45.694183349609375,79.32373809814453
2016-01-28,380.28900146484375,23.719694137573242,51.67741394042969,106.54000091552734,9.037947654724121,21.754240036010742,94.75035858154297,22.420000076293945,1.9850000143051147,0.3179999887943268,45.92662811279297,79.41465759277344
2016-01-29,379.4739990234375,24.48872184753418,52.92337417602539,106.94999694824219,9.167265892028809,22.647003173828125,96.72898864746094,20.200000762939453,1.930999994277954,0.30000001192092896,46.07772445678711,79.8272476196289
2016-01-30,378.2550048828125,24.48872184753418,52.92337417602539,106.94999694824219,9.167265892028809,22.647003173828125,96.72898864746094,20.200000762939453,1.930999994277954,0.30000001192092896,46.07772445678711,79.8272476196289
2016-01-31,368.7669982910156,24.48872184753418,52.92337417602539,106.94999694824219,9.167265892028809,22.647003173828125,96.72898864746094,20.200000762939453,1.930999994277954,0.30000001192092896,46.07772445678711,79.8272476196289
2016-02-01,373.0559997558594,24.25640869140625,52.96632766723633,108.05000305175781,9.21755599975586,22.747209548950195,96.98906707763672,19.979999542236328,1.965999960899353,0.29499998688697815,45.8038444519043,79.5726547241211
2016-02-02,374.447998046875,23.471359252929688,52.0812873840332,108.08999633789062,9.030763626098633,22.12318229675293,94.88967895507812,21.979999542236328,1.8639999628067017,0.33000001311302185,45.47679138183594,79.71996307373047
2016-02-03,369.9490051269531,24.136255264282227,52.45935821533203,109.25,9.23910903930664,22.155071258544922,94.43450927734375,21.649999618530273,1.88100004196167,0.3330000042915344,45.6987419128418,79.52357482910156
2016-02-04,389.593994140625,24.320499420166016,52.56248092651367,110.56999969482422,9.260663032531738,22.583234786987305,94.42522430419922,21.84000015258789,1.8639999628067017,0.28299999237060547,45.55270004272461,79.5586166381836
2016-02-05,386.54901123046875,24.04012107849121,51.608673095703125,112.31999969482422,9.17444896697998,21.795230865478516,91.1461410522461,23.3799991607666,1.8480000495910645,0.27799999713897705,45.202301025390625,79.5445785522461
2016-02-06,376.5220031738281,24.04012107849121,51.608673095703125,112.31999969482422,9.17444896697998,21.795230865478516,91.1461410522461,23.3799991607666,1.8480000495910645,0.27799999713897705,45.202301025390625,79.5445785522461
2016-02-07,376.6199951171875,24.04012107849121,51.608673095703125,112.31999969482422,9.17444896697998,21.795230865478516,91.1461410522461,23.3799991607666,1.8480000495910645,0.27799999713897705,45.202301025390625,79.5445785522461
2016-02-08,373.4469909667969,23.711685180664062,51.07590103149414,113.83000183105469,8.815230369567871,21.33063316345215,89.75273895263672,26.0,1.7350000143051147,0.25999999046325684,44.67668914794922,79.95844268798828
2016-02-09,376.02899169921875,23.38324546813965,51.204803466796875,113.58000183105469,8.5134859085083,21.239534378051758,89.47405242919922,26.540000915527344,1.7289999723434448,0.30000001192092896,44.5073356628418,79.68489074707031
2016-02-10,381.64898681640625,23.479373931884766,51.26495361328125,114.45999908447266,8.520671844482422,20.934354782104492,89.81776428222656,26.290000915527344,1.7050000429153442,0.2980000078678131,44.4431037902832,79.78306579589844
2016-02-11,379.65399169921875,23.08684539794922,50.637672424316406,119.05999755859375,8.35543155670166,20.78404426574707,89.68771362304688,28.139999389648438,1.6440000534057617,0.27300000190734863,44.14525604248047,80.04956817626953
2016-02-12,384.26300048828125,23.487384796142578,51.53133773803711,118.36000061035156,8.642805099487305,21.19398307800293,91.0532455444336,25.399999618530273,1.7480000257492065,0.27000001072883606,44.805179595947266,79.60071563720703
2016-02-13,391.8599853515625,23.487384796142578,51.53133773803711,118.36000061035156,8.642805099487305,21.19398307800293,91.0532455444336,25.399999618530273,1.7480000257492065,0.27000001072883606,44.805179595947266,79.60071563720703
2016-02-14,407.2300109863281,23.487384796142578,51.53133773803711,118.36000061035156,8.642805099487305,21.19398307800293,91.0532455444336,25.399999618530273,1.7480000257492065,0.27000001072883606,44.805179595947266,79.60071563720703
2016-02-15,400.18499755859375,23.487384796142578,51.53133773803711,118.36000061035156,8.642805099487305,21.19398307800293,91.0532455444336,25.399999618530273,1.7480000257492065,0.27000001072883606,44.805179595947266,79.60071563720703
2016-02-16,407.4880065917969,24.008087158203125,52.35625076293945,114.7699966430664,8.815230369567871,21.913660049438477,93.10613250732422,24.110000610351562,1.777999997138977,0.27300000190734863,44.84605026245117,79.22193908691406
2016-02-17,416.3219909667969,24.480710983276367,53.12960433959961,115.4800033569336,9.088236808776855,22.437475204467773,95.2148208618164,22.309999465942383,1.819000005722046,0.2930000126361847,45.2139892578125,79.20095825195312
2016-02-18,422.37298583984375,24.336519241333008,53.017906188964844,118.29000091552734,9.059499740600586,22.346378326416016,94.12796020507812,21.639999389648438,1.7589999437332153,0.2879999876022339,45.25485610961914,79.84619140625
2016-02-19,420.7850036621094,24.22437286376953,52.96632766723633,117.58000183105469,9.052316665649414,22.387372970581055,94.40664672851562,20.530000686645508,1.7480000257492065,0.28299999237060547,45.342464447021484,79.79008483886719
2016-02-20,437.16400146484375,24.22437286376953,52.96632766723633,117.58000183105469,9.052316665649414,22.387372970581055,94.40664672851562,20.530000686645508,1.7480000257492065,0.28299999237060547,45.342464447021484,79.79008483886719
2016-02-21,438.7980041503906,24.22437286376953,52.96632766723633,117.58000183105469,9.052316665649414,22.387372970581055,94.40664672851562,20.530000686645508,1.7480000257492065,0.28299999237060547,45.342464447021484,79.79008483886719
2016-02-22,437.74798583984375,24.82517433166504,53.593624114990234,115.48999786376953,9.282215118408203,22.75176429748535,95.93937683105469,19.3799991607666,1.7660000324249268,0.2930000126361847,45.73373794555664,79.95140075683594
2016-02-23,420.7359924316406,24.29646873474121,53.00930404663086,117.22000122070312,9.052316665649414,22.36915397644043,94.36021423339844,20.979999542236328,1.7450000047683716,0.3179999887943268,45.640316009521484,80.11270141601562
2016-02-24,424.9549865722656,24.24039077758789,53.292877197265625,117.61000061035156,9.037947654724121,22.656110763549805,95.26127624511719,20.719999313354492,1.7419999837875366,0.3149999976158142,45.71624755859375,80.18984985351562
2016-02-25,424.54400634765625,24.320499420166016,53.8599967956543,117.91999816894531,8.930181503295898,22.92029571533203,96.199462890625,19.110000610351562,1.6970000267028809,0.3100000023841858,45.96149826049805,80.63878631591797
2016-02-26,432.1520080566406,24.080177307128906,53.6365852355957,117.11000061035156,8.980472564697266,23.047832489013672,96.0787124633789,19.809999465942383,1.7619999647140503,0.30300000309944153,46.27103042602539,80.6106948852539
2016-02-27,432.5190124511719,24.080177307128906,53.6365852355957,117.11000061035156,8.980472564697266,23.047832489013672,96.0787124633789,19.809999465942383,1.7619999647140503,0.30300000309944153,46.27103042602539,80.6106948852539
2016-02-28,433.5039978027344,24.080177307128906,53.6365852355957,117.11000061035156,8.980472564697266,23.047832489013672,96.0787124633789,19.809999465942383,1.7619999647140503,0.30300000309944153,46.27103042602539,80.6106948852539
2016-02-29,437.6969909667969,24.288455963134766,53.24130630493164,118.63999938964844,9.04513168334961,22.970399856567383,95.2148208618164,20.549999237060547,1.7400000095367432,0.30799999833106995,46.7674446105957,80.66680145263672
2016-03-01,435.12298583984375,25.153614044189453,54.444313049316406,117.7699966430664,9.203187942504883,23.676408767700195,98.2709732055664,17.700000762939453,1.8339999914169312,0.3199999928474426,47.506587982177734,80.22718811035156
2016-03-02,423.989013671875,25.490060806274414,54.5388298034668,118.68000030517578,9.267847061157227,23.799392700195312,98.30813598632812,17.09000015258789,1.8480000495910645,0.30300000309944153,47.183692932128906,80.38894653320312
2016-03-03,421.6510009765625,25.778444290161133,54.60758590698242,120.7300033569336,9.562406539916992,23.854049682617188,98.12236022949219,16.700000762939453,1.8300000429153442,0.2630000114440918,47.34218978881836,80.76885223388672
2016-03-04,410.9389953613281,26.29113006591797,54.72787094116211,120.54000091552734,9.598326683044434,24.0089168548584,98.15950775146484,16.860000610351562,1.8830000162124634,0.26499998569488525,47.477195739746094,80.7547607421875
2016-03-05,400.57000732421875,26.29113006591797,54.72787094116211,120.54000091552734,9.598326683044434,24.0089168548584,98.15950775146484,16.860000610351562,1.8830000162124634,0.26499998569488525,47.477195739746094,80.7547607421875
2016-03-06,407.7070007324219,26.29113006591797,54.72787094116211,120.54000091552734,9.598326683044434,24.0089168548584,98.15950775146484,16.860000610351562,1.8830000162124634,0.26499998569488525,47.477195739746094,80.7547607421875
2016-03-07,414.3210144042969,26.25107765197754,54.762245178222656,121.13999938964844,9.821043968200684,24.100017547607422,97.55570220947266,17.350000381469727,1.9019999504089355,0.26499998569488525,47.535911560058594,80.84622192382812
2016-03-08,413.97198486328125,25.802474975585938,54.4013557434082,120.58000183105469,9.63425064086914,23.64452362060547,96.7475357055664,18.670000076293945,1.8320000171661377,0.3050000071525574,47.20128631591797,81.27527618408203
2016-03-09,414.8599853515625,25.962688446044922,54.50446319580078,119.58000183105469,9.598326683044434,23.813058853149414,97.3698959350586,18.34000015258789,1.8919999599456787,0.2879999876022339,47.3187141418457,81.183837890625
2016-03-10,417.1310119628906,26.002748489379883,54.54743576049805,121.5,9.526484489440918,23.940593719482422,97.2212905883789,18.049999237060547,1.9290000200271606,0.30300000309944153,47.647483825683594,81.5215072631836
2016-03-11,421.69000244140625,26.54747772216797,55.32937240600586,119.41000366210938,9.706093788146973,24.42341423034668,98.92122650146484,16.5,1.9769999980926514,0.30799999833106995,48.22280502319336,81.75362396240234
2016-03-12,411.6239929199219,26.54747772216797,55.32937240600586,119.41000366210938,9.706093788146973,24.42341423034668,98.92122650146484,16.5,1.9769999980926514,0.30799999833106995,48.22280502319336,81.75362396240234
2016-03-13,414.06500244140625,26.54747772216797,55.32937240600586,119.41000366210938,9.706093788146973,24.42341423034668,98.92122650146484,16.5,1.9769999980926514,0.30799999833106995,48.22280502319336,81.75362396240234
2016-03-14,416.43798828125,26.387258529663086,55.32078170776367,117.87000274658203,9.56959056854248,24.314098358154297,99.08843231201172,16.920000076293945,1.9630000591278076,0.30799999833106995,48.08781051635742,81.99279022216797
2016-03-15,416.8299865722656,26.010761260986328,55.38092041015625,117.95999908447266,9.56959056854248,24.23211097717285,99.05126953125,16.84000015258789,1.9589999914169312,0.32499998807907104,47.6416130065918,81.96466064453125
2016-03-16,417.010986328125,26.53145408630371,55.630130767822266,120.58999633789062,9.856966018676758,24.514516830444336,99.93372344970703,14.989999771118164,1.937999963760376,0.30000001192092896,47.958648681640625,82.35856628417969
2016-03-17,420.6210021972656,27.11623191833496,56.068359375,120.12999725341797,10.302396774291992,24.683042526245117,99.87802124023438,14.4399995803833,1.902999997138977,0.2750000059604645,48.263893127441406,82.61182403564453
2016-03-18,409.5480041503906,27.26042366027832,56.1972541809082,119.80000305175781,10.374241828918457,24.99733543395996,100.03455352783203,14.020000457763672,1.871000051498413,0.2800000011920929,48.375450134277344,82.80178833007812
2016-03-19,410.4440002441406,27.26042366027832,56.1972541809082,119.80000305175781,10.374241828918457,24.99733543395996,100.03455352783203,14.020000457763672,1.871000051498413,0.2800000011920929,48.375450134277344,82.80178833007812
2016-03-20,413.7550048828125,27.26042366027832,56.1972541809082,119.80000305175781,10.374241828918457,24.99733543395996,100.03455352783203,14.020000457763672,1.871000051498413,0.2800000011920929,48.375450134277344,82.80178833007812
2016-03-21,413.3070068359375,27.316499710083008,56.31755065917969,118.95999908447266,10.35987377166748,24.99733543395996,100.42587280273438,13.789999961853027,1.9229999780654907,0.2879999876022339,48.3226203918457,82.70323944091797
2016-03-22,418.0889892578125,27.25241470336914,56.291786193847656,119.30999755859375,10.230554580688477,24.983665466308594,100.73329162597656,14.170000076293945,1.934999942779541,0.29499998688697815,48.1934700012207,82.54850006103516
2016-03-23,418.0409851074219,26.78779411315918,55.750431060791016,116.61000061035156,9.99346923828125,24.68760108947754,99.90410614013672,14.9399995803833,1.875,0.2930000126361847,47.97037124633789,82.96354675292969
2016-03-24,416.3940124511719,26.72370719909668,55.681678771972656,116.33000183105469,9.964731216430664,24.646604537963867,99.93206024169922,14.739999771118164,1.899999976158142,0.2750000059604645,47.75900650024414,82.92838287353516
2016-03-25,417.177001953125,26.72370719909668,55.681678771972656,116.33000183105469,9.964731216430664,24.646604537963867,99.93206024169922,14.739999771118164,1.899999976158142,0.2750000059604645,47.75900650024414,82.92838287353516
2016-03-26,417.94500732421875,26.72370719909668,55.681678771972656,116.33000183105469,9.964731216430664,24.646604537963867,99.93206024169922,14.739999771118164,1.899999976158142,0.2750000059604645,47.75900650024414,82.92838287353516
2016-03-27,426.7650146484375,26.72370719909668,55.681678771972656,116.33000183105469,9.964731216430664,24.646604537963867,99.93206024169922,14.739999771118164,1.899999976158142,0.2750000059604645,47.75900650024414,82.92838287353516
2016-03-28,424.2309875488281,26.81182861328125,55.75901794433594,116.5999984741211,10.05812931060791,24.637495040893555,99.79232025146484,15.239999771118164,1.8700000047683716,0.2549999952316284,47.54182434082031,82.97761535644531
2016-03-29,416.5159912109375,27.180316925048828,56.248817443847656,118.76000213623047,10.144341468811035,24.979116439819336,101.39479064941406,13.819999694824219,1.8140000104904175,0.22499999403953552,47.72379684448242,83.35041046142578
2016-03-30,414.8160095214844,27.460697174072266,56.532386779785156,117.0999984741211,10.431716918945312,25.22963523864746,101.88860321044922,13.5600004196167,1.8300000429153442,0.1850000023841858,47.89405822753906,83.25194549560547
2016-03-31,416.72900390625,27.43666648864746,56.38630294799805,117.63999938964844,10.446084976196289,25.08843231201172,101.739501953125,13.949999809265137,1.7860000133514404,0.19300000369548798,47.958648681640625,83.58256530761719
2016-04-01,417.9599914550781,27.356552124023438,56.8159294128418,116.93000030517578,10.539481163024902,25.206859588623047,102.82025146484375,13.100000381469727,1.7920000553131104,0.21799999475479126,47.99344253540039,83.85197448730469
2016-04-02,420.87298583984375,27.356552124023438,56.8159294128418,116.93000030517578,10.539481163024902,25.206859588623047,102.82025146484375,13.100000381469727,1.7920000553131104,0.21799999475479126,47.99344253540039,83.85197448730469
2016-04-03,420.90399169921875,27.356552124023438,56.8159294128418,116.93000030517578,10.539481163024902,25.206859588623047,102.82025146484375,13.100000381469727,1.7920000553131104,0.21799999475479126,47.99344253540039,83.85197448730469
2016-04-04,421.4440002441406,27.028120040893555,56.61831283569336,116.1500015258789,10.381423950195312,25.01099967956543,102.42894744873047,14.119999885559082,1.7790000438690186,0.18299999833106995,47.87546920776367,83.85906982421875
2016-04-05,424.0299987792969,26.49941062927246,56.2230224609375,117.66000366210938,10.144341468811035,24.824249267578125,101.44137573242188,15.420000076293945,1.7269999980926514,0.21799999475479126,47.69850158691406,84.12713623046875
2016-04-06,423.4129943847656,26.81983757019043,56.75578308105469,116.94000244140625,10.345504760742188,25.056547164916992,103.10908508300781,14.09000015258789,1.7549999952316284,0.2199999988079071,48.0995979309082,84.05663299560547
2016-04-07,422.7449951171875,26.283123016357422,56.145694732666016,118.61000061035156,10.187446594238281,24.724037170410156,101.62770080566406,16.15999984741211,1.690999984741211,0.2199999988079071,47.8636589050293,84.28231811523438
2016-04-08,420.3489990234375,26.739730834960938,56.28318786621094,118.43000030517578,10.410162925720215,24.842464447021484,101.55319213867188,15.359999656677246,1.7200000286102295,0.21799999475479126,48.081905364990234,84.09188079833984
2016-04-09,419.4110107421875,26.739730834960938,56.28318786621094,118.43000030517578,10.410162925720215,24.842464447021484,101.55319213867188,15.359999656677246,1.7200000286102295,0.21799999475479126,48.081905364990234,84.09188079833984
2016-04-10,421.5639953613281,26.739730834960938,56.28318786621094,118.43000030517578,10.410162925720215,24.842464447021484,101.55319213867188,15.359999656677246,1.7200000286102295,0.21799999475479126,48.081905364990234,84.09188079833984
2016-04-11,422.4830017089844,27.084197998046875,56.13710021972656,120.02999877929688,10.71909236907959,24.869796752929688,101.18049621582031,16.260000228881836,1.7239999771118164,0.20999999344348907,48.146751403808594,84.08480072021484
2016-04-12,425.19000244140625,27.500751495361328,56.644073486328125,120.05000305175781,11.257919311523438,24.82880210876465,102.0283203125,14.850000381469727,1.781000018119812,0.23000000417232513,48.42988586425781,83.75325775146484
2016-04-13,423.7340087890625,27.989395141601562,57.11669158935547,118.7699966430664,11.372869491577148,25.334394454956055,103.33270263671875,13.84000015258789,1.7619999647140503,0.22300000488758087,48.748416900634766,84.04253387451172
2016-04-14,424.2820129394531,27.85321807861328,57.090911865234375,117.11000061035156,11.444714546203613,25.06110382080078,103.34199523925781,13.720000267028809,1.781000018119812,0.2150000035762787,48.730690002441406,83.98606872558594
2016-04-15,429.7130126953125,27.693004608154297,57.09949493408203,117.91999816894531,11.372869491577148,24.874351501464844,103.08113861083984,13.619999885559082,1.7519999742507935,0.20999999344348907,48.65401077270508,84.3387451171875
2016-04-16,430.5719909667969,27.693004608154297,57.09949493408203,117.91999816894531,11.372869491577148,24.874351501464844,103.08113861083984,13.619999885559082,1.7519999742507935,0.20999999344348907,48.65401077270508,84.3387451171875
2016-04-17,427.39898681640625,27.693004608154297,57.09949493408203,117.91999816894531,11.372869491577148,24.874351501464844,103.08113861083984,13.619999885559082,1.7519999742507935,0.20999999344348907,48.65401077270508,84.3387451171875
2016-04-18,428.59100341796875,27.821170806884766,57.451805114746094,117.73999786376953,11.214814186096191,24.906234741210938,103.63084411621094,13.350000381469727,1.7730000019073486,0.1979999989271164,48.931251525878906,84.4304428100586
2016-04-19,435.5090026855469,28.245742797851562,57.580711364746094,119.58000183105469,11.387238502502441,24.69671058654785,102.99727630615234,13.239999771118164,1.7829999923706055,0.2150000035762787,49.13766860961914,84.58565521240234
2016-04-20,441.3890075683594,28.11757469177246,57.537750244140625,118.97000122070312,11.286657333374023,24.81513786315918,103.08113861083984,13.279999732971191,1.8539999723434448,0.21799999475479126,49.232051849365234,84.35286712646484
2016-04-21,449.42498779296875,27.837202072143555,57.20261764526367,119.41999816894531,11.12860107421875,24.67849349975586,103.09044647216797,13.949999809265137,1.8700000047683716,0.22499999403953552,49.07870864868164,84.31758880615234
2016-04-22,445.73699951171875,27.66897201538086,57.151058197021484,117.88999938964844,11.193260192871094,24.692153930664062,101.53453063964844,13.220000267028809,1.8880000114440918,0.22499999403953552,49.19078063964844,84.4093246459961
2016-04-23,450.2820129394531,27.66897201538086,57.151058197021484,117.88999938964844,11.193260192871094,24.692153930664062,101.53453063964844,13.220000267028809,1.8880000114440918,0.22499999403953552,49.19078063964844,84.4093246459961
2016-04-24,458.55499267578125,27.66897201538086,57.151058197021484,117.88999938964844,11.193260192871094,24.692153930664062,101.53453063964844,13.220000267028809,1.8880000114440918,0.22499999403953552,49.19078063964844,84.4093246459961
2016-04-25,461.4259948730469,27.49274444580078,57.10810852050781,118.2300033569336,11.013649940490723,24.569171905517578,101.53453063964844,14.079999923706055,1.9019999504089355,0.23800000548362732,49.002037048339844,84.2117919921875
2016-04-26,466.0889892578125,27.78912925720215,57.19402313232422,118.69999694824219,10.97054386138916,24.833354949951172,101.04075622558594,13.960000038146973,1.930999994277954,0.24500000476837158,49.16716766357422,84.17654418945312
2016-04-27,444.68701171875,27.957361221313477,57.22838592529297,119.04000091552734,11.085495948791504,25.12487030029297,100.23016357421875,13.770000457763672,1.8600000143051147,0.24500000476837158,49.45619201660156,84.71266174316406
2016-04-28,449.010986328125,27.66897201538086,56.69566345214844,121.29000091552734,11.107047080993652,24.50084686279297,99.01899719238281,15.220000267028809,1.8380000591278076,0.20999999344348907,49.37362289428711,84.79022979736328
2016-04-29,455.09698486328125,27.548812866210938,56.16288757324219,123.6500015258789,10.877147674560547,23.89504623413086,98.49726867675781,15.699999809265137,1.819000005722046,0.19300000369548798,49.45619201660156,84.88194274902344
2016-04-30,448.3179931640625,27.548812866210938,56.16288757324219,123.6500015258789,10.877147674560547,23.89504623413086,98.49726867675781,15.699999809265137,1.819000005722046,0.19300000369548798,49.45619201660156,84.88194274902344
2016-05-01,451.875,27.548812866210938,56.16288757324219,123.6500015258789,10.877147674560547,23.89504623413086,98.49726867675781,15.699999809265137,1.819000005722046,0.19300000369548798,49.45619201660156,84.88194274902344
2016-05-02,444.66900634765625,27.476715087890625,56.669864654541016,123.23999786376953,10.78375244140625,24.054468154907227,99.42897033691406,14.680000305175781,1.8650000095367432,0.1850000023841858,49.47514724731445,84.77234649658203
2016-05-03,450.3039855957031,26.69968032836914,56.2230224609375,122.95999908447266,10.453269004821777,23.803945541381836,98.5066146850586,15.600000381469727,1.7999999523162842,0.2029999941587448,49.155189514160156,84.92088317871094
2016-05-04,446.72198486328125,26.26710319519043,55.87071990966797,122.20999908447266,10.244921684265137,23.548871994018555,97.873046875,16.049999237060547,1.784000039100647,0.1979999989271164,48.971492767333984,84.77935028076172
2016-05-05,447.97601318359375,26.25908660888672,55.8964958190918,122.06999969482422,10.252107620239258,23.635414123535156,97.84508514404297,15.90999984741211,1.746999979019165,0.18299999833106995,48.930015563964844,84.9491195678711
2016-05-06,459.6029968261719,26.299144744873047,56.025390625,123.18000030517578,10.35987377166748,23.63997459411621,98.36682891845703,14.720000267028809,1.7790000438690186,0.18000000715255737,48.90040969848633,84.7652359008789
2016-05-07,458.5360107421875,26.299144744873047,56.025390625,123.18000030517578,10.35987377166748,23.63997459411621,98.36682891845703,14.720000267028809,1.7790000438690186,0.18000000715255737,48.90040969848633,84.7652359008789
2016-05-08,458.5480041503906,26.299144744873047,56.025390625,123.18000030517578,10.35987377166748,23.63997459411621,98.36682891845703,14.720000267028809,1.7790000438690186,0.18000000715255737,48.90040969848633,84.7652359008789
2016-05-09,460.4830017089844,25.962688446044922,56.145694732666016,120.6500015258789,10.18026351928711,23.617197036743164,98.6463394165039,14.569999694824219,1.7599999904632568,0.2029999941587448,48.811519622802734,84.68032836914062
2016-05-10,450.8949890136719,26.459352493286133,56.78157043457031,120.9800033569336,10.201815605163574,23.88138198852539,99.99726867675781,13.630000114440918,1.7599999904632568,0.24300000071525574,49.22626495361328,84.82180786132812
2016-05-11,452.7279968261719,26.395267486572266,56.18006134033203,122.12000274658203,10.115604400634766,23.77206039428711,99.09354400634766,14.6899995803833,1.7369999885559082,0.24799999594688416,49.190738677978516,84.913818359375
2016-05-12,454.7659912109375,26.32317352294922,56.291786193847656,121.16000366210938,10.079681396484375,23.34845542907715,98.65568542480469,14.40999984741211,1.7569999694824219,0.257999986410141,49.26774978637695,84.7369384765625
2016-05-13,455.6700134277344,25.850543975830078,55.79338836669922,121.70999908447266,10.079681396484375,23.416780471801758,98.29232788085938,15.039999961853027,1.7050000429153442,0.257999986410141,49.04855728149414,84.89254760742188
2016-05-14,455.6709899902344,25.850543975830078,55.79338836669922,121.70999908447266,10.079681396484375,23.416780471801758,98.29232788085938,15.039999961853027,1.7050000429153442,0.257999986410141,49.04855728149414,84.89254760742188
2016-05-15,457.5679931640625,25.850543975830078,55.79338836669922,121.70999908447266,10.079681396484375,23.416780471801758,98.29232788085938,15.039999961853027,1.7050000429153442,0.257999986410141,49.04855728149414,84.89254760742188
2016-05-16,454.1629943847656,26.162960052490234,56.3261604309082,121.80000305175781,10.295212745666504,23.885934829711914,99.52214813232422,14.680000305175781,1.753000020980835,0.257999986410141,49.32109832763672,84.6096420288086
2016-05-17,453.7829895019531,26.04279899597168,55.801979064941406,122.22000122070312,10.252107620239258,23.662748336791992,98.273681640625,15.569999694824219,1.7589999437332153,0.2680000066757202,49.22038269042969,84.58130645751953
2016-05-18,454.6189880371094,25.786457061767578,55.71604537963867,120.0999984741211,9.986285209655762,24.0817928314209,98.62772369384766,15.949999809265137,1.8799999952316284,0.27000001072883606,49.22626495361328,83.85985565185547
2016-05-19,438.7149963378906,25.546133041381836,55.484046936035156,119.87000274658203,9.849781036376953,23.872270584106445,98.11527252197266,16.329999923706055,1.8450000286102295,0.28999999165534973,49.08999252319336,84.05790710449219
2016-05-20,442.6759948730469,25.802474975585938,55.74182891845703,119.70999908447266,9.892888069152832,24.664825439453125,99.19602966308594,15.199999809265137,1.8489999771118164,0.2980000078678131,49.2618522644043,84.11453247070312
2016-05-21,443.18798828125,25.802474975585938,55.74182891845703,119.70999908447266,9.892888069152832,24.664825439453125,99.19602966308594,15.199999809265137,1.8489999771118164,0.2980000078678131,49.2618522644043,84.11453247070312
2016-05-22,439.322998046875,25.802474975585938,55.74182891845703,119.70999908447266,9.892888069152832,24.664825439453125,99.19602966308594,15.199999809265137,1.8489999771118164,0.2980000078678131,49.2618522644043,84.11453247070312
2016-05-23,444.1549987792969,25.754417419433594,55.64730453491211,119.37000274658203,9.9431791305542,24.824249267578125,99.06559753417969,15.819999694824219,1.8380000591278076,0.31299999356269836,49.27368927001953,84.11453247070312
2016-05-24,445.9809875488281,26.018768310546875,56.49800109863281,117.30000305175781,9.842597961425781,25.425495147705078,101.05006408691406,14.420000076293945,1.8589999675750732,0.34299999475479126,49.56992721557617,83.9730224609375
2016-05-25,449.5989990234375,26.33118438720703,56.73859405517578,116.9800033569336,9.849781036376953,25.56669807434082,101.77680206298828,13.899999618530273,1.8700000047683716,0.3149999976158142,49.64695358276367,84.1215591430664
2016-05-26,453.3840026855469,26.507421493530273,56.72141647338867,116.58000183105469,9.914441108703613,25.65323829650879,102.07489776611328,13.430000305175781,1.8229999542236328,0.2750000059604645,49.504791259765625,84.36206817626953
2016-05-27,473.4639892578125,26.49941062927246,56.919044494628906,115.62000274658203,9.87133502960205,25.8217716217041,102.60595703125,13.119999885559082,1.8509999513626099,0.2980000078678131,49.58772659301758,84.29843139648438
2016-05-28,530.0399780273438,26.49941062927246,56.919044494628906,115.62000274658203,9.87133502960205,25.8217716217041,102.60595703125,13.119999885559082,1.8509999513626099,0.2980000078678131,49.58772659301758,84.29843139648438
2016-05-29,526.2329711914062,26.49941062927246,56.919044494628906,115.62000274658203,9.87133502960205,25.8217716217041,102.60595703125,13.119999885559082,1.8509999513626099,0.2980000078678131,49.58772659301758,84.29843139648438
2016-05-30,533.864013671875,26.49941062927246,56.919044494628906,115.62000274658203,9.87133502960205,25.8217716217041,102.60595703125,13.119999885559082,1.8509999513626099,0.2980000078678131,49.58772659301758,84.29843139648438
2016-05-31,531.385986328125,26.53145408630371,56.76438522338867,116.05999755859375,9.892888069152832,25.91742515563965,102.80164337158203,14.1899995803833,1.8339999914169312,0.28299999237060547,49.54033660888672,84.44692993164062
2016-06-01,536.9199829101562,26.51543426513672,56.850318908691406,115.94000244140625,9.907257080078125,26.022186279296875,102.81095123291016,14.199999809265137,1.8459999561309814,0.29499998688697815,49.618892669677734,84.50653076171875
2016-06-02,537.9719848632812,26.731721878051758,56.893272399902344,115.66999816894531,10.1658935546875,26.01763343811035,103.02525329589844,13.630000114440918,1.8109999895095825,0.27000001072883606,49.63081359863281,84.67674255371094
2016-06-03,569.1939697265625,27.140268325805664,56.78157043457031,118.87999725341797,10.374241828918457,26.06773567199707,102.540771484375,13.470000267028809,1.7039999961853027,0.27000001072883606,49.720123291015625,85.357666015625
2016-06-04,572.7269897460938,27.140268325805664,56.78157043457031,118.87999725341797,10.374241828918457,26.06773567199707,102.540771484375,13.470000267028809,1.7039999961853027,0.27000001072883606,49.720123291015625,85.357666015625
2016-06-05,574.9769897460938,27.140268325805664,56.78157043457031,118.87999725341797,10.374241828918457,26.06773567199707,102.540771484375,13.470000267028809,1.7039999961853027,0.27000001072883606,49.720123291015625,85.357666015625
2016-06-06,585.5369873046875,27.428653717041016,57.142459869384766,118.91999816894531,10.769381523132324,26.003969192504883,102.91343688964844,13.649999618530273,1.7230000495910645,0.25,49.940406799316406,85.1520004272461
2016-06-07,576.5969848632812,27.676986694335938,57.09949493408203,118.81999969482422,11.006467819213867,26.277259826660156,102.65253448486328,14.050000190734863,1.7130000591278076,0.26499998569488525,50.160701751708984,85.27967834472656
2016-06-08,581.64501953125,27.87724494934082,57.27135467529297,120.58000183105469,11.028018951416016,26.281818389892578,102.82960510253906,14.079999923706055,1.7059999704360962,0.23499999940395355,50.35121536254883,85.56339263916016
2016-06-09,574.6300048828125,27.55681800842285,57.20261764526367,121.25,11.0783109664917,26.281818389892578,102.66188049316406,14.640000343322754,1.6799999475479126,0.23999999463558197,50.15474319458008,85.68395233154297
2016-06-10,577.469970703125,26.859886169433594,56.73859405517578,121.73999786376953,10.805303573608398,25.826326370239258,101.49726867675781,17.030000686645508,1.6390000581741333,0.23999999463558197,49.91064453125,85.78324890136719
2016-06-11,606.7269897460938,26.859886169433594,56.73859405517578,121.73999786376953,10.805303573608398,25.826326370239258,101.49726867675781,17.030000686645508,1.6390000581741333,0.23999999463558197,49.91064453125,85.78324890136719
2016-06-12,672.7839965820312,26.859886169433594,56.73859405517578,121.73999786376953,10.805303573608398,25.826326370239258,101.49726867675781,17.030000686645508,1.6390000581741333,0.23999999463558197,49.91064453125,85.78324890136719
2016-06-13,704.3759765625,26.48339080810547,56.291786193847656,122.63999938964844,10.6831693649292,25.71700668334961,100.64942169189453,20.969999313354492,1.6160000562667847,0.24500000476837158,49.577239990234375,85.65563201904297
2016-06-14,685.5590209960938,26.395267486572266,56.21443176269531,122.7699966430664,10.410162925720215,25.685123443603516,100.64942169189453,20.5,1.6109999418258667,0.2630000114440918,49.4105110168457,85.46407318115234
2016-06-15,694.468994140625,26.675647735595703,56.05976867675781,123.68000030517578,10.424531936645508,25.657798767089844,100.360595703125,20.139999389648438,1.5959999561309814,0.2549999952316284,49.43435287475586,85.78324890136719
2016-06-16,766.3079833984375,26.579517364501953,56.34334182739258,122.37999725341797,10.295212745666504,25.67146110534668,100.65878295898438,19.3700008392334,1.5640000104904175,0.24500000476837158,49.4640998840332,85.91094207763672
2016-06-17,748.9089965820312,26.6516170501709,56.11992645263672,123.94999694824219,10.431716918945312,25.49837303161621,99.4789047241211,19.40999984741211,1.6180000305175781,0.24799999594688416,49.493892669677734,85.65563201904297
2016-06-18,756.2269897460938,26.6516170501709,56.11992645263672,123.94999694824219,10.431716918945312,25.49837303161621,99.4789047241211,19.40999984741211,1.6180000305175781,0.24799999594688416,49.493892669677734,85.65563201904297
2016-06-19,763.781005859375,26.6516170501709,56.11992645263672,123.94999694824219,10.431716918945312,25.49837303161621,99.4789047241211,19.40999984741211,1.6180000305175781,0.24799999594688416,49.493892669677734,85.65563201904297
2016-06-20,737.2260131835938,27.124248504638672,56.48081970214844,123.20999908447266,10.51074504852295,25.92653465270996,100.10481262207031,18.3700008392334,1.6699999570846558,0.24799999594688416,49.78559875488281,85.5491943359375
2016-06-21,666.6519775390625,27.332523345947266,56.58971405029297,120.83999633789062,10.446084976196289,26.049516677856445,100.42240905761719,18.479999542236328,1.6970000267028809,0.26499998569488525,49.976131439208984,85.4711685180664
2016-06-22,596.1160278320312,27.401954650878906,56.50328063964844,120.9000015258789,10.295212745666504,26.01763343811035,100.17952728271484,21.170000076293945,1.684999942779541,0.2680000066757202,50.02375793457031,85.62720489501953
2016-06-23,623.9769897460938,28.06399154663086,57.220603942871094,120.11000061035156,10.431716918945312,26.66898536682129,101.60880279541016,17.25,1.7389999628067017,0.2750000059604645,50.39288330078125,85.54207611083984
2016-06-24,665.2990112304688,26.360458374023438,55.241519927978516,126.0,9.964731216430664,25.111207962036133,97.42376708984375,25.760000228881836,1.5789999961853027,0.23800000548362732,49.5653190612793,85.94638061523438
2016-06-25,665.1229858398438,26.360458374023438,55.241519927978516,126.0,9.964731216430664,25.111207962036133,97.42376708984375,25.760000228881836,1.5789999961853027,0.23800000548362732,49.5653190612793,85.94638061523438
2016-06-26,629.3670043945312,26.360458374023438,55.241519927978516,126.0,9.964731216430664,25.111207962036133,97.42376708984375,25.760000228881836,1.5789999961853027,0.23800000548362732,49.5653190612793,85.94638061523438
2016-06-27,655.2750244140625,26.021360397338867,54.394561767578125,126.68000030517578,9.619882583618164,24.336872100830078,95.49004364013672,23.850000381469727,1.4600000381469727,0.23499999940395355,48.850868225097656,86.3081283569336
2016-06-28,647.0009765625,26.788360595703125,55.293357849121094,125.31999969482422,9.856966018676758,25.001888275146484,97.58255004882812,18.75,1.4609999656677246,0.25999999046325684,49.4640998840332,86.78339385986328
2016-06-29,639.8900146484375,27.466541290283203,56.200809478759766,125.83999633789062,9.99346923828125,25.51203727722168,99.31077575683594,16.639999389648438,1.4769999980926514,0.2549999952316284,50.089237213134766,86.7550277709961
2016-06-30,673.3369750976562,27.741050720214844,57.039100646972656,126.47000122070312,10.216184616088867,25.967527389526367,100.45977020263672,15.630000114440918,1.4880000352859497,0.24799999594688416,50.42861557006836,87.05998229980469
2016-07-01,676.2960205078125,28.00747299194336,57.1428108215332,128.41000366210938,10.26647663116455,25.77622413635254,100.96424102783203,14.770000457763672,1.4559999704360962,0.24300000071525574,50.52853012084961,87.51592254638672
2016-07-02,703.7020263671875,28.00747299194336,57.1428108215332,128.41000366210938,10.26647663116455,25.77622413635254,100.96424102783203,14.770000457763672,1.4559999704360962,0.24300000071525574,50.52853012084961,87.51592254638672
2016-07-03,658.6640014648438,28.00747299194336,57.1428108215332,128.41000366210938,10.26647663116455,25.77622413635254,100.96424102783203,14.770000457763672,1.4559999704360962,0.24300000071525574,50.52853012084961,87.51592254638672
2016-07-04,683.6619873046875,28.00747299194336,57.1428108215332,128.41000366210938,10.26647663116455,25.77622413635254,100.96424102783203,14.770000457763672,1.4559999704360962,0.24300000071525574,50.52853012084961,87.51592254638672
2016-07-05,670.6270141601562,27.410032272338867,56.80576705932617,129.47000122070312,10.072497367858887,25.366281509399414,100.34768676757812,15.579999923706055,1.3669999837875366,0.23800000548362732,50.241390228271484,87.81462097167969
2016-07-06,677.3309936523438,27.33736801147461,57.039100646972656,130.22999572753906,10.043760299682617,25.402719497680664,101.16975402832031,14.960000038146973,1.3849999904632568,0.2630000114440918,50.46269607543945,87.97107696533203
2016-07-07,640.56201171875,27.264707565307617,57.00453567504883,129.74000549316406,9.971916198730469,25.689680099487305,101.46868896484375,14.760000228881836,1.3869999647140503,0.27000001072883606,50.52853012084961,87.98532104492188
2016-07-08,666.5230102539062,27.854082107543945,57.790985107421875,130.52000427246094,10.094048500061035,26.39113426208496,103.03807067871094,13.199999809265137,1.3660000562667847,0.27300000190734863,51.19847106933594,88.4760513305664
2016-07-09,650.9600219726562,27.854082107543945,57.790985107421875,130.52000427246094,10.094048500061035,26.39113426208496,103.03807067871094,13.199999809265137,1.3660000562667847,0.27300000190734863,51.19847106933594,88.4760513305664
2016-07-10,649.3599853515625,27.854082107543945,57.790985107421875,130.52000427246094,10.094048500061035,26.39113426208496,103.03807067871094,13.199999809265137,1.3660000562667847,0.27300000190734863,51.19847106933594,88.4760513305664
2016-07-11,647.6589965820312,28.12051773071289,57.946563720703125,129.2899932861328,10.029390335083008,26.746417999267578,103.62660217285156,13.539999961853027,1.434000015258789,0.2750000059604645,51.22838592529297,88.24845886230469
2016-07-12,664.551025390625,28.516117095947266,58.25767517089844,127.1500015258789,10.410162925720215,27.037935256958008,104.14971923828125,13.550000190734863,1.5130000114440918,0.29499998688697815,51.3719482421875,87.75064086914062
2016-07-13,654.468017578125,28.46767807006836,58.2490348815918,128.32000732421875,10.41734790802002,27.042484283447266,103.89749908447266,13.039999961853027,1.468000054359436,0.2980000078678131,51.22242736816406,88.09196472167969
2016-07-14,658.0780029296875,28.879432678222656,58.516937255859375,127.33000183105469,10.52511215209961,27.27022933959961,104.60747528076172,12.819999694824219,1.531000018119812,0.30300000309944153,51.324092864990234,87.8786392211914
2016-07-15,663.2550048828125,28.81484603881836,58.52558517456055,126.83999633789062,10.424531936645508,27.192800521850586,104.4393310546875,12.670000076293945,1.593999981880188,0.2980000078678131,51.22242736816406,87.54436492919922
2016-07-16,660.7670288085938,28.81484603881836,58.52558517456055,126.83999633789062,10.424531936645508,27.192800521850586,104.4393310546875,12.670000076293945,1.593999981880188,0.2980000078678131,51.22242736816406,87.54436492919922
2016-07-17,679.458984375,28.81484603881836,58.52558517456055,126.83999633789062,10.424531936645508,27.192800521850586,104.4393310546875,12.670000076293945,1.593999981880188,0.2980000078678131,51.22242736816406,87.54436492919922
2016-07-18,673.1060180664062,29.073204040527344,58.62928009033203,127.04000091552734,10.410162925720215,27.9853515625,105.130615234375,12.4399995803833,1.5870000123977661,0.2879999876022339,51.395904541015625,87.54436492919922
2016-07-19,672.864013671875,28.77448081970215,58.663848876953125,127.20999908447266,10.316765785217285,27.876035690307617,104.74761199951172,11.970000267028809,1.5579999685287476,0.3100000023841858,51.25833511352539,87.7008285522461
2016-07-20,665.6849975585938,28.9197998046875,58.931766510009766,125.38999938964844,10.323951721191406,28.304195404052734,105.97135162353516,11.770000457763672,1.5800000429153442,0.3149999976158142,51.389892578125,87.67234802246094
2016-07-21,665.0120239257812,28.83098602294922,58.69843292236328,127.30000305175781,10.26647663116455,28.062786102294922,105.72846221923828,12.739999771118164,1.565000057220459,0.30300000309944153,51.31813049316406,87.77193450927734
2016-07-22,650.6190185546875,29.040910720825195,58.983619689941406,126.3499984741211,10.230554580688477,28.23131561279297,106.16749572753906,12.020000457763672,1.5700000524520874,0.30300000309944153,51.545433044433594,87.72216033935547
2016-07-23,655.5560302734375,29.040910720825195,58.983619689941406,126.3499984741211,10.230554580688477,28.23131561279297,106.16749572753906,12.020000457763672,1.5700000524520874,0.30300000309944153,51.545433044433594,87.72216033935547
2016-07-24,661.2849731445312,29.040910720825195,58.983619689941406,126.3499984741211,10.230554580688477,28.23131561279297,106.16749572753906,12.020000457763672,1.5700000524520874,0.30300000309944153,51.545433044433594,87.72216033935547
2016-07-25,654.0969848632812,28.75025749206543,58.897193908691406,125.47000122070312,10.043760299682617,28.36341094970703,106.17686462402344,12.869999885559082,1.5709999799728394,0.2980000078678131,51.300174713134766,87.67234802246094
2016-07-26,651.7839965820312,28.976314544677734,58.75029373168945,126.0,10.122786521911621,29.18329429626465,106.29830932617188,13.050000190734863,1.562999963760376,0.30799999833106995,51.1027946472168,87.5870590209961
2016-07-27,654.3519897460938,29.073204040527344,58.71572494506836,128.02999877929688,10.187446594238281,29.078535079956055,107.0362548828125,12.829999923706055,1.5149999856948853,0.28299999237060547,51.25833511352539,87.94974517822266
2016-07-28,655.0349731445312,29.08127212524414,58.73301696777344,127.66000366210938,9.914441108703613,29.042091369628906,107.40996551513672,12.720000267028809,1.5110000371932983,0.2199999988079071,51.04294967651367,87.86441040039062
2016-07-29,656.9920043945312,29.234670639038086,58.776206970214844,128.97999572753906,9.957547187805176,28.923662185668945,107.64348602294922,11.869999885559082,1.4579999446868896,0.23999999463558197,51.0908088684082,88.18443298339844
2016-07-30,655.0469970703125,29.234670639038086,58.776206970214844,128.97999572753906,9.957547187805176,28.923662185668945,107.64348602294922,11.869999885559082,1.4579999446868896,0.23999999463558197,51.0908088684082,88.18443298339844
2016-07-31,624.6810302734375,29.234670639038086,58.776206970214844,128.97999572753906,9.957547187805176,28.923662185668945,107.64348602294922,11.869999885559082,1.4579999446868896,0.23999999463558197,51.0908088684082,88.18443298339844
2016-08-01,606.27197265625,29.17816162109375,58.71572494506836,129.22000122070312,9.842597961425781,29.005651473999023,108.21332550048828,12.4399995803833,1.496000051498413,0.23800000548362732,50.80420684814453,87.68743896484375
2016-08-02,547.4650268554688,28.96824073791504,58.499656677246094,130.27000427246094,9.78512191772461,28.623037338256836,107.39125061035156,13.369999885559082,1.5369999408721924,0.2800000011920929,50.73208999633789,87.19539642333984
2016-08-03,566.35498046875,29.065128326416016,58.58607482910156,129.64999389648438,9.878520011901855,28.695919036865234,107.74627685546875,12.859999656677246,1.5420000553131104,0.2680000066757202,50.960391998291016,87.30952453613281
2016-08-04,578.2890014648438,29.226604461669922,58.56879425048828,129.8699951171875,9.878520011901855,28.90089225769043,108.05450439453125,12.420000076293945,1.503000020980835,0.24799999594688416,51.28485870361328,87.68030548095703
2016-08-05,575.0430297851562,29.565698623657227,59.0614013671875,127.55000305175781,9.907257080078125,29.237951278686523,109.09144592285156,11.390000343322754,1.5820000171661377,0.25,51.399070739746094,87.3237533569336
2016-08-06,587.7780151367188,29.565698623657227,59.0614013671875,127.55000305175781,9.907257080078125,29.237951278686523,109.09144592285156,11.390000343322754,1.5820000171661377,0.25,51.399070739746094,87.3237533569336
2016-08-07,592.6900024414062,29.565698623657227,59.0614013671875,127.55000305175781,9.907257080078125,29.237951278686523,109.09144592285156,11.390000343322754,1.5820000171661377,0.25,51.399070739746094,87.3237533569336
2016-08-08,591.0540161132812,29.77560806274414,59.02683639526367,127.44000244140625,10.015021324157715,29.237951278686523,108.96998596191406,11.5,1.5829999446868896,0.25,51.6093635559082,87.38082885742188
2016-08-09,587.801025390625,29.97744369506836,58.983619689941406,127.95999908447266,9.971916198730469,29.433815002441406,109.22223663330078,11.65999984741211,1.5449999570846558,0.2930000126361847,51.78963851928711,87.89420318603516
2016-08-10,592.10302734375,29.98552131652832,58.87991714477539,128.55999755859375,10.015021324157715,29.237951278686523,108.94195556640625,12.050000190734863,1.5089999437332153,0.27300000190734863,51.6934814453125,88.1438217163086
2016-08-11,589.1199951171875,30.373058319091797,59.1910400390625,127.66999816894531,10.381423950195312,29.35637855529785,109.40906524658203,11.680000305175781,1.5729999542236328,0.2750000059604645,51.81969451904297,87.85140991210938
2016-08-12,587.5590209960938,30.26002311706543,59.11325454711914,127.4000015258789,10.331136703491211,29.4793643951416,109.48380279541016,11.550000190734863,1.5149999856948853,0.2630000114440918,51.86174011230469,88.25076293945312
2016-08-13,585.5880126953125,30.26002311706543,59.11325454711914,127.4000015258789,10.331136703491211,29.4793643951416,109.48380279541016,11.550000190734863,1.5149999856948853,0.2630000114440918,51.86174011230469,88.25076293945312
2016-08-14,570.4730224609375,30.26002311706543,59.11325454711914,127.4000015258789,10.331136703491211,29.4793643951416,109.48380279541016,11.550000190734863,1.5149999856948853,0.2630000114440918,51.86174011230469,88.25076293945312
2016-08-15,567.239990234375,30.574893951416016,59.277462005615234,127.83999633789062,10.280844688415527,29.811866760253906,109.95087432861328,11.8100004196167,1.5529999732971191,0.2750000059604645,52.017948150634766,87.97978973388672
2016-08-16,577.4390258789062,30.437652587890625,58.91447067260742,128.47000122070312,10.345504760742188,29.638782501220703,109.34368896484375,12.640000343322754,1.5759999752044678,0.2879999876022339,51.9098014831543,87.82291412353516
2016-08-17,573.2160034179688,30.243873596191406,59.08732986450195,128.5,10.273659706115723,29.57501983642578,109.53985595703125,12.1899995803833,1.5609999895095825,0.2879999876022339,51.98191833496094,88.06534576416016
2016-08-18,574.3179931640625,30.526456832885742,59.13053894042969,129.11000061035156,10.374241828918457,29.802759170532227,109.56786346435547,11.430000305175781,1.5360000133514404,0.2849999964237213,52.18620681762695,88.27925109863281
2016-08-19,575.6300048828125,30.356910705566406,59.121891021728516,127.97000122070312,10.252107620239258,29.957626342773438,109.53985595703125,11.34000015258789,1.5779999494552612,0.2930000126361847,52.02996826171875,88.01543426513672
2016-08-20,581.697021484375,30.356910705566406,59.121891021728516,127.97000122070312,10.252107620239258,29.957626342773438,109.53985595703125,11.34000015258789,1.5779999494552612,0.2930000126361847,52.02996826171875,88.01543426513672
2016-08-21,581.3079833984375,30.356910705566406,59.121891021728516,127.97000122070312,10.252107620239258,29.957626342773438,109.53985595703125,11.34000015258789,1.5779999494552612,0.2930000126361847,52.02996826171875,88.01543426513672
2016-08-22,586.7529907226562,29.95322608947754,59.08732986450195,127.77999877929688,10.129973411560059,29.966739654541016,109.62389373779297,12.270000457763672,1.5390000343322754,0.2800000011920929,51.94584655761719,88.31488037109375
2016-08-23,583.4149780273438,29.832124710083008,59.21697235107422,127.76000213623047,10.158709526062012,30.11249542236328,109.820068359375,12.380000114440918,1.5529999732971191,0.3050000071525574,52.1201286315918,88.41472625732422
2016-08-24,580.1820068359375,29.912853240966797,58.97499465942383,126.33999633789062,10.08686637878418,29.875638961791992,109.11013793945312,13.449999809265137,1.559000015258789,0.3050000071525574,51.97590255737305,88.3576889038086
2016-08-25,577.760986328125,29.937084197998047,58.97499465942383,126.2300033569336,10.022207260131836,29.975845336914062,108.93265533447266,13.630000114440918,1.5770000219345093,0.3050000071525574,52.07204818725586,88.27217102050781
2016-08-26,579.6510009765625,29.67871856689453,58.802120208740234,126.05000305175781,9.97909927368164,30.103378295898438,109.09144592285156,13.649999618530273,1.6349999904632568,0.3050000071525574,52.01197052001953,87.99401092529297
2016-08-27,569.947021484375,29.67871856689453,58.802120208740234,126.05000305175781,9.97909927368164,30.103378295898438,109.09144592285156,13.649999618530273,1.6349999904632568,0.3050000071525574,52.01197052001953,87.99401092529297
2016-08-28,573.9119873046875,29.67871856689453,58.802120208740234,126.05000305175781,9.97909927368164,30.103378295898438,109.09144592285156,13.649999618530273,1.6349999904632568,0.3050000071525574,52.01197052001953,87.99401092529297
2016-08-29,574.1069946289062,29.904787063598633,59.00957489013672,126.30000305175781,10.029390335083008,30.20815086364746,109.24091339111328,12.9399995803833,1.565999984741211,0.3050000071525574,52.27034378051758,88.49325561523438
2016-08-30,577.5029907226562,29.82404327392578,58.802120208740234,125.02999877929688,10.00783920288086,30.158044815063477,108.88591766357422,13.119999885559082,1.5700000524520874,0.32499998807907104,52.300376892089844,88.37911987304688
2016-08-31,575.4719848632812,29.49303436279297,58.646568298339844,124.77999877929688,9.864151954650879,30.158044815063477,108.7738265991211,13.420000076293945,1.5679999589920044,0.3199999928474426,52.09605407714844,88.34344482421875
2016-09-01,572.302978515625,29.719097137451172,58.60335159301758,125.29000091552734,9.90007209777832,30.435894012451172,109.05409240722656,13.479999542236328,1.5700000524520874,0.3149999976158142,52.199256896972656,88.34344482421875
2016-09-02,575.5369873046875,30.203508377075195,58.87991714477539,126.56999969482422,10.029390335083008,30.4085636138916,109.40906524658203,11.979999542236328,1.5959999561309814,0.30300000309944153,52.440670013427734,88.18618774414062
2016-09-03,598.2119750976562,30.203508377075195,58.87991714477539,126.56999969482422,10.029390335083008,30.4085636138916,109.40906524658203,11.979999542236328,1.5959999561309814,0.30300000309944153,52.440670013427734,88.18618774414062
2016-09-04,608.6339721679688,30.203508377075195,58.87991714477539,126.56999969482422,10.029390335083008,30.4085636138916,109.40906524658203,11.979999542236328,1.5959999561309814,0.30300000309944153,52.440670013427734,88.18618774414062
2016-09-05,606.5900268554688,30.203508377075195,58.87991714477539,126.56999969482422,10.029390335083008,30.4085636138916,109.40906524658203,11.979999542236328,1.5959999561309814,0.30300000309944153,52.440670013427734,88.18618774414062
2016-09-06,610.4359741210938,30.849401473999023,58.94905090332031,128.7100067138672,10.101236343383789,30.404010772705078,110.09099578857422,12.020000457763672,1.5429999828338623,0.30300000309944153,52.50098419189453,88.49358367919922
2016-09-07,614.5440063476562,30.752521514892578,58.95771026611328,128.27000427246094,10.029390335083008,30.20359230041504,110.15641784667969,11.9399995803833,1.5410000085830688,0.33000001311302185,52.356178283691406,88.37203979492188
2016-09-08,626.3159790039062,30.67178726196289,58.70708084106445,127.58999633789062,9.964731216430664,30.144378662109375,109.51184844970703,12.510000228881836,1.6160000562667847,0.3330000042915344,52.25960922241211,87.75007629394531
2016-09-09,622.8610229492188,29.63835334777832,57.37617874145508,126.75,9.813859939575195,29.051197052001953,106.75606536865234,17.5,1.6720000505447388,0.3330000042915344,51.758724212646484,87.09233856201172
2016-09-10,623.5089721679688,29.63835334777832,57.37617874145508,126.75,9.813859939575195,29.051197052001953,106.75606536865234,17.5,1.6720000505447388,0.3330000042915344,51.758724212646484,87.09233856201172
2016-09-11,606.718994140625,29.63835334777832,57.37617874145508,126.75,9.813859939575195,29.051197052001953,106.75606536865234,17.5,1.6720000505447388,0.3330000042915344,51.758724212646484,87.09233856201172
2016-09-12,608.2429809570312,29.840200424194336,58.13667297363281,126.58999633789062,9.849781036376953,29.64789390563965,108.67108154296875,15.15999984741211,1.6720000505447388,0.3499999940395355,51.9398078918457,87.09947204589844
2016-09-13,609.2410278320312,29.08934783935547,57.46257781982422,125.75,9.576776504516602,29.324493408203125,107.6995620727539,17.850000381469727,1.7339999675750732,0.3449999988079071,51.5415153503418,86.81349182128906
2016-09-14,610.6840209960938,29.17816162109375,57.46257781982422,126.18000030517578,9.5480375289917,29.570457458496094,108.21332550048828,18.139999389648438,1.6890000104904175,0.3149999976158142,51.5294303894043,86.87071228027344
2016-09-15,607.155029296875,29.67871856689453,58.02431869506836,125.37000274658203,9.51930046081543,30.303800582885742,109.89479064941406,16.299999237060547,1.7029999494552612,0.27799999713897705,51.831172943115234,86.9278793334961
2016-09-16,606.9730224609375,29.476879119873047,57.765079498291016,125.05999755859375,9.433087348937988,30.31746482849121,109.8423843383789,15.369999885559082,1.7009999752044678,0.27300000190734863,51.84323501586914,87.02800750732422
2016-09-17,605.9840087890625,29.476879119873047,57.765079498291016,125.05999755859375,9.433087348937988,30.31746482849121,109.8423843383789,15.369999885559082,1.7009999752044678,0.27300000190734863,51.84323501586914,87.02800750732422
2016-09-18,609.8740234375,29.476879119873047,57.765079498291016,125.05999755859375,9.433087348937988,30.31746482849121,109.8423843383789,15.369999885559082,1.7009999752044678,0.27300000190734863,51.84323501586914,87.02800750732422
2016-09-19,609.2269897460938,29.711027145385742,57.83419418334961,125.31999969482422,9.533668518066406,30.42222785949707,109.36476135253906,15.529999732971191,1.6959999799728394,0.23800000548362732,51.87338638305664,86.99942016601562
2016-09-20,608.31201171875,29.727161407470703,57.903343200683594,125.44000244140625,9.591144561767578,30.3083553314209,109.57080078125,15.920000076293945,1.687999963760376,0.2879999876022339,51.81306457519531,87.11380004882812
2016-09-21,597.1489868164062,30.558752059936523,58.516937255859375,127.2699966430664,9.742016792297363,30.7274112701416,110.64778137207031,13.300000190734863,1.6679999828338623,0.22300000488758087,52.24149703979492,87.55704498291016
2016-09-22,596.2979736328125,30.7767391204834,58.828067779541016,127.56999969482422,9.727646827697754,30.873165130615234,111.52806854248047,12.020000457763672,1.6319999694824219,0.1599999964237213,52.4165153503418,87.91452026367188
2016-09-23,602.8419799804688,30.381135940551758,58.45643615722656,127.6500015258789,9.605512619018555,30.513324737548828,110.81637573242188,12.289999961853027,1.6150000095367432,0.16500000655651093,52.356178283691406,87.8501968383789
2016-09-24,602.625,30.381135940551758,58.45643615722656,127.6500015258789,9.605512619018555,30.513324737548828,110.81637573242188,12.289999961853027,1.6150000095367432,0.16500000655651093,52.356178283691406,87.8501968383789
2016-09-25,600.8259887695312,30.381135940551758,58.45643615722656,127.6500015258789,9.605512619018555,30.513324737548828,110.81637573242188,12.289999961853027,1.6150000095367432,0.16500000655651093,52.356178283691406,87.8501968383789
2016-09-26,608.0430297851562,29.937084197998047,58.06581497192383,127.55000305175781,9.44027328491211,30.23092269897461,109.88920593261719,14.5,1.5889999866485596,0.17299999296665192,52.12682342529297,87.98600006103516
2016-09-27,606.166015625,30.364988327026367,58.39566421508789,126.62000274658203,9.354060173034668,30.7274112701416,110.97554779052734,13.100000381469727,1.555999994277954,0.2549999952316284,52.277732849121094,88.20051574707031
2016-09-28,604.72802734375,30.63948631286621,58.569305419921875,126.22000122070312,9.339691162109375,30.768402099609375,111.16282653808594,12.390000343322754,1.5670000314712524,0.2630000114440918,52.627723693847656,88.25767517089844
2016-09-29,605.6929931640625,30.106626510620117,58.057132720947266,126.06999969482422,9.339691162109375,31.14645004272461,110.35745239257812,14.020000457763672,1.5570000410079956,0.23499999940395355,52.42856979370117,88.22191619873047
2016-09-30,609.7349853515625,30.235809326171875,58.5866584777832,125.63999938964844,9.368428230285645,31.6429443359375,111.18159484863281,13.289999961853027,1.6080000400543213,0.25999999046325684,52.65788650512695,88.0646743774414
2016-10-01,613.9829711914062,30.235809326171875,58.5866584777832,125.63999938964844,9.368428230285645,31.6429443359375,111.18159484863281,13.289999961853027,1.6080000400543213,0.25999999046325684,52.65788650512695,88.0646743774414
2016-10-02,610.8920288085938,30.235809326171875,58.5866584777832,125.63999938964844,9.368428230285645,31.6429443359375,111.18159484863281,13.289999961853027,1.6080000400543213,0.25999999046325684,52.65788650512695,88.0646743774414
2016-10-03,612.1329956054688,30.445724487304688,58.40436553955078,125.31999969482422,9.21755599975586,31.3969783782959,111.02237701416016,13.569999694824219,1.621999979019165,0.2879999876022339,52.62517166137695,87.815185546875
2016-10-04,610.2039794921875,30.106626510620117,58.031105041503906,120.97000122070312,9.073868751525879,31.2648868560791,110.85381317138672,13.630000114440918,1.6829999685287476,0.3149999976158142,52.53422927856445,87.40663146972656
2016-10-05,612.510986328125,30.5426082611084,58.24810791015625,120.77999877929688,9.0810546875,31.50629997253418,111.24714660644531,12.989999771118164,1.715999960899353,0.31299999356269836,52.67367172241211,87.3134536743164
2016-10-06,613.02099609375,30.56682586669922,58.30018997192383,119.66000366210938,8.987656593322754,31.68849754333496,111.19093322753906,12.84000015258789,1.7419999837875366,0.3100000023841858,52.70397186279297,87.32060241699219
2016-10-07,617.1209716796875,30.429567337036133,58.126583099365234,119.73999786376953,9.138526916503906,31.711267471313477,110.94744873046875,13.479999542236328,1.7359999418258667,0.3100000023841858,52.82521438598633,87.5284423828125
2016-10-08,619.1079711914062,30.429567337036133,58.126583099365234,119.73999786376953,9.138526916503906,31.711267471313477,110.94744873046875,13.479999542236328,1.7359999418258667,0.3100000023841858,52.82521438598633,87.5284423828125
2016-10-09,616.7520141601562,30.429567337036133,58.126583099365234,119.73999786376953,9.138526916503906,31.711267471313477,110.94744873046875,13.479999542236328,1.7359999418258667,0.3100000023841858,52.82521438598633,87.5284423828125
2016-10-10,618.9940185546875,30.760587692260742,58.41303253173828,120.16000366210938,9.138526916503906,31.611051559448242,111.64981842041016,13.380000114440918,1.7230000495910645,0.30799999833106995,52.97671890258789,87.5284423828125
2016-10-11,641.072021484375,30.05010986328125,57.77066421508789,119.55000305175781,9.037947654724121,30.95970916748047,110.05777740478516,15.359999656677246,1.7589999437332153,0.3199999928474426,52.679718017578125,87.25613403320312
2016-10-12,636.1920166015625,29.993595123291016,57.84878921508789,119.73999786376953,9.04513168334961,30.95970916748047,109.96411895751953,15.90999984741211,1.777999997138977,0.3400000035762787,52.661521911621094,87.37078094482422
2016-10-13,636.7860107421875,29.727161407470703,57.71858596801758,120.02999877929688,9.059499740600586,30.60442543029785,109.57080078125,16.690000534057617,1.7380000352859497,0.2750000059604645,52.528194427490234,87.5857925415039
2016-10-14,640.3779907226562,29.77560806274414,57.77933120727539,119.36000061035156,9.059499740600586,30.800281524658203,109.7019271850586,16.1200008392334,1.7940000295639038,0.28999999165534973,52.6494026184082,87.17726135253906
2016-10-15,638.64599609375,29.77560806274414,57.77933120727539,119.36000061035156,9.059499740600586,30.800281524658203,109.7019271850586,16.1200008392334,1.7940000295639038,0.28999999165534973,52.6494026184082,87.17726135253906
2016-10-16,641.6309814453125,29.77560806274414,57.77933120727539,119.36000061035156,9.059499740600586,30.800281524658203,109.7019271850586,16.1200008392334,1.7940000295639038,0.28999999165534973,52.6494026184082,87.17726135253906
2016-10-17,639.1929931640625,29.74330711364746,57.683837890625,119.68000030517578,9.059499740600586,30.672746658325195,109.40223693847656,16.209999084472656,1.7660000324249268,0.29499998688697815,52.576690673828125,87.46397399902344
2016-10-18,637.9600219726562,30.26810073852539,57.709896087646484,120.41999816894531,9.073868751525879,31.018918991088867,110.3761978149414,15.279999732971191,1.7489999532699585,0.3330000042915344,52.7888298034668,87.67900848388672
2016-10-19,630.52001953125,30.45379638671875,57.814056396484375,121.11000061035156,9.088236808776855,30.7000789642334,110.3668212890625,14.40999984741211,1.7519999742507935,0.3230000138282776,52.940364837646484,87.79368591308594
2016-10-20,630.8569946289062,30.364988327026367,57.631778717041016,120.73999786376953,9.009208679199219,30.968820571899414,110.23571014404297,13.75,1.746999979019165,0.3199999928474426,52.94642639160156,87.76499938964844
2016-10-21,632.8280029296875,30.356910705566406,57.536285400390625,120.83000183105469,8.930181503295898,30.927820205688477,110.64778137207031,13.34000015258789,1.7400000095367432,0.3149999976158142,52.95856475830078,87.815185546875
2016-10-22,657.2940063476562,30.356910705566406,57.536285400390625,120.83000183105469,8.930181503295898,30.927820205688477,110.64778137207031,13.34000015258789,1.7400000095367432,0.3149999976158142,52.95856475830078,87.815185546875
2016-10-23,657.0709838867188,30.356910705566406,57.536285400390625,120.83000183105469,8.930181503295898,30.927820205688477,110.64778137207031,13.34000015258789,1.7400000095367432,0.3149999976158142,52.95856475830078,87.815185546875
2016-10-24,653.760986328125,30.486087799072266,57.79670333862305,120.55999755859375,8.808048248291016,31.324098587036133,111.97760772705078,13.020000457763672,1.7630000114440918,0.31299999356269836,52.98885726928711,87.5643310546875
2016-10-25,657.5880126953125,30.51838493347168,57.536285400390625,121.47000122070312,8.786493301391602,31.2375545501709,111.62174224853516,13.460000038146973,1.7580000162124634,0.32499998807907104,52.95856475830078,87.49981689453125
2016-10-26,678.3040161132812,30.195438385009766,57.5970458984375,120.79000091552734,8.836784362792969,31.14645004272461,110.86315155029297,14.239999771118164,1.7899999618530273,0.31299999356269836,52.74637985229492,87.1342544555664
2016-10-27,688.31298828125,29.937084197998047,57.3713493347168,121.01000213623047,8.865522384643555,31.05535888671875,110.35745239257812,15.359999656677246,1.843000054359436,0.2750000059604645,52.552433013916016,86.7400131225586
2016-10-28,689.6510009765625,29.81598663330078,57.38870620727539,121.58000183105469,8.836784362792969,30.877723693847656,109.6644515991211,16.190000534057617,1.8450000286102295,0.27300000190734863,52.29782485961914,86.63963317871094
2016-10-29,714.47900390625,29.81598663330078,57.38870620727539,121.58000183105469,8.836784362792969,30.877723693847656,109.6644515991211,16.190000534057617,1.8450000286102295,0.27300000190734863,52.29782485961914,86.63963317871094
2016-10-30,701.864013671875,29.81598663330078,57.38870620727539,121.58000183105469,8.836784362792969,30.877723693847656,109.6644515991211,16.190000534057617,1.8450000286102295,0.27300000190734863,52.29782485961914,86.63963317871094
2016-10-31,700.9719848632812,29.98552131652832,57.38870620727539,121.94000244140625,8.707464218139648,31.096355438232422,109.56140899658203,17.059999465942383,1.8339999914169312,0.29499998688697815,52.14027404785156,86.71849822998047
2016-11-01,729.7930297851562,29.74330711364746,56.989402770996094,122.7300033569336,8.477566719055176,30.809396743774414,108.7373275756836,18.559999465942383,1.8200000524520874,0.3449999988079071,51.936912536621094,86.60926818847656
2016-11-02,740.8289794921875,29.388071060180664,56.70292663574219,123.63999938964844,8.599701881408691,30.618087768554688,107.86637115478516,19.31999969482422,1.7990000247955322,0.3449999988079071,51.705509185791016,86.73863983154297
2016-11-03,688.7000122070312,29.307336807250977,56.57270812988281,124.30000305175781,8.477566719055176,30.490554809570312,106.8081283569336,22.079999923706055,1.812000036239624,0.3580000102519989,51.71770477294922,86.56615447998047
2016-11-04,703.2349853515625,29.008615493774414,56.477210998535156,124.38999938964844,8.484749794006348,30.331127166748047,106.43350219726562,22.510000228881836,1.7829999923706055,0.3580000102519989,51.74201583862305,86.82485961914062
2016-11-05,703.4180297851562,29.008615493774414,56.477210998535156,124.38999938964844,8.484749794006348,30.331127166748047,106.43350219726562,22.510000228881836,1.7829999923706055,0.3580000102519989,51.74201583862305,86.82485961914062
2016-11-06,711.52197265625,29.008615493774414,56.477210998535156,124.38999938964844,8.484749794006348,30.331127166748047,106.43350219726562,22.510000228881836,1.7829999923706055,0.3580000102519989,51.74201583862305,86.82485961914062
2016-11-07,703.1309814453125,30.058181762695312,57.6664924621582,122.1500015258789,8.484749794006348,31.24211311340332,108.9620590209961,18.709999084472656,1.8279999494552612,0.38999998569488525,52.466609954833984,86.76734161376953
2016-11-08,709.8480224609375,30.2519588470459,57.94428253173828,121.63999938964844,8.585331916809082,31.296770095825195,109.673828125,18.739999771118164,1.8619999885559082,0.41999998688697815,52.35093307495117,86.57328796386719
2016-11-09,723.2730102539062,29.2669620513916,58.63005828857422,121.55999755859375,8.535041809082031,31.046253204345703,110.17952728271484,14.380000114440918,2.072000026702881,0.4180000126361847,51.985591888427734,85.30120849609375
2016-11-10,715.5339965820312,28.435386657714844,58.70817565917969,119.75,8.815230369567871,30.467775344848633,108.4001693725586,14.739999771118164,2.117000102996826,0.4580000042915344,51.30364990234375,85.22935485839844
2016-11-11,716.4110107421875,27.894453048706055,58.647422790527344,117.0999984741211,8.822415351867676,31.228439331054688,108.44698333740234,14.170000076293945,2.117000102996826,0.4580000042915344,50.82265090942383,84.8628158569336
2016-11-12,705.0540161132812,27.894453048706055,58.647422790527344,117.0999984741211,8.822415351867676,31.228439331054688,108.44698333740234,14.170000076293945,2.117000102996826,0.4580000042915344,50.82265090942383,84.8628158569336
2016-11-13,702.031005859375,27.894453048706055,58.647422790527344,117.0999984741211,8.822415351867676,31.228439331054688,108.44698333740234,14.170000076293945,2.117000102996826,0.4580000042915344,50.82265090942383,84.8628158569336
2016-11-14,705.02099609375,27.692607879638672,58.491180419921875,116.11000061035156,8.6859130859375,30.89138412475586,107.35128784179688,14.479999542236328,2.2219998836517334,0.503000020980835,51.20014953613281,84.4244384765625
2016-11-15,711.6190185546875,28.249691009521484,58.74291229248047,117.12000274658203,8.92299747467041,31.406085968017578,108.84033203125,13.369999885559082,2.23799991607666,0.4880000054836273,51.876007080078125,84.68318176269531
2016-11-16,744.197998046875,28.01555061340332,58.83839797973633,116.7699966430664,8.87270450592041,31.652053833007812,109.48651885986328,13.720000267028809,2.2230000495910645,0.453000009059906,51.66899490356445,84.80535125732422
2016-11-17,740.9769897460938,28.055925369262695,59.116180419921875,116.16999816894531,9.01639461517334,31.85246467590332,110.28251647949219,13.350000381469727,2.2760000228881836,0.41999998688697815,51.52895736694336,84.2663345336914
2016-11-18,751.5850219726562,27.926746368408203,59.012027740478516,115.1500015258789,8.887075424194336,32.03466033935547,109.87046813964844,12.850000381469727,2.3350000381469727,0.4180000126361847,51.52895736694336,83.7919692993164
2016-11-19,751.6160278320312,27.926746368408203,59.012027740478516,115.1500015258789,8.887075424194336,32.03466033935547,109.87046813964844,12.850000381469727,2.3350000381469727,0.4180000126361847,51.52895736694336,83.7919692993164
2016-11-20,731.0260009765625,27.926746368408203,59.012027740478516,115.1500015258789,8.887075424194336,32.03466033935547,109.87046813964844,12.850000381469727,2.3350000381469727,0.4180000126361847,51.52895736694336,83.7919692993164
2016-11-21,739.2479858398438,28.201248168945312,59.393959045410156,115.58000183105469,8.944549560546875,32.244197845458984,111.01302337646484,12.420000076293945,2.3389999866485596,0.41999998688697815,51.9429931640625,83.87822723388672
2016-11-22,751.3469848632812,28.629150390625,59.576255798339844,115.54000091552734,8.973286628723145,32.61770248413086,111.35015869140625,12.40999984741211,2.321000099182129,0.4749999940395355,52.32658386230469,84.09386444091797
2016-11-23,744.593994140625,28.322355270385742,59.40266418457031,113.25,8.887075424194336,32.567596435546875,110.900634765625,12.430000305175781,2.3570001125335693,0.48500001430511475,52.131744384765625,83.78477478027344
2016-11-24,740.2890014648438,28.322355270385742,59.40266418457031,113.25,8.887075424194336,32.567596435546875,110.900634765625,12.430000305175781,2.3570001125335693,0.48500001430511475,52.131744384765625,83.78477478027344
2016-11-25,741.6489868164062,28.459604263305664,59.645721435546875,112.61000061035156,8.879888534545898,32.66324996948242,111.25650024414062,12.34000015258789,2.371999979019165,0.47999998927116394,52.19869613647461,83.7919692993164
2016-11-26,735.3820190429688,28.459604263305664,59.645721435546875,112.61000061035156,8.879888534545898,32.66324996948242,111.25650024414062,12.34000015258789,2.371999979019165,0.47999998927116394,52.19869613647461,83.7919692993164
2016-11-27,732.0349731445312,28.459604263305664,59.645721435546875,112.61000061035156,8.879888534545898,32.66324996948242,111.25650024414062,12.34000015258789,2.371999979019165,0.47999998927116394,52.19869613647461,83.7919692993164
2016-11-28,735.81298828125,28.572635650634766,59.44606018066406,113.80000305175781,9.030763626098633,32.58125686645508,111.00364685058594,13.149999618530273,2.319999933242798,0.44999998807907104,52.192623138427734,84.17290496826172
2016-11-29,735.60400390625,28.612995147705078,59.46343994140625,113.2699966430664,9.002023696899414,32.45827102661133,111.38761901855469,12.899999618530273,2.302000045776367,0.46799999475479126,52.125648498535156,84.28784942626953
2016-11-30,745.6909790039062,28.66144371032715,59.116180419921875,111.75,8.944549560546875,32.36717224121094,110.03904724121094,13.329999923706055,2.368000030517578,0.46799999475479126,52.14997863769531,83.97164916992188
2016-12-01,756.7739868164062,28.322355270385742,58.916526794433594,111.54000091552734,8.973286628723145,30.827619552612305,108.137939453125,14.069999694824219,2.440999984741211,0.4580000042915344,51.90595626831055,83.50108337402344
2016-12-02,777.9439697265625,28.354650497436523,58.916526794433594,112.13999938964844,9.102604866027832,31.324098587036133,108.35334014892578,14.119999885559082,2.390000104904175,0.45500001311302185,52.217864990234375,83.88304901123047
2016-12-03,771.155029296875,28.354650497436523,58.916526794433594,112.13999938964844,9.102604866027832,31.324098587036133,108.35334014892578,14.119999885559082,2.390000104904175,0.45500001311302185,52.217864990234375,83.88304901123047
2016-12-04,773.8720092773438,28.354650497436523,58.916526794433594,112.13999938964844,9.102604866027832,31.324098587036133,108.35334014892578,14.119999885559082,2.390000104904175,0.45500001311302185,52.217864990234375,83.88304901123047
2016-12-05,758.7000122070312,28.588781356811523,59.17694091796875,111.54000091552734,9.131343841552734,31.638389587402344,109.19617462158203,12.140000343322754,2.38700008392334,0.453000009059906,52.35243225097656,84.06318664550781
2016-12-06,764.2239990234375,28.742176055908203,59.2811279296875,111.43000030517578,9.246293067932129,31.98456573486328,109.45842742919922,11.789999961853027,2.3959999084472656,0.48500001430511475,52.615413665771484,84.05599212646484
2016-12-07,768.1320190429688,29.226604461669922,60.06241226196289,111.83000183105469,9.512116432189941,32.622249603271484,110.84442901611328,12.220000267028809,2.3469998836517334,0.4880000054836273,52.878379821777344,84.40911102294922
2016-12-08,770.8099975585938,29.355777740478516,60.18391799926758,111.56999969482422,9.641435623168945,32.818111419677734,111.04109954833984,12.640000343322754,2.38700008392334,0.49000000953674316,52.872291564941406,84.06318664550781
2016-12-09,772.7940063476562,29.202369689941406,60.50511169433594,110.4000015258789,10.015021324157715,32.64957809448242,111.91204071044922,11.75,2.4639999866485596,0.5199999809265137,52.8967399597168,83.73887634277344
2016-12-10,774.6500244140625,29.202369689941406,60.50511169433594,110.4000015258789,10.015021324157715,32.64957809448242,111.91204071044922,11.75,2.4639999866485596,0.5199999809265137,52.8967399597168,83.73887634277344
2016-12-11,769.7310180664062,29.202369689941406,60.50511169433594,110.4000015258789,10.015021324157715,32.64957809448242,111.91204071044922,11.75,2.4639999866485596,0.5199999809265137,52.8967399597168,83.73887634277344
2016-12-12,780.0869750976562,29.008615493774414,60.60927200317383,110.81999969482422,9.90007209777832,32.51292419433594,111.40634155273438,12.640000343322754,2.4790000915527344,0.5,52.8233757019043,83.65962982177734
2016-12-13,780.5560302734375,29.331552505493164,61.04331588745117,110.44999694824219,10.036575317382812,33.091407775878906,112.81109619140625,12.720000267028809,2.4809999465942383,0.5230000019073486,52.95179748535156,83.84700012207031
2016-12-14,781.4810180664062,28.459604263305664,60.54852294921875,108.83000183105469,9.821043968200684,32.736122131347656,112.57696533203125,13.1899995803833,2.5250000953674316,0.5230000019073486,52.55427169799805,83.3136978149414
2016-12-15,778.0880126953125,28.50804328918457,60.71345901489258,107.33999633789062,9.90007209777832,33.25993347167969,112.7549057006836,12.789999961853027,2.5799999237060547,0.4880000054836273,52.57874298095703,83.37132263183594
2016-12-16,784.906982421875,28.37886619567871,60.68739700317383,108.05000305175781,10.094048500061035,32.8317756652832,112.33692169189453,12.199999809265137,2.5969998836517334,0.48500001430511475,52.62763595581055,83.30647277832031
2016-12-17,790.8289794921875,28.37886619567871,60.68739700317383,108.05000305175781,10.094048500061035,32.8317756652832,112.33692169189453,12.199999809265137,2.5969998836517334,0.48500001430511475,52.62763595581055,83.30647277832031
2016-12-18,790.530029296875,28.37886619567871,60.68739700317383,108.05000305175781,10.094048500061035,32.8317756652832,112.33692169189453,12.199999809265137,2.5969998836517334,0.48500001430511475,52.62763595581055,83.30647277832031
2016-12-19,792.7139892578125,28.185104370117188,60.80894470214844,108.58999633789062,9.914441108703613,33.23858642578125,112.79717254638672,11.710000038146973,2.5420000553131104,0.4779999852180481,52.76219177246094,83.71005249023438
2016-12-20,800.8759765625,28.281984329223633,61.00859832763672,107.79000091552734,9.986285209655762,33.28909683227539,113.229248046875,11.449999809265137,2.568000078201294,0.5130000114440918,52.83560562133789,83.65962982177734
2016-12-21,834.281005859375,28.16439437866211,60.85234832763672,107.8499984741211,9.87133502960205,33.2569580078125,113.14469909667969,11.270000457763672,2.5460000038146973,0.503000020980835,52.92734146118164,83.92625427246094
2016-12-22,864.5399780273438,27.8295955657959,60.81916427612305,107.58999633789062,9.821043968200684,33.426849365234375,112.82535552978516,11.430000305175781,2.552999973297119,0.49300000071525574,53.04148864746094,83.93203735351562
2016-12-23,921.9840087890625,27.99291229248047,60.862823486328125,107.93000030517578,9.763569831848145,33.58296203613281,112.90049743652344,11.4399995803833,2.5429999828338623,0.5,53.13966751098633,84.0621109008789
2016-12-24,898.822021484375,27.99291229248047,60.862823486328125,107.93000030517578,9.763569831848145,33.58296203613281,112.90049743652344,11.4399995803833,2.5429999828338623,0.5,53.13966751098633,84.0621109008789
2016-12-25,896.1829833984375,27.99291229248047,60.862823486328125,107.93000030517578,9.763569831848145,33.58296203613281,112.90049743652344,11.4399995803833,2.5429999828338623,0.5,53.13966751098633,84.0621109008789
2016-12-26,907.6099853515625,27.99291229248047,60.862823486328125,107.93000030517578,9.763569831848145,33.58296203613281,112.90049743652344,11.4399995803833,2.5429999828338623,0.5,53.13966751098633,84.0621109008789
2016-12-27,933.197998046875,28.115400314331055,60.91516876220703,108.55999755859375,9.842597961425781,33.86764144897461,113.4828109741211,11.989999771118164,2.562999963760376,0.4950000047683716,53.09054183959961,83.91039276123047
2016-12-28,975.9210205078125,28.327707290649414,60.478885650634766,108.86000061035156,9.770875930786133,33.30746841430664,112.59991455078125,12.949999809265137,2.50600004196167,0.4950000047683716,53.01692199707031,84.22114562988281
2016-12-29,973.4970092773438,28.793174743652344,60.548675537109375,110.29000091552734,9.878841400146484,33.316646575927734,112.44025421142578,13.369999885559082,2.4769999980926514,0.4399999976158142,53.09054183959961,84.5462646484375
2016-12-30,961.2379760742188,28.58902359008789,60.2956428527832,109.61000061035156,9.925113677978516,32.894222259521484,111.28496551513672,14.039999961853027,2.446000099182129,0.47999998927116394,53.10898208618164,84.67631530761719
2016-12-31,963.7429809570312,28.58902359008789,60.2956428527832,109.61000061035156,9.925113677978516,32.894222259521484,111.28496551513672,14.039999961853027,2.446000099182129,0.47999998927116394,53.10898208618164,84.67631530761719
2017-01-01,998.3250122070312,28.58902359008789,60.2956428527832,109.61000061035156,9.925113677978516,32.894222259521484,111.28496551513672,14.039999961853027,2.446000099182129,0.47999998927116394,53.10898208618164,84.67631530761719
2017-01-02,1021.75,28.58902359008789,60.2956428527832,109.61000061035156,9.925113677978516,32.894222259521484,111.28496551513672,14.039999961853027,2.446000099182129,0.47999998927116394,53.10898208618164,84.67631530761719
2017-01-03,1043.8399658203125,28.93199920654297,60.731910705566406,110.47000122070312,10.233587265014648,32.94932174682617,112.28057861328125,12.850000381469727,2.450000047683716,0.4749999940395355,53.32988357543945,84.74858093261719
2017-01-04,1154.72998046875,29.152475357055664,61.07223129272461,110.86000061035156,10.557483673095703,33.054927825927734,112.89109802246094,11.850000381469727,2.4519999027252197,0.5180000066757202,53.61830520629883,85.03768920898438
2017-01-05,1013.3800048828125,29.470949172973633,61.01114273071289,112.58000183105469,10.919939994812012,32.86207580566406,113.52980041503906,11.670000076293945,2.368000030517578,0.5080000162124634,53.53852081298828,85.49287414550781
2017-01-06,902.2009887695312,29.34845542907715,61.2205696105957,111.75,11.051039695739746,33.0319709777832,114.5254135131836,11.319999694824219,2.4179999828338623,0.503000020980835,53.52626037597656,85.04488372802734
2017-01-07,908.5850219726562,29.34845542907715,61.2205696105957,111.75,11.051039695739746,33.0319709777832,114.5254135131836,11.319999694824219,2.4179999828338623,0.503000020980835,53.52626037597656,85.04488372802734
2017-01-08,911.198974609375,29.34845542907715,61.2205696105957,111.75,11.051039695739746,33.0319709777832,114.5254135131836,11.319999694824219,2.4179999828338623,0.503000020980835,53.52626037597656,85.04488372802734
2017-01-09,902.8280029296875,29.323963165283203,60.91516876220703,112.66999816894531,11.081889152526855,33.4130744934082,114.90113830566406,11.5600004196167,2.375999927520752,0.48500001430511475,53.51395797729492,85.21106719970703
2017-01-10,907.6790161132812,29.495447158813477,60.81916427612305,113.1500015258789,12.030442237854004,33.54163360595703,115.15472412109375,11.489999771118164,2.378999948501587,0.503000020980835,53.520084381103516,85.16046905517578
2017-01-11,777.7570190429688,29.84657859802246,60.85406494140625,113.5,12.516283988952637,33.68397521972656,115.46470642089844,11.260000228881836,2.369999885559082,0.49799999594688416,53.550758361816406,85.2905502319336
2017-01-12,804.833984375,29.977235794067383,60.78428649902344,113.91000366210938,12.662809371948242,33.12380599975586,115.2862319946289,11.539999961853027,2.3610000610351562,0.503000020980835,53.56302261352539,85.28330993652344
2017-01-13,823.9840087890625,29.95274543762207,60.78428649902344,114.20999908447266,13.063825607299805,33.61510467529297,115.68073272705078,11.229999542236328,2.380000114440918,0.5130000114440918,53.58142852783203,85.10990142822266
2017-01-14,818.4119873046875,29.95274543762207,60.78428649902344,114.20999908447266,13.063825607299805,33.61510467529297,115.68073272705078,11.229999542236328,2.380000114440918,0.5130000114440918,53.58142852783203,85.10990142822266
2017-01-15,821.7979736328125,29.95274543762207,60.78428649902344,114.20999908447266,13.063825607299805,33.61510467529297,115.68073272705078,11.229999542236328,2.380000114440918,0.5130000114440918,53.58142852783203,85.10990142822266
2017-01-16,831.5339965820312,29.95274543762207,60.78428649902344,114.20999908447266,13.063825607299805,33.61510467529297,115.68073272705078,11.229999542236328,2.380000114440918,0.5130000114440918,53.58142852783203,85.10990142822266
2017-01-17,907.93798828125,29.93640899658203,60.81916427612305,115.8499984741211,12.824758529663086,33.22022247314453,115.33319091796875,11.869999885559082,2.3269999027252197,0.5130000114440918,53.52626037597656,85.47842407226562
2017-01-18,886.6179809570312,29.773086547851562,60.92388916015625,114.87000274658203,11.853068351745605,33.80794906616211,115.56802368164062,12.479999542236328,2.3889999389648438,0.5149999856948853,53.575340270996094,84.914794921875
2017-01-19,899.072998046875,29.683259963989258,60.61848068237305,114.7699966430664,12.292641639709473,33.55082702636719,115.51166534423828,12.779999732971191,2.4590001106262207,0.503000020980835,53.403526306152344,84.62576293945312
2017-01-20,895.0260009765625,29.740428924560547,60.78428649902344,115.05000305175781,12.346625328063965,33.87222671508789,115.7652587890625,11.539999961853027,2.4670000076293945,0.47999998927116394,53.507816314697266,84.77747344970703
2017-01-21,921.7890014648438,29.740428924560547,60.78428649902344,115.05000305175781,12.346625328063965,33.87222671508789,115.7652587890625,11.539999961853027,2.4670000076293945,0.47999998927116394,53.507816314697266,84.77747344970703
2017-01-22,924.6729736328125,29.740428924560547,60.78428649902344,115.05000305175781,12.346625328063965,33.87222671508789,115.7652587890625,11.539999961853027,2.4670000076293945,0.47999998927116394,53.507816314697266,84.77747344970703
2017-01-23,921.0120239257812,30.18138885498047,60.69700622558594,115.79000091552734,12.948149681091309,33.57377243041992,115.85921478271484,11.770000457763672,2.4030001163482666,0.4729999899864197,53.507816314697266,85.16769409179688
2017-01-24,892.68701171875,30.36920166015625,61.10713577270508,115.2699966430664,13.881278991699219,34.230377197265625,116.6387939453125,11.069999694824219,2.4709999561309814,0.49300000071525574,53.54462432861328,84.914794921875
2017-01-25,901.5419921875,30.70400619506836,61.62194061279297,114.31999969482422,13.665348052978516,34.65280532836914,117.81290435791016,10.8100004196167,2.5230000019073486,0.4830000102519989,53.73486328125,84.58963775634766
2017-01-26,917.5859985351562,30.57335090637207,61.47361373901367,113.26000213623047,13.480262756347656,34.386497497558594,117.93498992919922,10.630000114440918,2.507999897003174,0.4880000054836273,53.71033477783203,84.69075012207031
2017-01-27,919.75,30.597856521606445,61.38636779785156,113.48999786376953,13.626790046691895,34.827274322509766,118.16040802001953,10.579999923706055,2.4809999465942383,0.49799999594688416,53.75941467285156,84.79194641113281
2017-01-28,921.5900268554688,30.597856521606445,61.38636779785156,113.48999786376953,13.626790046691895,34.827274322509766,118.16040802001953,10.579999923706055,2.4809999465942383,0.49799999594688416,53.75941467285156,84.79194641113281
2017-01-29,919.4959716796875,30.597856521606445,61.38636779785156,113.48999786376953,13.626790046691895,34.827274322509766,118.16040802001953,10.579999923706055,2.4809999465942383,0.49799999594688416,53.75941467285156,84.79194641113281
2017-01-30,920.3820190429688,30.434537887573242,61.11587905883789,113.97000122070312,13.272046089172363,34.661983489990234,117.23992919921875,11.880000114440918,2.4830000400543213,0.4950000047683716,53.648956298828125,84.64742279052734
2017-01-31,970.4030151367188,30.4916934967041,60.99371337890625,115.55000305175781,13.410856246948242,34.17987060546875,117.005126953125,11.989999771118164,2.4509999752044678,0.5,53.59371566772461,84.79918670654297
2017-02-01,989.0230102539062,30.508028030395508,60.906436920166016,115.19999694824219,12.809335708618164,34.52882766723633,117.81290435791016,11.8100004196167,2.4739999771118164,0.5,53.792205810546875,84.69483947753906
2017-02-02,1011.7999877929688,30.6386775970459,60.92388916015625,115.83999633789062,12.508573532104492,34.56555938720703,117.70955657958984,11.930000305175781,2.4700000286102295,0.4880000054836273,53.8229866027832,84.71661376953125
2017-02-03,1029.9100341796875,30.826496124267578,61.36892318725586,116.12999725341797,12.631961822509766,34.71708679199219,118.0477294921875,10.970000267028809,2.490999937057495,0.4880000054836273,53.915462493896484,84.81078338623047
2017-02-04,1042.9000244140625,30.826496124267578,61.36892318725586,116.12999725341797,12.631961822509766,34.71708679199219,118.0477294921875,10.970000267028809,2.490999937057495,0.4880000054836273,53.915462493896484,84.81078338623047
2017-02-05,1027.3399658203125,30.826496124267578,61.36892318725586,116.12999725341797,12.631961822509766,34.71708679199219,118.0477294921875,10.970000267028809,2.490999937057495,0.4880000054836273,53.915462493896484,84.81078338623047
2017-02-06,1038.1500244140625,30.753009796142578,61.29912185668945,117.69999694824219,12.554844856262207,34.67576217651367,118.18859100341797,11.369999885559082,2.4130001068115234,0.503000020980835,53.87846755981445,85.0788803100586
2017-02-07,1061.3499755859375,30.597856521606445,61.39509582519531,117.45999908447266,12.9173002243042,34.82268524169922,118.62064361572266,11.289999961853027,2.3889999389648438,0.5249999761581421,53.79833221435547,85.2237548828125
2017-02-08,1063.0699462890625,30.785673141479492,61.36892318725586,118.19000244140625,13.295180320739746,34.85942077636719,118.81792449951172,11.449999809265137,2.3510000705718994,0.5249999761581421,53.83534622192383,85.52085876464844
2017-02-09,994.3829956054688,30.924482345581055,61.67433166503906,117.29000091552734,13.410856246948242,34.55638122558594,119.24998474121094,10.880000114440918,2.3949999809265137,0.527999997138977,53.90929412841797,85.18031311035156
2017-02-10,988.6740112304688,31.210296630859375,61.97098922729492,117.5999984741211,13.757887840270996,34.59311294555664,119.64444732666016,10.850000381469727,2.4089999198913574,0.5230000019073486,53.946266174316406,85.15853118896484
2017-02-11,1004.4500122070312,31.210296630859375,61.97098922729492,117.5999984741211,13.757887840270996,34.59311294555664,119.64444732666016,10.850000381469727,2.4089999198913574,0.5230000019073486,53.946266174316406,85.15853118896484
2017-02-12,999.1810302734375,31.210296630859375,61.97098922729492,117.5999984741211,13.757887840270996,34.59311294555664,119.64444732666016,10.850000381469727,2.4089999198913574,0.5230000019073486,53.946266174316406,85.15853118896484
2017-02-13,990.6420288085938,31.308292388916016,62.31132125854492,116.80000305175781,14.3671236038208,35.04767990112305,120.32076263427734,11.069999694824219,2.434000015258789,0.5230000019073486,54.026397705078125,85.12232971191406
2017-02-14,1004.5499877929688,31.340953826904297,62.58180236816406,116.93000030517578,14.775848388671875,34.776771545410156,120.724609375,10.739999771118164,2.4700000286102295,0.5350000262260437,54.063358306884766,84.91941833496094
2017-02-15,1007.47998046875,31.594093322753906,62.97446823120117,117.44999694824219,14.212888717651367,35.13492202758789,121.43848419189453,11.970000267028809,2.502000093460083,0.5199999809265137,54.081851959228516,84.85424041748047
2017-02-16,1027.43994140625,31.479764938354492,63.04427719116211,118.08000183105469,14.027803421020508,35.26808166503906,121.4009017944336,11.760000228881836,2.450000047683716,0.5080000162124634,54.03868865966797,85.0933837890625
2017-02-17,1046.2099609375,31.34911346435547,63.306026458740234,117.68000030517578,13.888989448547363,35.39663314819336,121.92689514160156,11.489999771118164,2.424999952316284,0.5080000162124634,54.094181060791016,85.31075286865234
2017-02-18,1054.4200439453125,31.34911346435547,63.306026458740234,117.68000030517578,13.888989448547363,35.39663314819336,121.92689514160156,11.489999771118164,2.424999952316284,0.5080000162124634,54.094181060791016,85.31075286865234
2017-02-19,1047.8699951171875,31.34911346435547,63.306026458740234,117.68000030517578,13.888989448547363,35.39663314819336,121.92689514160156,11.489999771118164,2.424999952316284,0.5080000162124634,54.094181060791016,85.31075286865234
2017-02-20,1079.97998046875,31.34911346435547,63.306026458740234,117.68000030517578,13.888989448547363,35.39663314819336,121.92689514160156,11.489999771118164,2.424999952316284,0.5080000162124634,54.094181060791016,85.31075286865234
2017-02-21,1115.300048828125,31.692094802856445,63.58528518676758,117.75,13.595942497253418,35.73183059692383,122.52802276611328,11.569999694824219,2.427000045776367,0.5049999952316284,54.27288818359375,85.34696960449219
2017-02-22,1117.43994140625,31.790081024169922,63.57655715942383,117.91000366210938,13.264333724975586,35.57571792602539,122.57498168945312,11.739999771118164,2.4179999828338623,0.5099999904632568,54.29755783081055,85.41214752197266
2017-02-23,1166.719970703125,31.798246383666992,63.75979995727539,118.94000244140625,13.0484037399292,35.18083953857422,122.11473846435547,11.710000038146973,2.388000011444092,0.49799999594688416,54.34687042236328,85.62950897216797
2017-02-24,1173.6800537109375,31.422607421875,63.96048355102539,119.69999694824219,12.901876449584961,35.23134994506836,122.34954071044922,11.470000267028809,2.316999912261963,0.49799999594688416,54.38999557495117,86.06428527832031
2017-02-25,1143.8399658203125,31.422607421875,63.96048355102539,119.69999694824219,12.901876449584961,35.23134994506836,122.34954071044922,11.470000267028809,2.316999912261963,0.49799999594688416,54.38999557495117,86.06428527832031
2017-02-26,1165.199951171875,31.422607421875,63.96048355102539,119.69999694824219,12.901876449584961,35.23134994506836,122.34954071044922,11.470000267028809,2.316999912261963,0.49799999594688416,54.38999557495117,86.06428527832031
2017-02-27,1179.969970703125,31.32461929321289,63.951759338378906,119.12000274658203,13.102383613586426,35.40123748779297,122.49986267089844,12.09000015258789,2.36899995803833,0.49000000953674316,54.45782470703125,85.86138916015625
2017-02-28,1179.969970703125,31.022483825683594,63.855770111083984,119.2300033569336,12.878743171691895,35.07522964477539,122.12413024902344,12.920000076293945,2.3580000400543213,0.5230000019073486,54.41468811035156,85.91939544677734
2017-03-01,1222.5,31.504276275634766,64.6934585571289,119.05999755859375,12.948149681091309,35.48388671875,123.4579086303711,12.539999961853027,2.4630000591278076,0.6150000095367432,54.61521530151367,85.41152954101562
2017-03-02,1251.010009765625,30.948993682861328,64.45787048339844,117.58000183105469,12.65510082244873,35.17165756225586,122.83802032470703,11.8100004196167,2.489000082015991,0.6449999809265137,54.4419059753418,85.28070831298828
2017-03-03,1274.989990234375,31.185794830322266,64.43168640136719,117.51000213623047,12.323490142822266,35.29562759399414,123.06342315673828,10.960000038146973,2.492000102996826,0.6830000281333923,54.46665954589844,85.36790466308594
2017-03-04,1255.1500244140625,31.185794830322266,64.43168640136719,117.51000213623047,12.323490142822266,35.29562759399414,123.06342315673828,10.960000038146973,2.492000102996826,0.6830000281333923,54.46665954589844,85.36790466308594
2017-03-05,1267.1199951171875,31.185794830322266,64.43168640136719,117.51000213623047,12.323490142822266,35.29562759399414,123.06342315673828,10.960000038146973,2.492000102996826,0.6830000281333923,54.46665954589844,85.36790466308594
2017-03-06,1272.8299560546875,31.202129364013672,64.26589965820312,116.72000122070312,11.937899589538574,35.30939865112305,122.79106140136719,11.239999771118164,2.49399995803833,0.7049999833106995,54.29332733154297,85.21536254882812
2017-03-07,1223.5400390625,31.234792709350586,64.10009765625,115.77999877929688,12.27721881866455,35.39663314819336,122.58439636230469,11.449999809265137,2.510999917984009,0.7350000143051147,53.94050216674805,84.7939224243164
2017-03-08,1150.0,30.940818786621094,63.995399475097656,115.05999755859375,12.354336738586426,35.433372497558594,122.80045318603516,11.859999656677246,2.552000045776367,0.7080000042915344,53.581478118896484,84.53243255615234
2017-03-09,1188.489990234375,30.69583511352539,63.995399475097656,114.47000122070312,12.045866012573242,35.4471435546875,122.89433288574219,12.300000190734863,2.5980000495910645,0.7129999995231628,53.439109802246094,84.07469177246094
2017-03-10,1116.719970703125,31.038814544677734,64.24842071533203,114.72000122070312,12.084424018859863,35.7823371887207,123.41094207763672,11.65999984741211,2.5820000171661377,0.7250000238418579,53.42054748535156,84.28538513183594
2017-03-11,1175.8299560546875,31.038814544677734,64.24842071533203,114.72000122070312,12.084424018859863,35.7823371887207,123.41094207763672,11.65999984741211,2.5820000171661377,0.7250000238418579,53.42054748535156,84.28538513183594
2017-03-12,1221.3800048828125,31.038814544677734,64.24842071533203,114.72000122070312,12.084424018859863,35.7823371887207,123.41094207763672,11.65999984741211,2.5820000171661377,0.7250000238418579,53.42054748535156,84.28538513183594
2017-03-13,1231.9200439453125,31.47160530090332,64.25717163085938,114.73999786376953,12.138407707214355,35.95681381225586,123.61762237548828,11.350000381469727,2.6080000400543213,0.7279999852180481,53.4638671875,84.00200653076172
2017-03-14,1240.0,31.291955947875977,64.05646514892578,114.12000274658203,12.17696475982666,35.828250885009766,123.31698608398438,12.300000190734863,2.5950000286102295,0.753000020980835,53.302886962890625,84.07469177246094
2017-03-15,1249.6099853515625,32.108551025390625,64.64981079101562,116.25,12.516283988952637,36.15425109863281,124.07781982421875,11.630000114440918,2.507999897003174,0.7149999737739563,54.03954315185547,84.8012466430664
2017-03-16,1187.81005859375,32.304542541503906,64.51022338867188,116.7300033569336,12.770777702331543,36.18180847167969,123.99330139160156,11.210000038146973,2.5220000743865967,0.7080000042915344,53.88479232788086,84.67777252197266
2017-03-17,1100.22998046875,32.24737548828125,64.50148010253906,116.98999786376953,12.670524597167969,36.27822494506836,123.95000457763672,11.279999732971191,2.500999927520752,0.7080000042915344,53.903377532958984,84.87386322021484
2017-03-18,973.8179931640625,32.24737548828125,64.50148010253906,116.98999786376953,12.670524597167969,36.27822494506836,123.95000457763672,11.279999732971191,2.500999927520752,0.7080000042915344,53.903377532958984,84.87386322021484
2017-03-19,1036.739990234375,32.24737548828125,64.50148010253906,116.98999786376953,12.670524597167969,36.27822494506836,123.95000457763672,11.279999732971191,2.500999927520752,0.7080000042915344,53.903377532958984,84.87386322021484
2017-03-20,1054.22998046875,32.623008728027344,64.41424560546875,117.51000213623047,12.493151664733887,36.507816314697266,124.06297302246094,11.34000015258789,2.4730000495910645,0.7099999785423279,53.798133850097656,85.07000732421875
2017-03-21,1120.5400390625,32.263710021972656,63.77724838256836,118.54000091552734,11.907052993774414,35.80988693237305,122.18049621582031,12.470000267028809,2.436000108718872,0.753000020980835,53.414344787597656,85.28070831298828
2017-03-22,1049.1400146484375,32.418846130371094,63.89940643310547,118.83000183105469,11.675697326660156,36.158843994140625,123.0087661743164,12.8100004196167,2.3959999084472656,0.7480000257492065,53.54432678222656,85.49873352050781
2017-03-23,1038.5899658203125,32.42702865600586,63.820884704589844,118.66999816894531,11.73739242553711,36.048648834228516,122.69817352294922,13.119999885559082,2.4179999828338623,0.7480000257492065,53.56291198730469,85.44056701660156
2017-03-24,937.52001953125,32.50868606567383,63.73933792114258,118.86000061035156,11.675697326660156,36.33332443237305,122.95230102539062,12.960000038146973,2.4000000953674316,0.7480000257492065,53.748592376708984,85.52777099609375
2017-03-25,972.7789916992188,32.50868606567383,63.73933792114258,118.86000061035156,11.675697326660156,36.33332443237305,122.95230102539062,12.960000038146973,2.4000000953674316,0.7480000257492065,53.748592376708984,85.52777099609375
2017-03-26,966.7249755859375,32.50868606567383,63.73933792114258,118.86000061035156,11.675697326660156,36.33332443237305,122.95230102539062,12.960000038146973,2.4000000953674316,0.7480000257492065,53.748592376708984,85.52777099609375
2017-03-27,1045.77001953125,32.418846130371094,63.6253662109375,119.52999877929688,11.77595043182373,36.498626708984375,123.14995574951172,12.5,2.372999906539917,0.7580000162124634,53.692928314208984,85.70938873291016
2017-03-28,1047.1500244140625,32.50868606567383,63.94975662231445,119.04000091552734,11.953323364257812,36.567501068115234,123.9029312133789,11.529999732971191,2.4089999198913574,0.7730000019073486,53.99001693725586,85.52777099609375
2017-03-29,1039.969970703125,32.56584167480469,63.888389587402344,119.33000183105469,12.069001197814941,36.42056655883789,124.47706604003906,11.420000076293945,2.385999917984009,0.7549999952316284,54.101436614990234,85.8038330078125
2017-03-30,1026.4300537109375,32.39436340332031,63.958518981933594,118.47000122070312,11.999594688415527,36.6042366027832,124.68414306640625,11.539999961853027,2.4159998893737793,0.7580000162124634,54.355228424072266,85.5786361694336
2017-03-31,1071.7900390625,32.16571044921875,63.8270263671875,118.72000122070312,11.837644577026367,36.59964370727539,124.59943389892578,12.369999885559082,2.3959999084472656,0.7379999756813049,54.33665084838867,85.66580963134766
2017-04-01,1080.5,32.16571044921875,63.8270263671875,118.72000122070312,11.837644577026367,36.59964370727539,124.59943389892578,12.369999885559082,2.3959999084472656,0.7379999756813049,54.33665084838867,85.66580963134766
2017-04-02,1102.1700439453125,32.16571044921875,63.8270263671875,118.72000122070312,11.837644577026367,36.59964370727539,124.59943389892578,12.369999885559082,2.3959999084472656,0.7379999756813049,54.33665084838867,85.66580963134766
2017-04-03,1143.81005859375,32.34537124633789,63.669219970703125,119.3499984741211,11.614004135131836,36.51240158081055,124.5241470336914,12.380000114440918,2.3499999046325684,0.7400000095367432,54.30745315551758,86.05045318603516
2017-04-04,1133.25,32.36170196533203,63.65166473388672,119.62000274658203,11.698832511901855,36.38383483886719,124.72180938720703,11.789999961853027,2.3499999046325684,0.7799999713897705,54.326087951660156,85.82461547851562
2017-04-05,1124.780029296875,32.263710021972656,63.476314544677734,119.62000274658203,11.506037712097168,36.16803741455078,124.21354675292969,12.890000343322754,2.3570001125335693,0.7799999713897705,54.2825927734375,85.9339370727539
2017-04-06,1182.6800537109375,32.20655059814453,63.6253662109375,119.18000030517578,11.644851684570312,36.186397552490234,124.27943420410156,12.390000343322754,2.3429999351501465,0.7879999876022339,54.3509635925293,86.01400756835938
2017-04-07,1176.9000244140625,32.14936828613281,63.60784912109375,119.45999908447266,11.721967697143555,36.3287353515625,124.21354675292969,12.869999885559082,2.372999906539917,0.7979999780654907,54.326087951660156,85.80274963378906
2017-04-08,1175.949951171875,32.14936828613281,63.60784912109375,119.45999908447266,11.721967697143555,36.3287353515625,124.21354675292969,12.869999885559082,2.372999906539917,0.7979999780654907,54.326087951660156,85.80274963378906
2017-04-09,1187.8699951171875,32.14936828613281,63.60784912109375,119.45999908447266,11.721967697143555,36.3287353515625,124.21354675292969,12.869999885559082,2.372999906539917,0.7979999780654907,54.326087951660156,85.80274963378906
2017-04-10,1187.1300048828125,32.01872634887695,63.60784912109375,119.45999908447266,12.200101852416992,36.007328033447266,124.26060485839844,14.050000190734863,2.3610000610351562,0.7879999876022339,54.40073013305664,85.96299743652344
2017-04-11,1205.010009765625,31.945226669311523,63.61658477783203,121.19000244140625,12.416032791137695,35.73642349243164,123.7240982055664,15.069999694824219,2.2980000972747803,0.800000011920929,54.295021057128906,86.36375427246094
2017-04-12,1200.3699951171875,32.10039138793945,63.414947509765625,122.0199966430664,12.092135429382324,35.272666931152344,123.22525024414062,15.770000457763672,2.2960000038146973,0.7929999828338623,54.33230972290039,86.64783477783203
2017-04-13,1169.280029296875,31.961563110351562,63.090545654296875,122.5999984741211,11.8607816696167,35.010948181152344,122.73582458496094,15.960000038146973,2.2320001125335693,0.7900000214576721,54.22042465209961,86.79349517822266
2017-04-14,1167.5400390625,31.961563110351562,63.090545654296875,122.5999984741211,11.8607816696167,35.010948181152344,122.73582458496094,15.960000038146973,2.2320001125335693,0.7900000214576721,54.22042465209961,86.79349517822266
2017-04-15,1172.52001953125,31.961563110351562,63.090545654296875,122.5999984741211,11.8607816696167,35.010948181152344,122.73582458496094,15.960000038146973,2.2320001125335693,0.7900000214576721,54.22042465209961,86.79349517822266
2017-04-16,1182.93994140625,31.961563110351562,63.090545654296875,122.5999984741211,11.8607816696167,35.010948181152344,122.73582458496094,15.960000038146973,2.2320001125335693,0.7900000214576721,54.22042465209961,86.79349517822266
2017-04-17,1193.9100341796875,32.29637145996094,63.5639762878418,122.23999786376953,11.876205444335938,35.392051696777344,123.7523422241211,14.65999984741211,2.252000093460083,0.7900000214576721,54.382049560546875,86.6259536743164
2017-04-18,1211.6700439453125,31.88807487487793,63.362327575683594,122.81999969482422,11.698832511901855,35.53438949584961,123.5640869140625,14.420000076293945,2.178999900817871,0.8050000071525574,54.369625091552734,87.13590240478516
2017-04-19,1210.2900390625,31.692094802856445,63.14314270019531,121.7300033569336,11.359511375427246,35.727230072021484,123.76175689697266,14.930000305175781,2.2019999027252197,0.7850000262260437,54.31989669799805,86.87364196777344
2017-04-20,1229.0799560546875,32.08405303955078,63.599063873291016,121.95999908447266,11.405783653259277,36.24150085449219,124.79713439941406,14.149999618530273,2.240999937057495,0.7699999809265137,54.50015640258789,86.74981689453125
2017-04-21,1222.050048828125,32.08405303955078,63.48509979248047,122.30999755859375,11.305530548095703,36.094566345214844,124.76889038085938,14.630000114440918,2.236999988555908,0.7630000114440918,54.45664596557617,86.74981689453125
2017-04-22,1231.7099609375,32.08405303955078,63.48509979248047,122.30999755859375,11.305530548095703,36.094566345214844,124.76889038085938,14.630000114440918,2.236999988555908,0.7630000114440918,54.45664596557617,86.74981689453125
2017-04-23,1207.2099609375,32.08405303955078,63.48509979248047,122.30999755859375,11.305530548095703,36.094566345214844,124.76889038085938,14.630000114440918,2.236999988555908,0.7630000114440918,54.45664596557617,86.74981689453125
2017-04-24,1250.1500244140625,32.541351318359375,64.01988983154297,121.4800033569336,11.259259223937988,36.61800765991211,126.27484130859375,10.84000015258789,2.2730000019073486,0.7699999809265137,54.711517333984375,86.63323974609375
2017-04-25,1265.489990234375,32.82715606689453,64.44949340820312,120.25,11.29781723022461,36.98533630371094,127.18782043457031,10.760000228881836,2.3269999027252197,0.8080000281333923,54.81095886230469,86.29084777832031
2017-04-26,1281.0799560546875,32.70466995239258,64.3355484008789,120.83999633789062,11.051039695739746,36.70525360107422,127.00900268554688,10.850000381469727,2.311000108718872,0.8029999732971191,54.76123046875,86.50210571289062
2017-04-27,1317.72998046875,32.663841247558594,64.38813781738281,120.38999938964844,10.6500244140625,37.1965446472168,127.77135467529297,10.359999656677246,2.2960000038146973,0.7850000262260437,54.79859161376953,86.5822525024414
2017-04-28,1316.47998046875,32.71283721923828,64.22154998779297,120.7699966430664,10.148756980895996,36.59505844116211,127.997314453125,10.819999694824219,2.2820000648498535,0.7799999713897705,54.77993392944336,86.68428039550781
2017-04-29,1321.7900390625,32.71283721923828,64.22154998779297,120.7699966430664,10.148756980895996,36.59505844116211,127.997314453125,10.819999694824219,2.2820000648498535,0.7799999713897705,54.77993392944336,86.68428039550781
2017-04-30,1347.8900146484375,32.71283721923828,64.22154998779297,120.7699966430664,10.148756980895996,36.59505844116211,127.997314453125,10.819999694824219,2.2820000648498535,0.7799999713897705,54.77993392944336,86.68428039550781
2017-05-01,1421.5999755859375,32.90065383911133,64.15140533447266,119.66999816894531,10.171892166137695,36.976158142089844,129.13616943359375,10.109999656677246,2.325000047683716,0.7850000262260437,54.80800247192383,86.41545867919922
2017-05-02,1452.8199462890625,33.13746643066406,64.26539611816406,119.6500015258789,10.256722450256348,36.778709411621094,129.3526153564453,10.59000015258789,2.2960000038146973,0.8429999947547913,54.82672119140625,86.6711196899414
2017-05-03,1490.0899658203125,32.916988372802734,64.17768859863281,117.9800033569336,10.148756980895996,36.989925384521484,128.93849182128906,10.680000305175781,2.309000015258789,0.8479999899864197,54.87665557861328,86.62725830078125
2017-05-04,1537.6700439453125,32.54951095581055,64.24785614013672,116.79000091552734,9.716894149780273,36.95319747924805,128.9855194091797,10.460000038146973,2.3559999465942383,0.8550000190734863,54.583251953125,86.45928192138672
2017-05-05,1555.449951171875,32.81898880004883,64.467041015625,117.01000213623047,9.824859619140625,37.100128173828125,129.4561767578125,10.569999694824219,2.3519999980926514,0.8679999709129333,54.67689895629883,86.48846435546875
2017-05-06,1578.800048828125,32.81898880004883,64.467041015625,117.01000213623047,9.824859619140625,37.100128173828125,129.4561767578125,10.569999694824219,2.3519999980926514,0.8679999709129333,54.67689895629883,86.48846435546875
2017-05-07,1596.7099609375,32.81898880004883,64.467041015625,117.01000213623047,9.824859619140625,37.100128173828125,129.4561767578125,10.569999694824219,2.3519999980926514,0.8679999709129333,54.67689895629883,86.48846435546875
2017-05-08,1723.3499755859375,32.810829162597656,64.44075775146484,116.75,10.056215286254883,37.00829315185547,129.73854064941406,9.770000457763672,2.375999927520752,0.8700000047683716,54.739315032958984,86.33509063720703
2017-05-09,1755.3599853515625,33.22728729248047,64.43196868896484,116.05000305175781,10.156468391418457,37.380210876464844,130.19027709960938,9.960000038146973,2.4070000648498535,0.8899999856948853,54.70186996459961,86.34969329833984
2017-05-10,1787.1300048828125,33.447776794433594,64.42317962646484,116.04000091552734,10.28757095336914,37.8531494140625,130.26565551757812,10.210000038146973,2.4140000343322754,0.875,54.93911361694336,86.46656799316406
2017-05-11,1848.5699462890625,33.52125930786133,64.27413940429688,116.5,10.449516296386719,37.93579864501953,130.16207885742188,10.600000381469727,2.4000000953674316,0.8600000143051147,54.94533920288086,86.51040649414062
2017-05-12,1724.239990234375,33.66008758544922,64.18649291992188,116.83000183105469,10.56519603729248,38.04140090942383,130.45387268066406,10.399999618530273,2.3350000381469727,0.8550000190734863,54.926631927490234,86.94868469238281
2017-05-13,1804.9100341796875,33.66008758544922,64.18649291992188,116.83000183105469,10.56519603729248,38.04140090942383,130.45387268066406,10.399999618530273,2.3350000381469727,0.8550000190734863,54.926631927490234,86.94868469238281
2017-05-14,1808.9100341796875,33.66008758544922,64.18649291992188,116.83000183105469,10.56519603729248,38.04140090942383,130.45387268066406,10.399999618530273,2.3350000381469727,0.8550000190734863,54.926631927490234,86.94868469238281
2017-05-15,1738.4300537109375,34.003047943115234,64.55471801757812,117.13999938964844,10.580619812011719,38.463829040527344,130.8679962158203,10.420000076293945,2.3380000591278076,0.8629999756813049,55.051456451416016,86.94137573242188
2017-05-16,1734.449951171875,34.03572082519531,64.5020980834961,117.6500015258789,10.603754997253418,38.9229850769043,131.41392517089844,10.649999618530273,2.3289999961853027,0.8899999856948853,55.13262176513672,87.06559753417969
2017-05-17,1839.0899658203125,33.455936431884766,63.67796325683594,119.79000091552734,10.195028305053711,37.458274841308594,128.07257080078125,15.59000015258789,2.2160000801086426,0.875,54.88916778564453,87.59880065917969
2017-05-18,1888.6500244140625,32.90065383911133,63.80947494506836,118.80999755859375,10.141043663024902,38.013851165771484,129.19261169433594,14.65999984741211,2.2330000400543213,0.8930000066757202,54.951576232910156,87.5842056274414
2017-05-19,1987.7099609375,33.60293197631836,64.14265441894531,119.4000015258789,10.403246879577637,38.45465087890625,129.73854064941406,12.039999961853027,2.244999885559082,0.8880000114440918,55.051456451416016,87.63531494140625
2017-05-20,2084.72998046875,33.60293197631836,64.14265441894531,119.4000015258789,10.403246879577637,38.45465087890625,129.73854064941406,12.039999961853027,2.244999885559082,0.8880000114440918,55.051456451416016,87.63531494140625
2017-05-21,2041.199951171875,33.60293197631836,64.14265441894531,119.4000015258789,10.403246879577637,38.45465087890625,129.73854064941406,12.039999961853027,2.244999885559082,0.8880000114440918,55.051456451416016,87.63531494140625
2017-05-22,2173.39990234375,33.63559341430664,64.55471801757812,119.9000015258789,10.434093475341797,38.82197570800781,130.830322265625,10.930000305175781,2.253999948501587,0.878000020980835,55.220008850097656,87.5622787475586
2017-05-23,2320.419921875,33.66824722290039,64.52839660644531,119.13999938964844,10.457231521606445,38.73933029174805,130.96217346191406,10.720000267028809,2.2850000858306885,0.9129999876022339,55.21380615234375,87.2920150756836
2017-05-24,2443.639892578125,33.798912048339844,64.71253204345703,119.61000061035156,10.179605484008789,38.90921401977539,131.56454467773438,10.020000457763672,2.2660000324249268,0.9049999713897705,55.30742645263672,87.43081665039062
2017-05-25,2304.97998046875,33.96223068237305,65.08952331542969,119.4800033569336,10.040791511535645,39.1755256652832,132.68458557128906,9.989999771118164,2.255000114440918,0.9079999923706055,55.26373291015625,87.46730041503906
2017-05-26,2202.419921875,34.084712982177734,65.07199096679688,120.54000091552734,10.148756980895996,39.248992919921875,132.91989135742188,9.8100004196167,2.25,0.9100000262260437,55.294960021972656,87.53308868408203
2017-05-27,2038.8699951171875,34.084712982177734,65.07199096679688,120.54000091552734,10.148756980895996,39.248992919921875,132.91989135742188,9.8100004196167,2.25,0.9100000262260437,55.294960021972656,87.53308868408203
2017-05-28,2155.800048828125,34.084712982177734,65.07199096679688,120.54000091552734,10.148756980895996,39.248992919921875,132.91989135742188,9.8100004196167,2.25,0.9100000262260437,55.294960021972656,87.53308868408203
2017-05-29,2255.610107421875,34.084712982177734,65.07199096679688,120.54000091552734,10.148756980895996,39.248992919921875,132.91989135742188,9.8100004196167,2.25,0.9100000262260437,55.294960021972656,87.53308868408203
2017-05-30,2175.469970703125,33.90507125854492,65.03691101074219,120.13999938964844,10.025369644165039,39.52907943725586,133.03285217285156,10.380000114440918,2.2170000076293945,0.9100000262260437,55.35114669799805,87.73760223388672
2017-05-31,2286.409912109375,33.64375305175781,65.17721557617188,120.62000274658203,9.932827949523926,39.48316192626953,132.9857635498047,10.40999984741211,2.196000099182129,0.949999988079071,55.34490203857422,87.83985137939453
2017-06-01,2407.8798828125,33.9295654296875,65.62432098388672,120.72000122070312,9.894266128540039,39.55663299560547,133.50341796875,9.890000343322754,2.2170000076293945,0.9480000138282776,55.506011962890625,87.85890197753906
2017-06-02,2488.550048828125,34.101043701171875,65.80845642089844,121.61000061035156,9.809436798095703,39.86426544189453,135.02821350097656,9.75,2.1589999198913574,0.953000009059906,55.53738784790039,88.26905822753906
2017-06-03,2515.35009765625,34.101043701171875,65.80845642089844,121.61000061035156,9.809436798095703,39.86426544189453,135.02821350097656,9.75,2.1589999198913574,0.953000009059906,55.53738784790039,88.26905822753906
2017-06-04,2511.81005859375,34.101043701171875,65.80845642089844,121.61000061035156,9.809436798095703,39.86426544189453,135.02821350097656,9.75,2.1589999198913574,0.953000009059906,55.53738784790039,88.26905822753906
2017-06-05,2686.81005859375,34.06022262573242,65.76463317871094,121.7300033569336,9.72460651397705,39.96987533569336,134.99996948242188,10.069999694824219,2.181999921798706,0.9480000138282776,55.48723602294922,88.02002716064453
2017-06-06,2863.199951171875,34.07654571533203,65.52790832519531,123.0999984741211,9.64748764038086,40.061710357666016,134.46348571777344,10.449999809265137,2.1470000743865967,0.9580000042915344,55.39946365356445,88.2763671875
2017-06-07,2732.159912109375,34.03572082519531,65.58049011230469,122.44999694824219,9.747743606567383,40.36016845703125,134.9906005859375,10.390000343322754,2.177999973297119,0.9729999899864197,55.28660202026367,88.16651153564453
2017-06-08,2805.6201171875,34.2398681640625,65.65061950683594,121.6500015258789,9.96367359161377,40.89278793334961,135.13177490234375,10.15999984741211,2.194000005722046,0.9729999899864197,55.33047866821289,88.01274108886719
2017-06-09,2823.81005859375,33.97856140136719,65.7032699584961,120.54000091552734,10.009942054748535,39.34541702270508,131.75271606445312,10.699999809265137,2.1989998817443848,0.9800000190734863,55.374385833740234,87.92484283447266
2017-06-10,2947.7099609375,33.97856140136719,65.7032699584961,120.54000091552734,10.009942054748535,39.34541702270508,131.75271606445312,10.699999809265137,2.1989998817443848,0.9800000190734863,55.374385833740234,87.92484283447266
2017-06-11,2958.110107421875,33.97856140136719,65.7032699584961,120.54000091552734,10.009942054748535,39.34541702270508,131.75271606445312,10.699999809265137,2.1989998817443848,0.9800000190734863,55.374385833740234,87.92484283447266
2017-06-12,2659.6298828125,33.798912048339844,65.668212890625,120.36000061035156,9.948248863220215,39.106658935546875,131.04684448242188,11.460000038146973,2.2130000591278076,0.9729999899864197,55.46841812133789,87.9468002319336
2017-06-13,2717.02001953125,33.96223068237305,66.0101089477539,120.4800033569336,10.071640014648438,39.359195709228516,132.1104736328125,10.420000076293945,2.2070000171661377,0.9829999804496765,55.56871795654297,88.04200744628906
2017-06-14,2506.3701171875,33.95405578613281,65.99256896972656,119.81999969482422,9.986807823181152,39.019412994384766,131.53627014160156,10.640000343322754,2.138000011444092,0.9829999804496765,55.575008392333984,88.64258575439453
2017-06-15,2464.580078125,33.60293197631836,65.95753479003906,119.31999969482422,9.840285301208496,38.6612663269043,130.95269775390625,10.899999618530273,2.1619999408721924,0.9929999709129333,55.361854553222656,88.43017578125
2017-06-16,2518.56005859375,33.66008758544922,66.0101089477539,119.33999633789062,9.786300659179688,38.63831329345703,130.38455200195312,10.380000114440918,2.1570000648498535,0.9850000143051147,55.26777648925781,88.50342559814453
2017-06-17,2655.8798828125,33.66008758544922,66.0101089477539,119.33999633789062,9.786300659179688,38.63831329345703,130.38455200195312,10.380000114440918,2.1570000648498535,0.9850000143051147,55.26777648925781,88.50342559814453
2017-06-18,2548.2900390625,33.66008758544922,66.0101089477539,119.33999633789062,9.786300659179688,38.63831329345703,130.38455200195312,10.380000114440918,2.1570000648498535,0.9850000143051147,55.26777648925781,88.50342559814453
2017-06-19,2589.60009765625,33.99489212036133,66.4922866821289,118.43000030517578,9.716894149780273,39.32245635986328,132.56472778320312,10.369999885559082,2.190000057220459,0.9850000143051147,55.43706130981445,88.39353942871094
2017-06-20,2721.7900390625,33.61915588378906,66.04518127441406,118.18000030517578,9.593505859375,38.83115768432617,131.52651977539062,10.859999656677246,2.1530001163482666,0.9929999709129333,55.242713928222656,88.5912857055664
2017-06-21,2689.10009765625,33.692989349365234,65.98379516601562,118.5199966430664,9.53180980682373,39.276546478271484,132.82899475097656,10.75,2.1549999713897705,0.9679999947547913,54.922950744628906,88.63524627685547
2017-06-22,2705.409912109375,33.865272521972656,65.92244720458984,118.91999816894531,9.624353408813477,39.1755256652832,132.79119873046875,10.479999542236328,2.1530001163482666,0.9330000281333923,55.073429107666016,88.70848083496094
2017-06-23,2744.909912109375,34.04575729370117,66.036376953125,119.43000030517578,10.056215286254883,39.336238861083984,133.30084228515625,10.020000457763672,2.1440000534057617,0.9330000281333923,55.29911804199219,88.75240325927734
2017-06-24,2608.719970703125,34.04575729370117,66.036376953125,119.43000030517578,10.056215286254883,39.336238861083984,133.30084228515625,10.020000457763672,2.1440000534057617,0.9330000281333923,55.29911804199219,88.75240325927734
2017-06-25,2589.409912109375,34.04575729370117,66.036376953125,119.43000030517578,10.056215286254883,39.336238861083984,133.30084228515625,10.020000457763672,2.1440000534057617,0.9330000281333923,55.29911804199219,88.75240325927734
2017-06-26,2478.449951171875,34.373905181884766,66.06269836425781,118.36000061035156,10.256722450256348,39.18471145629883,132.6780242919922,9.899999618530273,2.13700008392334,0.9330000281333923,55.374385833740234,88.91356658935547
2017-06-27,2552.449951171875,33.971923828125,65.5894546508789,118.80999755859375,10.079351425170898,38.064361572265625,130.2712860107422,11.0600004196167,2.197999954223633,0.9900000095367432,55.198822021484375,88.51074981689453
2017-06-28,2574.7900390625,34.23443603515625,66.09180450439453,118.9000015258789,10.156468391418457,38.615352630615234,132.1494598388672,10.029999732971191,2.2209999561309814,0.9850000143051147,55.42451858520508,88.60594940185547
2017-06-29,2539.320068359375,33.79963684082031,65.32503509521484,118.31999969482422,10.102486610412598,37.74754333496094,129.8560333251953,11.4399995803833,2.2669999599456787,1.003000020980835,55.28660202026367,88.33491516113281
2017-06-30,2480.840087890625,33.95551681518555,65.54537200927734,118.0199966430664,10.16418170928955,37.58683776855469,129.90322875976562,11.180000305175781,2.302000045776367,0.9929999709129333,55.418270111083984,88.26174926757812
2017-07-01,2434.550048828125,33.95551681518555,65.54537200927734,118.0199966430664,10.16418170928955,37.58683776855469,129.90322875976562,11.180000305175781,2.302000045776367,0.9929999709129333,55.418270111083984,88.26174926757812
2017-07-02,2506.469970703125,33.95551681518555,65.54537200927734,118.0199966430664,10.16418170928955,37.58683776855469,129.90322875976562,11.180000305175781,2.302000045776367,0.9929999709129333,55.418270111083984,88.26174926757812
2017-07-03,2564.06005859375,34.15240478515625,65.7833480834961,116.08999633789062,10.3646879196167,37.15522766113281,128.53472900390625,11.220000267028809,2.3459999561309814,1.0,55.391178131103516,88.0707778930664
2017-07-04,2601.639892578125,34.15240478515625,65.7833480834961,116.08999633789062,10.3646879196167,37.15522766113281,128.53472900390625,11.220000267028809,2.3459999561309814,1.0,55.391178131103516,88.0707778930664
2017-07-05,2601.989990234375,34.08677673339844,65.75690460205078,116.5199966430664,10.47265338897705,37.862327575683594,129.79934692382812,11.069999694824219,2.3340001106262207,1.0199999809265137,55.347129821777344,88.21765899658203
2017-07-06,2608.56005859375,33.67657470703125,65.21926879882812,116.47000122070312,10.3646879196167,37.701622009277344,128.62913513183594,12.539999961853027,2.369999885559082,1.0080000162124634,55.2086067199707,87.9900131225586
2017-07-07,2518.659912109375,33.742210388183594,65.65111541748047,115.27999877929688,10.302993774414062,38.206703186035156,130.0165252685547,11.1899995803833,2.3929998874664307,1.0080000162124634,55.15819549560547,87.91658782958984
2017-07-08,2571.340087890625,33.742210388183594,65.65111541748047,115.27999877929688,10.302993774414062,38.206703186035156,130.0165252685547,11.1899995803833,2.3929998874664307,1.0080000162124634,55.15819549560547,87.91658782958984
2017-07-09,2518.43994140625,33.742210388183594,65.65111541748047,115.27999877929688,10.302993774414062,38.206703186035156,130.0165252685547,11.1899995803833,2.3929998874664307,1.0080000162124634,55.15819549560547,87.91658782958984
2017-07-10,2372.56005859375,34.062171936035156,65.69517517089844,115.47000122070312,10.434093475341797,38.60157775878906,130.86585998535156,11.109999656677246,2.371000051498413,1.0130000114440918,55.22117614746094,88.06346130371094
2017-07-11,2337.7900390625,34.341094970703125,65.50128936767578,115.62000274658203,10.457231521606445,38.90921401977539,131.23397827148438,10.890000343322754,2.361999988555908,1.0329999923706055,55.18339538574219,88.10014343261719
2017-07-12,2398.840087890625,35.00559997558594,66.03010559082031,116.02999877929688,10.441804885864258,39.46939468383789,132.79119873046875,10.300000190734863,2.3269999027252197,1.0230000019073486,55.54232406616211,88.48933410644531
2017-07-13,2357.89990234375,35.177879333496094,66.08300018310547,115.81999969482422,10.526636123657227,39.377559661865234,133.0838165283203,9.899999618530273,2.3480000495910645,1.0130000114440918,55.586387634277344,88.33515930175781
2017-07-14,2233.340087890625,35.620872497558594,66.48841857910156,116.7699966430664,10.642314910888672,39.86426544189453,134.1314239501953,9.510000228881836,2.319000005722046,1.0080000162124634,55.743778228759766,88.54074096679688
2017-07-15,1998.8599853515625,35.620872497558594,66.48841857910156,116.7699966430664,10.642314910888672,39.86426544189453,134.1314239501953,9.510000228881836,2.319000005722046,1.0080000162124634,55.743778228759766,88.54074096679688
2017-07-16,1929.8199462890625,35.620872497558594,66.48841857910156,116.7699966430664,10.642314910888672,39.86426544189453,134.1314239501953,9.510000228881836,2.319000005722046,1.0080000162124634,55.743778228759766,88.54074096679688
2017-07-17,2228.409912109375,35.45680618286133,66.41790771484375,117.29000091552734,11.051039695739746,39.75407028198242,134.197509765625,9.819999694824219,2.309000015258789,1.0199999809265137,55.7626953125,88.62157440185547
2017-07-18,2318.8798828125,35.56344985961914,66.51483917236328,118.11000061035156,11.012479782104492,39.905601501464844,135.0940704345703,9.890000343322754,2.263000011444092,1.0399999618530273,55.78786087036133,89.0034408569336
2017-07-19,2273.429931640625,35.85879135131836,66.71754455566406,118.08000183105469,11.305530548095703,40.300472259521484,135.8868408203125,9.789999961853027,2.2679998874664307,1.0850000381469727,55.882320404052734,88.97400665283203
2017-07-20,2817.60009765625,35.817771911621094,66.8938217163086,118.23999786376953,11.220701217651367,40.38771057128906,136.06617736816406,9.579999923706055,2.2660000324249268,1.1130000352859497,55.91380310058594,89.05481719970703
2017-07-21,2667.760009765625,35.79315948486328,66.87619018554688,119.26000213623047,11.027904510498047,40.16272735595703,136.00955200195312,9.359999656677246,2.2320001125335693,1.1380000114440918,55.86972427368164,89.26046752929688
2017-07-22,2810.1201171875,35.79315948486328,66.87619018554688,119.26000213623047,11.027904510498047,40.16272735595703,136.00955200195312,9.359999656677246,2.2320001125335693,1.1380000114440918,55.86972427368164,89.26046752929688
2017-07-23,2730.39990234375,35.79315948486328,66.87619018554688,119.26000213623047,11.027904510498047,40.16272735595703,136.00955200195312,9.359999656677246,2.2320001125335693,1.1380000114440918,55.86972427368164,89.26046752929688
2017-07-24,2754.860107421875,35.899803161621094,66.70872497558594,119.30999755859375,10.958498001098633,40.03416061401367,136.6324462890625,9.430000305175781,2.253999948501587,1.149999976158142,55.91380310058594,89.15764617919922
2017-07-25,2576.47998046875,35.809574127197266,66.79688262939453,118.91999816894531,11.089601516723633,39.92395782470703,136.2832489013672,9.430000305175781,2.3259999752044678,1.1430000066757202,55.93898010253906,88.6288833618164
2017-07-26,2529.449951171875,36.10490798950195,66.7880859375,119.87999725341797,11.051039695739746,40.34638595581055,136.7268524169922,9.600000381469727,2.2820000648498535,1.0950000286102295,56.020835876464844,88.922607421875
2017-07-27,2671.780029296875,35.908023834228516,66.69990539550781,119.79000091552734,11.004769325256348,39.83672332763672,135.86802673339844,10.109999656677246,2.309999942779541,1.0779999494552612,55.976749420166016,88.70233917236328
2017-07-28,2809.010009765625,35.89160919189453,66.2152099609375,120.69000244140625,11.128158569335938,39.648468017578125,135.75479125976562,10.289999961853027,2.2890000343322754,1.0529999732971191,55.983055114746094,88.93728637695312
2017-07-29,2726.449951171875,35.89160919189453,66.2152099609375,120.69000244140625,11.128158569335938,39.648468017578125,135.75479125976562,10.289999961853027,2.2890000343322754,1.0529999732971191,55.983055114746094,88.93728637695312
2017-07-30,2757.179931640625,35.89160919189453,66.2152099609375,120.69000244140625,11.128158569335938,39.648468017578125,135.75479125976562,10.289999961853027,2.2890000343322754,1.0529999732971191,55.983055114746094,88.93728637695312
2017-07-31,2875.340087890625,35.93262481689453,66.2152099609375,120.75,11.159004211425781,39.41428756713867,135.17901611328125,10.260000228881836,2.2920000553131104,1.0529999732971191,55.983055114746094,88.93728637695312
2017-08-01,2718.260009765625,36.03927230834961,66.4443588256836,120.6500015258789,11.21298885345459,39.58418273925781,135.49046325683594,10.09000015258789,2.250999927520752,1.0579999685287476,56.0386848449707,89.25982666015625
2017-08-02,2710.669921875,36.07209396362305,66.43550872802734,120.4000015258789,11.035616874694824,39.368377685546875,135.85853576660156,10.279999732971191,2.26200008392334,1.0499999523162842,56.05135726928711,89.11994934082031
2017-08-03,2804.72998046875,35.92442321777344,66.3209457397461,120.58999633789062,10.92764949798584,39.230628967285156,135.33004760742188,10.4399995803833,2.2279999256134033,1.0579999685287476,55.943843841552734,89.24510192871094
2017-08-04,2895.889892578125,36.055686950683594,66.40027618408203,119.6500015258789,10.912225723266602,39.34541702270508,135.57537841796875,10.029999732971191,2.2669999599456787,1.0529999732971191,55.95650863647461,88.89904022216797
2017-08-05,3252.909912109375,36.055686950683594,66.40027618408203,119.6500015258789,10.912225723266602,39.34541702270508,135.57537841796875,10.029999732971191,2.2669999599456787,1.0529999732971191,55.95650863647461,88.89904022216797
2017-08-06,3213.93994140625,36.055686950683594,66.40027618408203,119.6500015258789,10.912225723266602,39.34541702270508,135.57537841796875,10.029999732971191,2.2669999599456787,1.0529999732971191,55.95650863647461,88.89904022216797
2017-08-07,3378.93994140625,36.30179214477539,66.59416961669922,119.51000213623047,10.788837432861328,40.03874969482422,136.43421936035156,9.930000305175781,2.256999969482422,1.0329999923706055,55.93123245239258,88.92110443115234
2017-08-08,3419.93994140625,36.30999755859375,66.4443588256836,119.86000061035156,10.71171760559082,39.919368743896484,136.1982879638672,10.960000038146973,2.2829999923706055,1.0299999713897705,55.6909294128418,88.49409484863281
2017-08-09,3342.469970703125,35.98184585571289,66.3914566040039,121.30999755859375,10.611466407775879,39.841312408447266,136.0189666748047,11.109999656677246,2.240999937057495,1.024999976158142,55.47595977783203,88.58242797851562
2017-08-10,3381.280029296875,35.128662109375,65.49249267578125,122.20999908447266,10.225874900817871,38.74850845336914,133.1026611328125,16.040000915527344,2.2119998931884766,1.0180000066757202,55.121917724609375,88.552978515625
2017-08-11,3650.6201171875,35.21068572998047,65.474853515625,122.79000091552734,10.279858589172363,39.106658935546875,134.11253356933594,15.510000228881836,2.188999891281128,1.0130000114440918,55.21673583984375,88.71498107910156
2017-08-12,3884.7099609375,35.21068572998047,65.474853515625,122.79000091552734,10.279858589172363,39.106658935546875,134.11253356933594,15.510000228881836,2.188999891281128,1.0130000114440918,55.21673583984375,88.71498107910156
2017-08-13,4073.260009765625,35.21068572998047,65.474853515625,122.79000091552734,10.279858589172363,39.106658935546875,134.11253356933594,15.510000228881836,2.188999891281128,1.0130000114440918,55.21673583984375,88.71498107910156
2017-08-14,4325.1298828125,35.571659088134766,66.10059356689453,121.91999816894531,10.264433860778809,39.8780403137207,135.83966064453125,12.329999923706055,2.2190001010894775,1.003000020980835,55.50758743286133,88.65605926513672
2017-08-15,4181.93017578125,35.61268615722656,66.10059356689453,120.9800033569336,10.156468391418457,40.02497100830078,135.9340362548828,12.039999961853027,2.2660000324249268,1.0080000162124634,55.526546478271484,88.552978515625
2017-08-16,4376.6298828125,35.98184585571289,66.23281860351562,121.87000274658203,10.310705184936523,40.107627868652344,136.1699981689453,11.739999771118164,2.2260000705718994,0.9850000143051147,55.53286361694336,88.80335998535156
2017-08-17,4331.68994140625,35.522438049316406,65.20167541503906,122.48999786376953,10.33383846282959,39.157161712646484,133.38584899902344,15.550000190734863,2.1989998817443848,0.9779999852180481,55.22305679321289,88.89169311523438
2017-08-18,4160.6201171875,35.82597732543945,65.03418731689453,122.30000305175781,10.380110740661621,39.24441146850586,133.2914276123047,14.260000228881836,2.194000005722046,0.9879999756813049,55.305267333984375,88.83277893066406
2017-08-19,4193.7001953125,35.82597732543945,65.03418731689453,122.30000305175781,10.380110740661621,39.24441146850586,133.2914276123047,14.260000228881836,2.194000005722046,0.9879999756813049,55.305267333984375,88.83277893066406
2017-08-20,4087.659912109375,35.82597732543945,65.03418731689453,122.30000305175781,10.380110740661621,39.24441146850586,133.2914276123047,14.260000228881836,2.194000005722046,0.9879999756813049,55.305267333984375,88.83277893066406
2017-08-21,4001.739990234375,35.957244873046875,65.18401336669922,122.76000213623047,10.326128005981445,39.09747314453125,133.12156677246094,13.1899995803833,2.180000066757202,0.9649999737739563,55.362144470214844,88.95796203613281
2017-08-22,4100.52001953125,36.359230041503906,65.7833480834961,122.20999908447266,10.233587265014648,39.62091064453125,135.15074157714844,11.350000381469727,2.2149999141693115,0.9950000047683716,55.589786529541016,88.86959838867188
2017-08-23,4151.52001953125,36.5315055847168,65.59823608398438,122.66999816894531,10.233587265014648,39.70356369018555,134.6693572998047,12.25,2.1710000038146973,0.9800000190734863,55.59608840942383,89.20823669433594
2017-08-24,4334.68017578125,36.64635467529297,65.55416870117188,122.29000091552734,10.326128005981445,39.698974609375,134.27294921875,12.229999542236328,2.194000005722046,0.9980000257492065,55.67829895019531,89.03894805908203
2017-08-25,4371.60009765625,36.859657287597656,65.69517517089844,122.73999786376953,10.356976509094238,39.57499694824219,133.98983764648438,11.279999732971191,2.1689999103546143,0.9950000047683716,55.77945327758789,89.24510192871094
2017-08-26,4352.39990234375,36.859657287597656,65.69517517089844,122.73999786376953,10.356976509094238,39.57499694824219,133.98983764648438,11.279999732971191,2.1689999103546143,0.9950000047683716,55.77945327758789,89.24510192871094
2017-08-27,4382.8798828125,36.859657287597656,65.69517517089844,122.73999786376953,10.356976509094238,39.57499694824219,133.98983764648438,11.279999732971191,2.1689999103546143,0.9950000047683716,55.77945327758789,89.24510192871094
2017-08-28,4382.66015625,36.7283935546875,65.74808502197266,124.69000244140625,10.33383846282959,39.689788818359375,134.4051055908203,11.319999694824219,2.1589999198913574,1.0049999952316284,55.78579330444336,89.24510192871094
2017-08-29,4579.02001953125,36.66275405883789,65.73045349121094,124.41999816894531,10.464941024780273,39.79998779296875,134.93365478515625,11.699999809265137,2.135999917984009,1.0099999904632568,55.71623229980469,89.31132507324219
2017-08-30,4565.2998046875,36.72018814086914,66.13584899902344,124.36000061035156,10.434093475341797,40.355567932128906,136.51918029785156,11.220000267028809,2.1429998874664307,0.9980000257492065,55.868019104003906,89.385009765625
2017-08-31,4703.39013671875,36.777618408203125,66.52363586425781,125.81999969482422,10.696295738220215,40.672393798828125,137.9820556640625,10.59000015258789,2.121000051498413,0.9779999852180481,56.01970291137695,89.53959655761719
2017-09-01,4892.009765625,37.04834747314453,66.64703369140625,126.05999755859375,10.788837432861328,40.86524200439453,137.7932891845703,10.130000114440918,2.1570000648498535,0.9850000143051147,56.07689666748047,89.18531036376953
2017-09-02,4578.77001953125,37.04834747314453,66.64703369140625,126.05999755859375,10.788837432861328,40.86524200439453,137.7932891845703,10.130000114440918,2.1570000648498535,0.9850000143051147,56.07689666748047,89.18531036376953
2017-09-03,4582.9599609375,37.04834747314453,66.64703369140625,126.05999755859375,10.788837432861328,40.86524200439453,137.7932891845703,10.130000114440918,2.1570000648498535,0.9850000143051147,56.07689666748047,89.18531036376953
2017-09-04,4236.31005859375,37.04834747314453,66.64703369140625,126.05999755859375,10.788837432861328,40.86524200439453,137.7932891845703,10.130000114440918,2.1570000648498535,0.9850000143051147,56.07689666748047,89.18531036376953
2017-09-05,4376.52978515625,36.5643196105957,66.18872833251953,127.45999908447266,10.626890182495117,40.34638595581055,136.5569610595703,12.229999542236328,2.069999933242798,0.9829999804496765,55.949867248535156,89.73894500732422
2017-09-06,4597.1201171875,36.80223083496094,66.33856964111328,126.80999755859375,10.680871963500977,40.48871994018555,136.97222900390625,11.630000114440918,2.1080000400543213,1.0379999876022339,55.91178512573242,89.42147064208984
2017-09-07,4599.8798828125,37.07295227050781,66.54129791259766,128.1300048828125,10.757991790771484,40.64483642578125,137.29306030273438,11.550000190734863,2.061000108718872,1.0230000019073486,55.91813278198242,89.7684555053711
2017-09-08,4228.75,36.826847076416016,66.61177825927734,127.97000122070312,10.634601593017578,40.204044342041016,136.1039276123047,12.119999885559082,2.061000108718872,1.0199999809265137,55.740360260009766,89.50270080566406
2017-09-09,4226.06005859375,36.826847076416016,66.61177825927734,127.97000122070312,10.634601593017578,40.204044342041016,136.1039276123047,12.119999885559082,2.061000108718872,1.0199999809265137,55.740360260009766,89.50270080566406
2017-09-10,4122.93994140625,36.826847076416016,66.61177825927734,127.97000122070312,10.634601593017578,40.204044342041016,136.1039276123047,12.119999885559082,2.061000108718872,1.0199999809265137,55.740360260009766,89.50270080566406
2017-09-11,4161.27001953125,37.31906509399414,67.25516510009766,126.19000244140625,10.680871963500977,40.93410873413086,137.67062377929688,10.729999542236328,2.125,1.0199999809265137,55.91813278198242,89.22956085205078
2017-09-12,4130.81005859375,37.27804183959961,67.46671295166016,126.55999755859375,10.781126022338867,41.09022521972656,138.00096130371094,10.579999923706055,2.1710000038146973,1.0180000066757202,55.98799133300781,89.1335678100586
2017-09-13,3882.590087890625,37.081153869628906,67.3697509765625,125.61000061035156,10.835107803344727,41.09941101074219,138.1897430419922,10.5,2.194999933242798,1.0180000066757202,56.00704574584961,89.04496002197266
2017-09-14,3154.949951171875,37.17959976196289,67.42261505126953,126.16000366210938,10.773414611816406,41.27848434448242,137.37803649902344,10.4399995803833,2.197000026702881,1.027999997138977,56.08324432373047,89.26646423339844
2017-09-15,3637.52001953125,37.401100158691406,67.6958236694336,125.52999877929688,10.819684028625488,41.82487869262695,137.8499298095703,10.170000076293945,2.2019999027252197,1.0099999904632568,56.13402557373047,89.34028625488281
2017-09-16,3625.0400390625,37.401100158691406,67.6958236694336,125.52999877929688,10.819684028625488,41.82487869262695,137.8499298095703,10.170000076293945,2.2019999027252197,1.0099999904632568,56.13402557373047,89.34028625488281
2017-09-17,3582.8798828125,37.401100158691406,67.6958236694336,125.52999877929688,10.819684028625488,41.82487869262695,137.8499298095703,10.170000076293945,2.2019999027252197,1.0099999904632568,56.13402557373047,89.34028625488281
2017-09-18,4065.199951171875,37.5323600769043,67.90739440917969,124.36000061035156,10.734855651855469,42.40801239013672,137.66932678222656,10.149999618530273,2.2290000915527344,1.0,56.10861587524414,89.2516860961914
2017-09-19,3924.969970703125,37.61440658569336,68.01310729980469,124.62000274658203,10.6500244140625,42.51821517944336,137.90576171875,10.180000305175781,2.243000030517578,1.0180000066757202,56.16577911376953,89.30341339111328
2017-09-20,3905.949951171875,37.44212341308594,67.88973999023438,123.62000274658203,10.59604263305664,41.95344924926758,137.4801483154297,9.779999732971191,2.2769999504089355,1.0199999809265137,56.15943145751953,89.19265747070312
2017-09-21,3631.0400390625,37.44212341308594,67.6958236694336,122.68000030517578,10.56519603729248,41.87538528442383,136.6382598876953,9.670000076293945,2.2780001163482666,1.0080000162124634,56.0895881652832,89.19265747070312
2017-09-22,3630.699951171875,37.22882843017578,67.9161605834961,123.23999786376953,10.588332176208496,42.04528045654297,136.505859375,9.59000015258789,2.26200008392334,1.003000020980835,56.14670181274414,89.310791015625
2017-09-23,3792.39990234375,37.22882843017578,67.9161605834961,123.23999786376953,10.588332176208496,42.04528045654297,136.505859375,9.59000015258789,2.26200008392334,1.003000020980835,56.14670181274414,89.310791015625
2017-09-24,3682.840087890625,37.22882843017578,67.9161605834961,123.23999786376953,10.588332176208496,42.04528045654297,136.505859375,9.59000015258789,2.26200008392334,1.003000020980835,56.14670181274414,89.310791015625
2017-09-25,3926.070068359375,36.597129821777344,67.98667907714844,124.52999877929688,10.480365753173828,41.20042419433594,135.0681915283203,10.210000038146973,2.2200000286102295,0.9980000257492065,56.178462982177734,89.64292907714844
2017-09-26,3892.35009765625,36.49869155883789,68.06636047363281,123.13999938964844,10.410961151123047,41.25093460083008,135.4181671142578,10.170000076293945,2.2290000915527344,1.0429999828338623,56.24831008911133,89.62820434570312
2017-09-27,4200.669921875,36.367427825927734,68.29652404785156,121.9800033569336,10.295282363891602,42.18302536010742,136.6382598876953,9.869999885559082,2.309000015258789,1.0379999876022339,56.27368927001953,89.2812728881836
2017-09-28,4174.72998046875,36.34281539916992,68.2257080078125,122.20999908447266,10.33383846282959,42.45392608642578,136.59100341796875,9.550000190734863,2.309000015258789,1.0299999713897705,56.27368927001953,89.41411590576172
2017-09-29,4163.06982421875,36.76121139526367,68.28765106201172,121.58000183105469,10.256722450256348,42.84880828857422,137.5746612548828,9.510000228881836,2.3259999752044678,1.027999997138977,56.35627746582031,89.49530792236328
2017-09-30,4338.7099609375,36.76121139526367,68.28765106201172,121.58000183105469,10.256722450256348,42.84880828857422,137.5746612548828,9.510000228881836,2.3259999752044678,1.027999997138977,56.35627746582031,89.49530792236328
2017-10-01,4403.740234375,36.76121139526367,68.28765106201172,121.58000183105469,10.256722450256348,42.84880828857422,137.5746612548828,9.510000228881836,2.3259999752044678,1.027999997138977,56.35627746582031,89.49530792236328
2017-10-02,4409.31982421875,36.769412994384766,68.67716979980469,120.7699966430664,10.24129867553711,43.133487701416016,137.69761657714844,9.449999809265137,2.3369998931884766,1.0130000114440918,56.32754898071289,89.5789566040039
2017-10-03,4317.47998046875,37.35188293457031,68.84534454345703,120.83000183105469,9.855707168579102,43.27583312988281,137.9908905029297,9.510000228881836,2.3340001106262207,1.034999966621399,56.42955780029297,89.77882385253906
2017-10-04,4229.35986328125,37.34368133544922,68.96929931640625,121.16999816894531,9.986807823181152,43.340110778808594,138.12332153320312,9.630000114440918,2.3299999237060547,1.0429999828338623,56.37218475341797,89.72700500488281
2017-10-05,4328.41015625,37.62260818481445,69.4030532836914,120.5199966430664,9.97138500213623,43.38602066040039,139.4758758544922,9.1899995803833,2.3499999046325684,1.0429999828338623,56.44231033325195,89.60116577148438
2017-10-06,4370.81005859375,37.433929443359375,69.27027893066406,121.08999633789062,9.948248863220215,43.560508728027344,139.66500854492188,9.649999618530273,2.369999885559082,1.0429999828338623,56.35942840576172,89.52714538574219
2017-10-07,4426.89013671875,37.433929443359375,69.27027893066406,121.08999633789062,9.948248863220215,43.560508728027344,139.66500854492188,9.649999618530273,2.369999885559082,1.0429999828338623,56.35942840576172,89.52714538574219
2017-10-08,4610.47998046875,37.433929443359375,69.27027893066406,121.08999633789062,9.948248863220215,43.560508728027344,139.66500854492188,9.649999618530273,2.369999885559082,1.0429999828338623,56.35942840576172,89.52714538574219
2017-10-09,4772.02001953125,37.40930938720703,69.34109497070312,122.08000183105469,9.863418579101562,43.877323150634766,139.5042724609375,10.329999923706055,2.3610000610351562,1.0449999570846558,56.36581039428711,89.60116577148438
2017-10-10,4781.990234375,37.77848815917969,69.63325500488281,122.4000015258789,9.886554718017578,44.10231399536133,139.60829162597656,10.079999923706055,2.3450000286102295,1.0549999475479126,56.41042709350586,89.66036987304688
2017-10-11,4826.47998046875,37.95075225830078,69.80142974853516,122.79000091552734,9.840285301208496,44.41454315185547,140.0244903564453,9.850000381469727,2.3450000286102295,1.0679999589920044,56.35304260253906,89.61598205566406
2017-10-12,5446.91015625,37.934349060058594,69.81031036376953,122.88999938964844,9.817148208618164,44.32271194458008,139.76907348632812,9.90999984741211,2.322999954223633,1.0529999732971191,56.2893180847168,89.63813781738281
2017-10-13,5647.2099609375,38.27891540527344,69.85454559326172,123.81999969482422,9.832571983337402,44.625762939453125,140.30824279785156,9.609999656677246,2.2799999713897705,1.0499999523162842,56.31481170654297,89.99346160888672
2017-10-14,5831.7900390625,38.27891540527344,69.85454559326172,123.81999969482422,9.832571983337402,44.625762939453125,140.30824279785156,9.609999656677246,2.2799999713897705,1.0499999523162842,56.31481170654297,89.99346160888672
2017-10-15,5678.18994140625,38.27891540527344,69.85454559326172,123.81999969482422,9.832571983337402,44.625762939453125,140.30824279785156,9.609999656677246,2.2799999713897705,1.0499999523162842,56.31481170654297,89.99346160888672
2017-10-16,5725.58984375,38.254302978515625,69.83686828613281,122.97000122070312,9.740031242370605,44.86452102661133,140.7906036376953,9.90999984741211,2.306999921798706,1.0549999475479126,56.346675872802734,89.86763000488281
2017-10-17,5605.509765625,38.057411193847656,69.92537689208984,122.12999725341797,9.747743606567383,44.85533905029297,140.97036743164062,10.3100004196167,2.2980000972747803,1.0729999542236328,56.42955780029297,89.85279846191406
2017-10-18,5590.68994140625,38.14765548706055,70.01390075683594,121.66999816894531,9.801726341247559,45.02063751220703,140.80001831054688,10.069999694824219,2.3389999866485596,1.0679999589920044,56.4869384765625,89.71961975097656
2017-10-19,5708.52001953125,37.811302185058594,70.12896728515625,122.38999938964844,9.747743606567383,44.928802490234375,140.27978515625,10.050000190734863,2.321000099182129,1.065000057220459,56.49330139160156,89.85279846191406
2017-10-20,6011.4501953125,37.95075225830078,70.4476547241211,121.61000061035156,9.740031242370605,45.172149658203125,140.658203125,9.970000267028809,2.38100004196167,1.0750000476837158,56.54433822631836,89.60858154296875
2017-10-21,6031.60009765625,37.95075225830078,70.4476547241211,121.61000061035156,9.740031242370605,45.172149658203125,140.658203125,9.970000267028809,2.38100004196167,1.0750000476837158,56.54433822631836,89.60858154296875
2017-10-22,6008.419921875,37.95075225830078,70.4476547241211,121.61000061035156,9.740031242370605,45.172149658203125,140.658203125,9.970000267028809,2.38100004196167,1.0750000476837158,56.54433822631836,89.60858154296875
2017-10-23,5930.31982421875,37.64722442626953,70.33256530761719,121.80000305175781,9.709182739257812,45.342044830322266,139.74069213867188,11.069999694824219,2.375999927520752,1.0700000524520874,56.4805793762207,89.69738006591797
2017-10-24,5526.64013671875,37.64722442626953,70.35912322998047,121.33000183105469,9.639778137207031,45.61754608154297,139.97720336914062,11.15999984741211,2.4059998989105225,1.0980000495910645,56.4805793762207,89.47537994384766
2017-10-25,5750.7998046875,37.5651741027832,70.16437530517578,121.3499984741211,9.547233581542969,45.03900146484375,139.4474639892578,11.229999542236328,2.444000005722046,1.0829999446868896,56.321189880371094,89.23847961425781
2017-10-26,5904.830078125,37.31086349487305,70.27947235107422,120.33000183105469,9.547233581542969,45.2823600769043,139.0029296875,11.300000190734863,2.4519999027252197,1.0800000429153442,56.25106430053711,89.23107147216797
2017-10-27,5780.89990234375,37.85232162475586,70.4476547241211,120.9000015258789,9.308167457580566,46.191490173339844,143.0511932373047,9.800000190734863,2.427999973297119,1.0729999542236328,56.404056549072266,89.49752044677734
2017-10-28,5753.08984375,37.85232162475586,70.4476547241211,120.9000015258789,9.308167457580566,46.191490173339844,143.0511932373047,9.800000190734863,2.427999973297119,1.0729999542236328,56.404056549072266,89.49752044677734
2017-10-29,6153.85009765625,37.85232162475586,70.4476547241211,120.9000015258789,9.308167457580566,46.191490173339844,143.0511932373047,9.800000190734863,2.427999973297119,1.0729999542236328,56.404056549072266,89.49752044677734
2017-10-30,6130.52978515625,37.61440658569336,70.21749877929688,121.12999725341797,9.153931617736816,46.20985794067383,143.37281799316406,10.5,2.369999885559082,1.0750000476837158,56.391334533691406,89.79363250732422
2017-10-31,6468.39990234375,37.967159271240234,70.27947235107422,120.66999816894531,9.207913398742676,46.65524673461914,143.9119873046875,10.180000305175781,2.375999927520752,1.1230000257492065,56.404056549072266,89.66777038574219
2017-11-01,6767.31005859375,38.1640625,70.31485748291016,121.11000061035156,9.31588077545166,46.531272888183594,143.86463928222656,10.199999809265137,2.375999927520752,1.1380000114440918,56.35029602050781,89.80953979492188
2017-11-02,7078.5,38.21328353881836,70.4476547241211,121.19000244140625,9.400708198547363,46.75166702270508,143.59036254882812,9.930000305175781,2.3469998836517334,1.1380000114440918,56.31829071044922,89.79469299316406
2017-11-03,7207.759765625,38.016387939453125,70.57160186767578,120.62000274658203,9.346726417541504,47.265933990478516,144.9712677001953,9.140000343322754,2.3429999351501465,1.1480000019073486,56.32467269897461,89.89859771728516
2017-11-04,7379.9501953125,38.016387939453125,70.57160186767578,120.62000274658203,9.346726417541504,47.265933990478516,144.9712677001953,9.140000343322754,2.3429999351501465,1.1480000019073486,56.32467269897461,89.89859771728516
2017-11-05,7407.41015625,38.016387939453125,70.57160186767578,120.62000274658203,9.346726417541504,47.265933990478516,144.9712677001953,9.140000343322754,2.3429999351501465,1.1480000019073486,56.32467269897461,89.89859771728516
2017-11-06,7022.759765625,38.442989349365234,70.66011810302734,121.6500015258789,9.485539436340332,47.87660598754883,145.46311950683594,9.399999618530273,2.319999933242798,1.1579999923706055,56.33108139038086,89.92084503173828
2017-11-07,7144.3798828125,38.19688034057617,70.55388641357422,121.20999908447266,9.585794448852539,47.78018569946289,145.54824829101562,9.890000343322754,2.306999921798706,1.187999963760376,56.171024322509766,89.84666442871094
2017-11-08,7459.68994140625,38.377357482910156,70.80175018310547,121.62999725341797,9.747743606567383,47.890384674072266,146.1346893310547,9.779999732971191,2.325000047683716,1.1950000524520874,55.921348571777344,89.72789764404297
2017-11-09,7143.580078125,38.13945007324219,70.53617095947266,122.12999725341797,10.881379127502441,46.958290100097656,145.3685302734375,10.5,2.3310000896453857,1.2029999494552612,55.64605712890625,89.49042510986328
2017-11-10,6618.14013671875,37.97536849975586,70.62471008300781,121.12999725341797,10.835107803344727,47.22919464111328,145.35910034179688,11.289999961853027,2.4000000953674316,1.2000000476837158,55.7677116394043,88.9782943725586
2017-11-11,6357.60009765625,37.97536849975586,70.62471008300781,121.12999725341797,10.835107803344727,47.22919464111328,145.35910034179688,11.289999961853027,2.4000000953674316,1.2000000476837158,55.7677116394043,88.9782943725586
2017-11-12,5950.06982421875,37.97536849975586,70.62471008300781,121.12999725341797,10.835107803344727,47.22919464111328,145.35910034179688,11.289999961853027,2.4000000953674316,1.2000000476837158,55.7677116394043,88.9782943725586
2017-11-13,6559.490234375,37.893333435058594,70.68667602539062,121.30999755859375,10.588332176208496,47.426631927490234,145.53875732421875,11.5,2.4000000953674316,1.184999942779541,55.72929000854492,88.9931640625
2017-11-14,6635.75,37.639015197753906,70.71321868896484,121.55999755859375,10.349264144897461,47.426631927490234,145.0090789794922,11.59000015258789,2.38100004196167,1.2400000095367432,55.492401123046875,89.01543426513672
2017-11-15,7315.5400390625,37.44212341308594,70.29716491699219,121.41000366210938,10.179605484008789,46.985843658447266,144.32810974121094,13.130000114440918,2.3350000381469727,1.2300000190734863,55.492401123046875,89.3939208984375
2017-11-16,7871.68994140625,38.221492767333984,70.82830810546875,121.4000015258789,10.488076210021973,48.15210723876953,146.1725311279297,11.760000228881836,2.3610000610351562,1.2300000190734863,56.03658676147461,89.29000854492188
2017-11-17,7708.990234375,38.41017150878906,70.837158203125,122.86000061035156,10.889092445373535,47.408267974853516,145.6144561767578,11.430000305175781,2.3540000915527344,1.2400000095367432,55.998172760009766,89.40132141113281
2017-11-18,7790.14990234375,38.41017150878906,70.837158203125,122.86000061035156,10.889092445373535,47.408267974853516,145.6144561767578,11.430000305175781,2.3540000915527344,1.2400000095367432,55.998172760009766,89.40132141113281
2017-11-19,8036.490234375,38.41017150878906,70.837158203125,122.86000061035156,10.889092445373535,47.408267974853516,145.6144561767578,11.430000305175781,2.3540000915527344,1.2400000095367432,55.998172760009766,89.40132141113281
2017-11-20,8200.6396484375,38.60706329345703,70.96995544433594,121.30999755859375,10.889092445373535,47.98221969604492,145.50099182128906,10.649999618530273,2.371999979019165,1.2400000095367432,56.01097106933594,89.40132141113281
2017-11-21,8071.259765625,39.1239013671875,71.4125747680664,121.51000213623047,11.313241958618164,48.4735221862793,147.08053588867188,9.729999542236328,2.36299991607666,1.277999997138977,56.126197814941406,89.69820404052734
2017-11-22,8253.5498046875,39.22235107421875,71.26209259033203,122.62999725341797,11.899341583251953,48.156700134277344,147.26028442382812,9.880000114440918,2.322000026702881,1.2649999856948853,56.21584701538086,90.04700469970703
2017-11-23,8038.77001953125,39.22235107421875,71.26209259033203,122.62999725341797,11.899341583251953,48.156700134277344,147.26028442382812,9.880000114440918,2.322000026702881,1.2649999856948853,56.21584701538086,90.04700469970703
2017-11-24,8253.6904296875,39.14031219482422,71.38600158691406,122.31999969482422,11.721967697143555,48.56534957885742,147.7993621826172,9.670000076293945,2.3399999141693115,1.2400000095367432,56.2542610168457,89.94312286376953
2017-11-25,8790.919921875,39.14031219482422,71.38600158691406,122.31999969482422,11.721967697143555,48.56534957885742,147.7993621826172,9.670000076293945,2.3399999141693115,1.2400000095367432,56.2542610168457,89.94312286376953
2017-11-26,9330.5498046875,39.14031219482422,71.38600158691406,122.31999969482422,11.721967697143555,48.56534957885742,147.7993621826172,9.670000076293945,2.3399999141693115,1.2400000095367432,56.2542610168457,89.94312286376953
2017-11-27,9818.349609375,38.566043853759766,71.36829376220703,122.83000183105469,11.051039695739746,47.81232833862305,147.7332000732422,9.869999885559082,2.328000068664551,1.2230000495910645,56.08139419555664,89.89116668701172
2017-11-28,10058.7998046875,38.853179931640625,72.13848114013672,122.80999755859375,11.166717529296875,47.77100372314453,148.1115264892578,10.029999732971191,2.3380000591278076,1.2649999856948853,56.2542610168457,90.01734924316406
2017-11-29,9888.6103515625,38.23789978027344,72.27127075195312,122.04000091552734,11.0664644241333,45.74610137939453,145.52932739257812,10.699999809265137,2.375999927520752,1.2580000162124634,56.183834075927734,89.6611099243164
2017-11-30,10233.599609375,37.81950378417969,72.81127166748047,121.0999984741211,11.012479782104492,46.03078842163086,146.74949645996094,11.279999732971191,2.4170000553131104,1.2380000352859497,56.19664001464844,89.55722045898438
2017-12-01,10975.599609375,37.606197357177734,72.83780670166016,121.58999633789062,10.99705696105957,45.63132095336914,146.12521362304688,11.430000305175781,2.361999988555908,1.2350000143051147,56.178653717041016,89.83403778076172
2017-12-02,11074.599609375,37.606197357177734,72.83780670166016,121.58999633789062,10.99705696105957,45.63132095336914,146.12521362304688,11.430000305175781,2.361999988555908,1.2350000143051147,56.178653717041016,89.83403778076172
2017-12-03,11323.2001953125,37.606197357177734,72.83780670166016,121.58999633789062,10.99705696105957,45.63132095336914,146.12521362304688,11.430000305175781,2.361999988555908,1.2350000143051147,56.178653717041016,89.83403778076172
2017-12-04,11657.2001953125,37.68003463745117,72.89092254638672,121.18000030517578,12.369762420654297,44.6624870300293,144.44166564941406,11.680000305175781,2.378999948501587,1.2450000047683716,56.15937423706055,89.97537994384766
2017-12-05,11916.7001953125,37.655426025390625,72.70503234863281,120.31999969482422,12.184676170349121,44.6624870300293,144.53619384765625,11.329999923706055,2.3559999465942383,1.2829999923706055,56.1272087097168,90.14653778076172
2017-12-06,14291.5,37.14678192138672,72.66075897216797,120.06999969482422,11.752817153930664,44.76350784301758,145.18885803222656,11.020000457763672,2.3299999237060547,1.2630000114440918,56.07577133178711,90.3177261352539
2017-12-07,17899.69921875,37.25343704223633,72.94403839111328,118.48999786376953,11.876205444335938,45.20429229736328,145.68064880371094,10.15999984741211,2.375999927520752,1.2599999904632568,56.10148239135742,90.13911437988281
2017-12-08,16569.400390625,37.68824005126953,73.28043365478516,118.4800033569336,12.061288833618164,44.9976806640625,146.3238067626953,9.579999923706055,2.382999897003174,1.253000020980835,56.15937423706055,90.02748107910156
2017-12-09,15178.2001953125,37.68824005126953,73.28043365478516,118.4800033569336,12.061288833618164,44.9976806640625,146.3238067626953,9.579999923706055,2.382999897003174,1.253000020980835,56.15937423706055,90.02748107910156
2017-12-10,15455.400390625,37.68824005126953,73.28043365478516,118.4800033569336,12.061288833618164,44.9976806640625,146.3238067626953,9.579999923706055,2.382999897003174,1.253000020980835,56.15937423706055,90.02748107910156
2017-12-11,16936.80078125,37.876922607421875,73.4132308959961,118.01000213623047,12.531708717346191,45.27317428588867,147.4588623046875,9.34000015258789,2.384999990463257,1.2630000114440918,56.17220687866211,90.09447479248047
2017-12-12,17415.400390625,37.62260818481445,73.44863891601562,118.1500015258789,12.315778732299805,44.82778549194336,147.26028442382812,9.920000076293945,2.4030001163482666,1.309999942779541,56.14646911621094,90.02748107910156
2017-12-13,16408.19921875,38.07381820678711,73.48403930664062,119.16999816894531,12.284931182861328,44.85533905029297,147.54403686523438,10.180000305175781,2.3489999771118164,1.2730000019073486,56.178653717041016,90.34007263183594
2017-12-14,16564.0,37.79489517211914,73.18306732177734,118.93000030517578,12.477726936340332,44.83696746826172,147.43995666503906,10.489999771118164,2.3459999561309814,1.2829999923706055,56.06288528442383,90.5037612915039
2017-12-15,17706.900390625,37.876922607421875,73.73190307617188,119.18000030517578,12.354336738586426,45.57162094116211,149.11412048339844,9.420000076293945,2.3550000190734863,1.284999966621399,56.06932067871094,90.63028717041016
2017-12-16,19497.400390625,37.876922607421875,73.73190307617188,119.18000030517578,12.354336738586426,45.57162094116211,149.11412048339844,9.420000076293945,2.3550000190734863,1.284999966621399,56.06932067871094,90.63028717041016
2017-12-17,19140.80078125,37.876922607421875,73.73190307617188,119.18000030517578,12.354336738586426,45.57162094116211,149.11412048339844,9.420000076293945,2.3550000190734863,1.284999966621399,56.06932067871094,90.63028717041016
2017-12-18,19114.19921875,38.30352020263672,74.1745376586914,119.7300033569336,12.308066368103027,46.37544631958008,150.36434936523438,9.529999732971191,2.3919999599456787,1.315000057220459,56.1272087097168,90.36234283447266
2017-12-19,17776.69921875,38.10114669799805,74.03289031982422,119.81999969482422,12.308066368103027,46.3521614074707,149.47337341308594,10.029999732971191,2.4630000591278076,1.3530000448226929,56.011474609375,89.90100860595703
2017-12-20,16624.599609375,38.15111541748047,74.00633239746094,120.13999938964844,12.207813262939453,46.65487289428711,149.31224060058594,9.720000267028809,2.496999979019165,1.350000023841858,56.056488037109375,89.66291046142578
2017-12-21,15802.900390625,38.40095901489258,73.96009063720703,120.30999755859375,12.115270614624023,46.161216735839844,149.3311767578125,9.619999885559082,2.4809999465942383,1.3200000524520874,56.115203857421875,89.90450286865234
2017-12-22,13831.7998046875,38.72576141357422,73.90673828125,120.94000244140625,11.829933166503906,46.179847717285156,149.16050720214844,9.899999618530273,2.484999895095825,1.2979999780654907,56.16689682006836,89.97161102294922
2017-12-23,14699.2001953125,38.72576141357422,73.90673828125,120.94000244140625,11.829933166503906,46.179847717285156,149.16050720214844,9.899999618530273,2.484999895095825,1.2979999780654907,56.16689682006836,89.97161102294922
2017-12-24,13925.7998046875,38.72576141357422,73.90673828125,120.94000244140625,11.829933166503906,46.179847717285156,149.16050720214844,9.899999618530273,2.484999895095825,1.2979999780654907,56.16689682006836,89.97161102294922
2017-12-25,14026.599609375,38.72576141357422,73.90673828125,120.94000244140625,11.829933166503906,46.179847717285156,149.16050720214844,9.899999618530273,2.484999895095825,1.2979999780654907,56.16689682006836,89.97161102294922
2017-12-26,16099.7998046875,38.69243621826172,73.92453002929688,121.7699966430664,11.77595043182373,45.65824890136719,148.3549346923828,10.25,2.4670000076293945,1.3029999732971191,56.250789642333984,90.0909194946289
2017-12-27,15838.5,38.792381286621094,74.00456237792969,122.2300033569336,11.629426002502441,45.80728530883789,148.37387084960938,10.470000267028809,2.4140000343322754,1.4079999923706055,56.27663040161133,90.5905532836914
2017-12-28,14606.5,39.05888748168945,74.09349822998047,122.8499984741211,11.760093688964844,45.974937438964844,148.553955078125,10.180000305175781,2.431999921798706,1.3700000047683716,56.250789642333984,90.5309066772461
2017-12-29,14656.2001953125,39.24209976196289,73.71997833251953,123.6500015258789,11.84668254852295,45.5511360168457,147.63458251953125,11.039999961853027,2.4049999713897705,1.3550000190734863,56.334739685058594,90.65020751953125
2017-12-30,12952.2001953125,39.24209976196289,73.71997833251953,123.6500015258789,11.84668254852295,45.5511360168457,147.63458251953125,11.039999961853027,2.4049999713897705,1.3550000190734863,56.334739685058594,90.65020751953125
2017-12-31,14156.400390625,39.24209976196289,73.71997833251953,123.6500015258789,11.84668254852295,45.5511360168457,147.63458251953125,11.039999961853027,2.4049999713897705,1.3550000190734863,56.334739685058594,90.65020751953125
2018-01-01,13657.2001953125,39.24209976196289,73.71997833251953,123.6500015258789,11.84668254852295,45.5511360168457,147.63458251953125,11.039999961853027,2.4049999713897705,1.3550000190734863,56.334739685058594,90.65020751953125
2018-01-02,14982.099609375,39.983299255371094,74.05792999267578,125.1500015258789,12.342588424682617,46.74335479736328,150.2221221923828,9.770000457763672,2.4649999141693115,1.378000020980835,56.38637924194336,90.04617309570312
2018-01-03,15201.0,40.36640167236328,74.58258056640625,124.81999969482422,12.366204261779785,47.404666900634766,151.6818084716797,9.149999618530273,2.447000026702881,1.3700000047683716,56.657527923583984,90.21025085449219
2018-01-04,15599.2001953125,40.5662727355957,74.92051696777344,125.45999908447266,12.460662841796875,47.64683532714844,151.94725036621094,9.220000267028809,2.453000068664551,1.3700000047683716,56.75438690185547,90.18045043945312
2018-01-05,17429.5,40.916053771972656,75.40960693359375,125.33000183105469,12.460662841796875,47.954200744628906,153.47315979003906,9.220000267028809,2.4760000705718994,1.3700000047683716,56.793087005615234,90.15056610107422
2018-01-06,17527.0,40.916053771972656,75.40960693359375,125.33000183105469,12.460662841796875,47.954200744628906,153.47315979003906,9.220000267028809,2.4760000705718994,1.3700000047683716,56.793087005615234,90.15056610107422
2018-01-07,16477.599609375,40.916053771972656,75.40960693359375,125.33000183105469,12.460662841796875,47.954200744628906,153.47315979003906,9.220000267028809,2.4760000705718994,1.3700000047683716,56.793087005615234,90.15056610107422
2018-01-08,15170.099609375,40.916053771972656,75.64080810546875,125.30999755859375,12.311102867126465,48.28485870361328,154.0703582763672,9.520000457763672,2.4800000190734863,1.3799999952316284,56.747920989990234,90.14310455322266
2018-01-09,14595.400390625,40.84943389892578,75.87200927734375,124.7300033569336,11.870295524597168,47.8331184387207,154.07980346679688,10.079999923706055,2.5460000038146973,1.4149999618530273,56.5736083984375,89.81499481201172
2018-01-10,14973.2998046875,40.59125900268555,75.729736328125,125.02999877929688,11.972626686096191,47.19974899291992,153.7196044921875,9.819999694824219,2.549999952316284,1.3949999809265137,56.45094299316406,89.87467956542969
2018-01-11,13405.7998046875,40.84110641479492,76.12991333007812,125.44000244140625,11.980498313903809,47.42329788208008,154.77166748046875,9.880000114440918,2.5309998989105225,1.402999997138977,56.638153076171875,90.0909194946289
2018-01-12,13980.599609375,41.23252868652344,76.6812515258789,126.95999908447266,12.027727127075195,47.66545867919922,155.9091339111328,10.15999984741211,2.552000045776367,1.409999966621399,56.54127883911133,90.1058349609375
2018-01-13,14360.2001953125,41.23252868652344,76.6812515258789,126.95999908447266,12.027727127075195,47.66545867919922,155.9091339111328,10.15999984741211,2.552000045776367,1.409999966621399,56.54127883911133,90.1058349609375
2018-01-14,13772.0,41.23252868652344,76.6812515258789,126.95999908447266,12.027727127075195,47.66545867919922,155.9091339111328,10.15999984741211,2.552000045776367,1.409999966621399,56.54127883911133,90.1058349609375
2018-01-15,13819.7998046875,41.23252868652344,76.6812515258789,126.95999908447266,12.027727127075195,47.66545867919922,155.9091339111328,10.15999984741211,2.552000045776367,1.409999966621399,56.54127883911133,90.1058349609375
2018-01-16,11490.5,41.07429122924805,76.41446685791016,127.16999816894531,11.445232391357422,47.88434982299805,155.46363830566406,11.65999984741211,2.5439999103546143,1.3949999809265137,56.509029388427734,90.18785858154297
2018-01-17,11188.599609375,41.6156120300293,77.4815444946289,126.13999938964844,11.752224922180176,49.3140754699707,157.141357421875,11.90999984741211,2.578000068664551,1.4149999618530273,56.515464782714844,89.94178009033203
2018-01-18,11474.900390625,41.665584564208984,77.25926971435547,125.86000061035156,11.516077041625977,49.67732238769531,157.16981506347656,12.220000267028809,2.6110000610351562,1.4049999713897705,56.45743179321289,89.59131622314453
2018-01-19,11607.400390625,42.00703430175781,77.74834442138672,126.41999816894531,11.468847274780273,49.72390365600586,157.6626434326172,11.270000457763672,2.63700008392334,1.402999997138977,56.515464782714844,89.31535339355469
2018-01-20,12899.2001953125,42.00703430175781,77.74834442138672,126.41999816894531,11.468847274780273,49.72390365600586,157.6626434326172,11.270000457763672,2.63700008392334,1.402999997138977,56.515464782714844,89.31535339355469
2018-01-21,11600.099609375,42.00703430175781,77.74834442138672,126.41999816894531,11.468847274780273,49.72390365600586,157.6626434326172,11.270000457763672,2.63700008392334,1.402999997138977,56.515464782714844,89.31535339355469
2018-01-22,10931.400390625,42.24855041503906,78.15744018554688,126.6500015258789,11.523947715759277,50.21289825439453,159.34979248046875,11.029999732971191,2.6649999618530273,1.3899999856948853,56.56713104248047,89.23332977294922
2018-01-23,10868.400390625,42.448429107666016,78.17522430419922,127.27999877929688,11.523947715759277,50.53889083862305,160.667236328125,11.100000381469727,2.624000072479248,1.4129999876022339,56.735015869140625,89.62112426757812
2018-01-24,11359.400390625,42.80653762817383,77.9706802368164,128.8300018310547,11.689249992370605,49.51433563232422,159.62464904785156,11.470000267028809,2.6540000438690186,1.409999966621399,56.651092529296875,89.5614013671875
2018-01-25,11259.400390625,42.78155517578125,77.98846435546875,127.97000122070312,11.390130996704102,48.71331024169922,159.56781005859375,11.579999923706055,2.621000051498413,1.3930000066757202,56.612342834472656,90.01634979248047
2018-01-26,11171.400390625,43.37284851074219,78.79767608642578,128.07000732421875,11.248444557189941,50.264122009277344,162.01319885253906,11.079999923706055,2.6619999408721924,1.3880000114440918,56.657527923583984,89.89704132080078
2018-01-27,11440.7001953125,43.37284851074219,78.79767608642578,128.07000732421875,11.248444557189941,50.264122009277344,162.01319885253906,11.079999923706055,2.6619999408721924,1.3880000114440918,56.657527923583984,89.89704132080078
2018-01-28,11786.2998046875,43.37284851074219,78.79767608642578,128.07000732421875,11.248444557189941,50.264122009277344,162.01319885253906,11.079999923706055,2.6619999408721924,1.3880000114440918,56.657527923583984,89.89704132080078
2018-01-29,11296.400390625,42.714935302734375,78.10407257080078,127.3499984741211,11.043783187866211,50.170982360839844,161.2265167236328,13.84000015258789,2.6989998817443848,1.375,56.45743179321289,89.65837097167969
2018-01-30,10106.2998046875,42.1319580078125,77.26817321777344,126.80000305175781,10.8863525390625,49.18833541870117,159.89955139160156,14.789999961853027,2.7260000705718994,1.4249999523162842,56.26373291015625,89.3526382446289
2018-01-31,10221.099609375,42.4984016418457,77.0903091430664,127.6500015258789,11.098884582519531,49.60281753540039,160.56301879882812,13.539999961853027,2.7200000286102295,1.4299999475479126,56.36054611206055,89.53910064697266
2018-02-01,9170.5400390625,41.92375564575195,77.15255737304688,128.07000732421875,11.091012001037598,49.300106048583984,159.19813537597656,13.470000267028809,2.7730000019073486,1.4529999494552612,56.25419998168945,89.14351654052734
2018-02-02,8830.75,40.84943389892578,75.5607681274414,126.38999938964844,10.6659517288208,47.9262580871582,156.0228729248047,17.309999465942383,2.8540000915527344,1.4500000476837158,55.89765548706055,88.68743896484375
2018-02-03,9174.91015625,40.84943389892578,75.5607681274414,126.38999938964844,10.6659517288208,47.9262580871582,156.0228729248047,17.309999465942383,2.8540000915527344,1.4500000476837158,55.89765548706055,88.68743896484375
2018-02-04,8277.009765625,40.84943389892578,75.5607681274414,126.38999938964844,10.6659517288208,47.9262580871582,156.0228729248047,17.309999465942383,2.8540000915527344,1.4500000476837158,55.89765548706055,88.68743896484375
2018-02-05,6955.27001953125,39.41699981689453,72.67066192626953,126.70999908447266,10.406187057495117,45.76536178588867,149.8714141845703,37.31999969482422,2.7939999103546143,1.4579999446868896,55.58646011352539,88.73976135253906
2018-02-06,7754.0,40.699520111083984,73.8000259399414,125.37999725341797,10.54000473022461,47.45123291015625,153.8428192138672,29.979999542236328,2.7679998874664307,1.4880000352859497,55.92357635498047,88.56034088134766
2018-02-07,7621.2998046875,39.41699981689453,73.53324127197266,124.79000091552734,10.477031707763672,46.1984748840332,151.8524169921875,27.729999542236328,2.8440001010894775,1.5149999856948853,55.71614456176758,88.31356811523438
2018-02-08,8265.58984375,38.051177978515625,70.98107147216797,124.9800033569336,10.217270851135254,44.358917236328125,145.44509887695312,33.459999084472656,2.8510000705718994,1.5149999856948853,55.22990798950195,87.93223571777344
2018-02-09,8736.98046875,38.65913391113281,72.14598846435547,124.7699966430664,10.028353691101074,45.51853561401367,147.956787109375,29.059999465942383,2.8289999961853027,1.524999976158142,55.07429885864258,87.64807891845703
2018-02-10,8621.900390625,38.65913391113281,72.14598846435547,124.7699966430664,10.028353691101074,45.51853561401367,147.956787109375,29.059999465942383,2.8289999961853027,1.524999976158142,55.07429885864258,87.64807891845703
2018-02-11,8129.97021484375,38.65913391113281,72.14598846435547,124.7699966430664,10.028353691101074,45.51853561401367,147.956787109375,29.059999465942383,2.8289999961853027,1.524999976158142,55.07429885864258,87.64807891845703
2018-02-12,8926.5703125,39.26708984375,73.00859069824219,125.37000274658203,10.170042037963867,46.4825553894043,150.58233642578125,25.610000610351562,2.8570001125335693,1.534999966621399,55.4503173828125,87.64807891845703
2018-02-13,8598.3095703125,39.56689453125,73.2753677368164,126.08000183105469,10.516389846801758,46.3894157409668,151.35960388183594,24.969999313354492,2.8399999141693115,1.5700000524520874,55.27526092529297,87.61819458007812
2018-02-14,9494.6298828125,40.55794143676758,74.23577880859375,128.22999572753906,10.799764633178711,47.37672424316406,154.193603515625,19.260000228881836,2.9130001068115234,1.5499999523162842,55.372501373291016,87.2966537475586
2018-02-15,10166.400390625,41.3907585144043,75.1517333984375,128.3800048828125,10.823380470275879,47.972835540771484,157.05601501464844,19.1299991607666,2.8910000324249268,1.559999942779541,55.819862365722656,87.70789337158203
2018-02-16,10233.900390625,41.257503509521484,75.19620513916016,127.95999908447266,10.595107078552246,47.8703727722168,156.3546600341797,19.459999084472656,2.877000093460083,1.5700000524520874,56.04678726196289,87.96958923339844
2018-02-17,11112.7001953125,41.257503509521484,75.19620513916016,127.95999908447266,10.595107078552246,47.8703727722168,156.3546600341797,19.459999084472656,2.877000093460083,1.5700000524520874,56.04678726196289,87.96958923339844
2018-02-18,10551.7998046875,41.257503509521484,75.19620513916016,127.95999908447266,10.595107078552246,47.8703727722168,156.3546600341797,19.459999084472656,2.877000093460083,1.5700000524520874,56.04678726196289,87.96958923339844
2018-02-19,11225.2998046875,41.257503509521484,75.19620513916016,127.95999908447266,10.595107078552246,47.8703727722168,156.3546600341797,19.459999084472656,2.877000093460083,1.5700000524520874,56.04678726196289,87.96958923339844
2018-02-20,11403.7001953125,40.69119644165039,74.77820587158203,126.23999786376953,10.516389846801758,48.8204231262207,156.6674346923828,20.600000381469727,2.8929998874664307,1.5729999542236328,55.85227584838867,87.59575653076172
2018-02-21,10690.400390625,40.65788269042969,74.28911590576172,125.66000366210938,10.421931266784668,48.28951644897461,156.221923828125,20.020000457763672,2.943000078201294,1.6080000400543213,55.59944534301758,87.11715698242188
2018-02-22,10005.0,40.682865142822266,74.31578826904297,126.30000305175781,10.477031707763672,48.12651062011719,156.20294189453125,18.719999313354492,2.9170000553131104,1.6050000190734863,55.63835525512695,87.23686218261719
2018-02-23,10301.099609375,41.40741729736328,75.52521514892578,126.13999938964844,10.587234497070312,49.206966400146484,159.39720153808594,16.489999771118164,2.871000051498413,1.6050000190734863,56.00789260864258,87.64060974121094
2018-02-24,9813.0703125,41.40741729736328,75.52521514892578,126.13999938964844,10.587234497070312,49.206966400146484,159.39720153808594,16.489999771118164,2.871000051498413,1.6050000190734863,56.00789260864258,87.64060974121094
2018-02-25,9664.73046875,41.40741729736328,75.52521514892578,126.13999938964844,10.587234497070312,49.206966400146484,159.39720153808594,16.489999771118164,2.871000051498413,1.6050000190734863,56.00789260864258,87.64060974121094
2018-02-26,10366.7001953125,41.790504455566406,76.3788833618164,126.44999694824219,10.44554615020752,50.19892501831055,161.51084899902344,15.800000190734863,2.8589999675750732,1.6080000400543213,56.105106353759766,87.75279998779297
2018-02-27,10725.599609375,40.57460403442383,75.52521514892578,125.12999725341797,10.177913665771484,50.01264572143555,159.51092529296875,18.59000015258789,2.9079999923706055,1.6349999904632568,55.956031799316406,87.37144470214844
2018-02-28,10397.900390625,39.99163055419922,74.8493881225586,125.0,10.020482063293457,49.616790771484375,158.48727416992188,19.850000381469727,2.868000030517578,1.6180000305175781,55.871734619140625,87.53594970703125
2018-03-01,10951.0,39.916683197021484,73.89783477783203,124.72000122070312,10.201526641845703,48.82508087158203,155.899658203125,22.469999313354492,2.803999900817871,1.590000033378601,55.50138854980469,87.4459457397461
2018-03-02,11086.400390625,40.083251953125,74.35137939453125,125.38999938964844,10.390445709228516,49.58884811401367,157.33090209960938,19.59000015258789,2.8570001125335693,1.6050000190734863,55.81382369995117,87.16848754882812
2018-03-03,11489.7001953125,40.083251953125,74.35137939453125,125.38999938964844,10.390445709228516,49.58884811401367,157.33090209960938,19.59000015258789,2.8570001125335693,1.6050000190734863,55.81382369995117,87.16848754882812
2018-03-04,11512.599609375,40.083251953125,74.35137939453125,125.38999938964844,10.390445709228516,49.58884811401367,157.33090209960938,19.59000015258789,2.8570001125335693,1.6050000190734863,55.81382369995117,87.16848754882812
2018-03-05,11573.2998046875,40.14153289794922,75.0716781616211,125.18000030517578,10.406187057495117,50.16167068481445,159.07489013671875,18.729999542236328,2.88100004196167,1.625,55.81382369995117,87.1385498046875
2018-03-06,10779.900390625,40.51630783081055,75.42737579345703,126.52999877929688,10.524261474609375,50.897491455078125,159.74786376953125,18.360000610351562,2.877000093460083,1.6430000066757202,55.891902923583984,87.2135009765625
2018-03-07,9965.5703125,40.55794143676758,75.32955169677734,125.72000122070312,10.524261474609375,51.11637878417969,160.1175537109375,17.760000228881836,2.882999897003174,1.649999976158142,55.75521469116211,87.18350982666016
2018-03-08,9395.009765625,40.5662727355957,75.80086517333984,125.41999816894531,10.26449966430664,51.13966369628906,160.99899291992188,16.540000915527344,2.865999937057495,1.6349999904632568,55.820316314697266,87.35596466064453
2018-03-09,9337.5498046875,41.43239974975586,77.0725326538086,125.54000091552734,10.35895824432373,52.126976013183594,164.1268768310547,14.640000343322754,2.8940000534057617,1.6349999904632568,56.02206802368164,87.04852294921875
2018-03-10,8866.0,41.43239974975586,77.0725326538086,125.54000091552734,10.35895824432373,52.126976013183594,164.1268768310547,14.640000343322754,2.8940000534057617,1.6349999904632568,56.02206802368164,87.04852294921875
2018-03-11,9578.6298828125,41.43239974975586,77.0725326538086,125.54000091552734,10.35895824432373,52.126976013183594,164.1268768310547,14.640000343322754,2.8940000534057617,1.6349999904632568,56.02206802368164,87.04852294921875
2018-03-12,9205.1201171875,41.53232955932617,77.06364440917969,125.54000091552734,10.280243873596191,52.657875061035156,164.99893188476562,15.779999732971191,2.869999885559082,1.6430000066757202,55.93096160888672,87.16102600097656
2018-03-13,9194.849609375,41.157562255859375,76.69902038574219,125.77999877929688,10.217270851135254,51.922054290771484,162.7525177001953,16.350000381469727,2.8480000495910645,1.690000057220459,55.75521469116211,87.16848754882812
2018-03-14,8269.8095703125,41.22419738769531,76.17438507080078,125.69999694824219,10.225143432617188,51.94999694824219,162.7240447998047,17.229999542236328,2.816999912261963,1.718000054359436,55.69011688232422,87.36344146728516
2018-03-15,8300.8603515625,41.07429122924805,76.1921615600586,124.9000015258789,10.170042037963867,51.90342330932617,162.58189392089844,16.59000015258789,2.8259999752044678,1.7330000400543213,55.72920608520508,87.45346069335938
2018-03-16,8338.349609375,40.98267364501953,76.3788833618164,124.5999984741211,10.114941596984863,51.884796142578125,162.09854125976562,15.800000190734863,2.8480000495910645,1.7380000352859497,55.84634780883789,87.55094909667969
2018-03-17,7916.8798828125,40.98267364501953,76.3788833618164,124.5999984741211,10.114941596984863,51.884796142578125,162.09854125976562,15.800000190734863,2.8480000495910645,1.7380000352859497,55.84634780883789,87.55094909667969
2018-03-18,8223.6796875,40.98267364501953,76.3788833618164,124.5999984741211,10.114941596984863,51.884796142578125,162.09854125976562,15.800000190734863,2.8480000495910645,1.7380000352859497,55.84634780883789,87.55094909667969
2018-03-19,8630.650390625,40.541290283203125,75.40960693359375,124.87000274658203,9.784335136413574,51.04185485839844,158.63995361328125,19.020000457763672,2.8450000286102295,1.7280000448226929,55.618526458740234,87.25852966308594
2018-03-20,8913.4697265625,40.99100875854492,75.7208480834961,124.30999755859375,9.721363067626953,51.38648223876953,159.1620635986328,18.200000762939453,2.878999948501587,1.7580000162124634,55.72920608520508,86.95104217529297
2018-03-21,8929.2802734375,41.23252868652344,75.5963363647461,126.4800033569336,9.965380668640137,51.49360656738281,158.4690399169922,17.860000610351562,2.9070000648498535,1.7100000381469727,55.74868392944336,86.8985595703125
2018-03-22,8728.4697265625,39.85839080810547,73.63748931884766,125.9800033569336,9.800079345703125,50.10578155517578,154.5576629638672,23.34000015258789,2.8320000171661377,1.6829999685287476,55.41678237915039,87.04852294921875
2018-03-23,8879.6201171875,39.050559997558594,71.99396514892578,127.61000061035156,9.516702651977539,48.48045349121094,150.48483276367188,24.8700008392334,2.8299999237060547,1.687999963760376,55.2735710144043,86.77111053466797
2018-03-24,8668.1201171875,39.050559997558594,71.99396514892578,127.61000061035156,9.516702651977539,48.48045349121094,150.48483276367188,24.8700008392334,2.8299999237060547,1.687999963760376,55.2735710144043,86.77111053466797
2018-03-25,8495.7802734375,39.050559997558594,71.99396514892578,127.61000061035156,9.516702651977539,48.48045349121094,150.48483276367188,24.8700008392334,2.8299999237060547,1.687999963760376,55.2735710144043,86.77111053466797
2018-03-26,8209.400390625,40.316429138183594,74.03052520751953,128.27999877929688,9.579675674438477,50.40849304199219,156.07662963867188,21.030000686645508,2.8429999351501465,1.7050000429153442,55.63157653808594,87.07853698730469
2018-03-27,7833.0400390625,39.583553314208984,72.93184661865234,127.48999786376953,9.516702651977539,48.67139434814453,151.02598571777344,22.5,2.7860000133514404,1.7330000400543213,55.57948684692383,87.39342498779297
2018-03-28,7954.47998046875,39.3836784362793,72.80679321289062,125.7300033569336,9.319914817810059,47.59095001220703,149.28860473632812,22.8700008392334,2.7750000953674316,1.6950000524520874,55.55345153808594,87.62590026855469
2018-03-29,7165.7001953125,40.20816421508789,73.87867736816406,125.79000091552734,9.500960350036621,48.56427764892578,152.0227813720703,19.969999313354492,2.740999937057495,1.6699999570846558,55.74220657348633,88.0233383178711
2018-03-30,6890.52001953125,40.20816421508789,73.87867736816406,125.79000091552734,9.500960350036621,48.56427764892578,152.0227813720703,19.969999313354492,2.740999937057495,1.6699999570846558,55.74220657348633,88.0233383178711
2018-03-31,6973.52978515625,40.20816421508789,73.87867736816406,125.79000091552734,9.500960350036621,48.56427764892578,152.0227813720703,19.969999313354492,2.740999937057495,1.6699999570846558,55.74220657348633,88.0233383178711
2018-04-01,6844.22998046875,40.20816421508789,73.87867736816406,125.79000091552734,9.500960350036621,48.56427764892578,152.0227813720703,19.969999313354492,2.740999937057495,1.6699999570846558,55.74220657348633,88.0233383178711
2018-04-02,7083.7998046875,39.483619689941406,72.11006164550781,127.26000213623047,9.524574279785156,46.78527069091797,147.63671875,23.6200008392334,2.7320001125335693,1.6829999685287476,55.5258674621582,87.97593688964844
2018-04-03,7456.10986328125,39.87504196166992,73.12836456298828,126.30000305175781,9.949639320373535,47.64683532714844,149.29811096191406,21.100000381469727,2.7839999198913574,1.7130000591278076,55.68272399902344,87.74285125732422
2018-04-04,6853.83984375,39.891700744628906,74.03944396972656,126.44999694824219,9.941766738891602,48.228973388671875,151.6525421142578,20.059999465942383,2.7880001068115234,1.6679999828338623,55.806915283203125,87.74285125732422
2018-04-05,6811.47021484375,39.99163055419922,74.3788833618164,125.80000305175781,10.233015060424805,47.698055267333984,152.51644897460938,18.940000534057617,2.8320000171661377,1.6749999523162842,55.85263442993164,87.77290344238281
2018-04-06,6636.31982421875,39.20878982543945,72.6995849609375,126.38999938964844,10.028353691101074,46.319557189941406,148.7000274658203,21.489999771118164,2.7750000953674316,1.6799999475479126,55.72845458984375,88.03609466552734
2018-04-07,6911.08984375,39.20878982543945,72.6995849609375,126.38999938964844,10.028353691101074,46.319557189941406,148.7000274658203,21.489999771118164,2.7750000953674316,1.6799999475479126,55.72845458984375,88.03609466552734
2018-04-08,7023.52001953125,39.20878982543945,72.6995849609375,126.38999938964844,10.028353691101074,46.319557189941406,148.7000274658203,21.489999771118164,2.7750000953674316,1.6799999475479126,55.72845458984375,88.03609466552734
2018-04-09,6770.72998046875,39.250423431396484,72.87825775146484,126.81999969482422,10.29598617553711,46.6362419128418,149.74429321289062,21.770000457763672,2.7860000133514404,1.6749999523162842,55.93759536743164,88.08121490478516
2018-04-10,6834.759765625,40.01661682128906,74.11985778808594,127.12000274658203,10.500645637512207,48.06131362915039,153.04812622070312,20.469999313354492,2.796999931335449,1.6950000524520874,56.14021301269531,88.10377502441406
2018-04-11,6968.31982421875,40.03327178955078,73.67321014404297,128.11000061035156,10.500645637512207,48.03803253173828,152.16526794433594,20.239999771118164,2.7899999618530273,1.6929999589920044,56.15983200073242,88.16397094726562
2018-04-12,7889.25,40.01661682128906,74.17342376708984,126.62000274658203,10.429801940917969,48.83439254760742,153.99752807617188,18.489999771118164,2.8340001106262207,1.7050000429153442,56.362449645996094,87.92328643798828
2018-04-13,7895.9599609375,39.61687469482422,73.89655303955078,127.44999694824219,10.374702453613281,48.37800216674805,153.2000274658203,17.40999984741211,2.8289999961853027,1.718000054359436,56.39510726928711,87.95340728759766
2018-04-14,7986.240234375,39.61687469482422,73.89655303955078,127.44999694824219,10.374702453613281,48.37800216674805,153.2000274658203,17.40999984741211,2.8289999961853027,1.718000054359436,56.39510726928711,87.95340728759766
2018-04-15,8329.1103515625,39.61687469482422,73.89655303955078,127.44999694824219,10.374702453613281,48.37800216674805,153.2000274658203,17.40999984741211,2.8289999961853027,1.718000054359436,56.39510726928711,87.95340728759766
2018-04-16,8058.669921875,39.666839599609375,74.47714233398438,127.62999725341797,10.862738609313965,48.475799560546875,154.36776733398438,16.559999465942383,2.8320000171661377,1.7130000591278076,56.4800910949707,87.96088409423828
2018-04-17,7902.08984375,39.7501220703125,75.1023941040039,127.75,11.004425048828125,49.36064529418945,157.69058227539062,15.25,2.813999891281128,1.7549999952316284,56.506229400634766,87.9684066772461
2018-04-18,8163.419921875,40.09156799316406,74.83442687988281,127.8499984741211,10.99655532836914,48.80179977416992,158.01341247558594,15.600000381469727,2.867000102996826,1.7699999809265137,56.447364807128906,87.51722717285156
2018-04-19,8294.3095703125,39.85839080810547,73.97692108154297,127.5999984741211,10.917840003967285,46.62692642211914,156.56082153320312,15.960000038146973,2.9140000343322754,1.7829999923706055,56.27092742919922,87.18635559082031
2018-04-20,8845.830078125,39.358699798583984,73.33379364013672,126.62999725341797,10.807637214660645,46.091365814208984,154.0829620361328,16.8799991607666,2.9509999752044678,1.7649999856948853,56.133670806884766,86.83291625976562
2018-04-21,8895.580078125,39.358699798583984,73.33379364013672,126.62999725341797,10.807637214660645,46.091365814208984,154.0829620361328,16.8799991607666,2.9509999752044678,1.7649999856948853,56.133670806884766,86.83291625976562
2018-04-22,8802.4599609375,39.358699798583984,73.33379364013672,126.62999725341797,10.807637214660645,46.091365814208984,154.0829620361328,16.8799991607666,2.9509999752044678,1.7649999856948853,56.133670806884766,86.83291625976562
2018-04-23,8930.8798828125,39.04222106933594,73.25340270996094,125.62000274658203,10.461288452148438,45.49525451660156,153.69369506835938,16.34000015258789,2.9730000495910645,1.7829999923706055,55.98335647583008,86.7952880859375
2018-04-24,9697.5,38.85901641845703,72.39591979980469,126.2300033569336,10.303857803344727,45.26240539550781,150.43739318847656,18.020000457763672,2.9830000400543213,1.8229999542236328,55.87226104736328,86.53963470458984
2018-04-25,8845.740234375,38.5591926574707,72.52098846435547,125.41000366210938,10.280243873596191,45.03419494628906,150.61773681640625,17.84000015258789,3.0239999294281006,1.815000057220459,55.8787841796875,86.2689208984375
2018-04-26,9281.509765625,39.11717987060547,73.27127838134766,124.97000122070312,10.248757362365723,45.979591369628906,153.7886505126953,16.239999771118164,2.990000009536743,1.784999966621399,56.07484817504883,86.52457427978516
2018-04-27,8987.0498046875,39.358699798583984,73.36952209472656,125.5,10.437675476074219,45.68153381347656,153.88360595703125,15.40999984741211,2.9570000171661377,1.7699999809265137,56.04873275756836,86.7201156616211
2018-04-28,9348.48046875,39.358699798583984,73.36952209472656,125.5,10.437675476074219,45.68153381347656,153.88360595703125,15.40999984741211,2.9570000171661377,1.7699999809265137,56.04873275756836,86.7201156616211
2018-04-29,9419.080078125,39.358699798583984,73.36952209472656,125.5,10.437675476074219,45.68153381347656,153.88360595703125,15.40999984741211,2.9570000171661377,1.7699999809265137,56.04873275756836,86.7201156616211
2018-04-30,9240.5498046875,39.075538635253906,72.91397094726562,124.58999633789062,10.500645637512207,45.24842834472656,152.7917938232422,15.930000305175781,2.936000108718872,1.7630000114440918,56.009483337402344,86.64490509033203
2018-05-01,9119.009765625,38.88399124145508,72.94971466064453,123.70999908447266,10.744665145874023,45.974937438964844,154.53858947753906,15.489999771118164,2.9760000705718994,1.809999942779541,56.05086898803711,86.41038513183594
2018-05-02,9235.919921875,38.57585906982422,72.70856475830078,123.6500015258789,11.059527397155762,45.6442756652832,153.62728881835938,15.970000267028809,2.9639999866485596,1.784999966621399,56.03116989135742,86.34252166748047
2018-05-03,9743.8603515625,38.49257278442383,72.7264175415039,124.27999877929688,10.972940444946289,45.75605010986328,153.60830688476562,15.899999618530273,2.946000099182129,1.7879999876022339,56.02458572387695,86.35755920410156
2018-05-04,9700.759765625,38.66747283935547,73.6196517944336,124.54000091552734,10.870609283447266,46.9436149597168,156.52288818359375,14.770000457763672,2.944000005722046,1.7929999828338623,56.063995361328125,86.47828674316406
2018-05-05,9858.150390625,38.66747283935547,73.6196517944336,124.54000091552734,10.870609283447266,46.9436149597168,156.52288818359375,14.770000457763672,2.944000005722046,1.7929999828338623,56.063995361328125,86.47828674316406
2018-05-06,9654.7998046875,38.66747283935547,73.6196517944336,124.54000091552734,10.870609283447266,46.9436149597168,156.52288818359375,14.770000457763672,2.944000005722046,1.7929999828338623,56.063995361328125,86.47828674316406
2018-05-07,9373.009765625,38.44260787963867,73.78931427001953,124.56999969482422,10.854865074157715,47.19509506225586,157.82350158691406,14.75,2.950000047683716,1.7929999828338623,56.11647415161133,86.38018798828125
2018-05-08,9234.8203125,38.65913391113281,73.8697280883789,124.58999633789062,10.524261474609375,47.52574920654297,157.66209411621094,14.710000038146973,2.9690001010894775,1.8350000381469727,56.03116989135742,86.35005950927734
2018-05-09,9325.1796875,38.73408508300781,74.4949951171875,124.33000183105469,10.75253677368164,48.20103073120117,159.38043212890625,13.420000076293945,3.003999948501587,1.8450000286102295,56.1230583190918,86.3349380493164
2018-05-10,9043.9404296875,39.54191589355469,75.09346008300781,125.18000030517578,10.854865074157715,49.00204849243164,161.03236389160156,13.229999542236328,2.9709999561309814,1.8450000286102295,56.287147521972656,86.77232360839844
2018-05-11,8441.490234375,39.47529602050781,75.29889678955078,125.0,10.839123725891113,48.62482452392578,160.88047790527344,12.649999618530273,2.9709999561309814,1.8600000143051147,56.2674446105957,86.9231948852539
2018-05-12,8504.8896484375,39.47529602050781,75.29889678955078,125.0,10.839123725891113,48.62482452392578,160.88047790527344,12.649999618530273,2.9709999561309814,1.8600000143051147,56.2674446105957,86.9231948852539
2018-05-13,8723.9404296875,39.47529602050781,75.29889678955078,125.0,10.839123725891113,48.62482452392578,160.88047790527344,12.649999618530273,2.9709999561309814,1.8600000143051147,56.2674446105957,86.9231948852539
2018-05-14,8716.7900390625,39.5252571105957,75.21849822998047,124.48999786376953,11.067399024963379,49.47241973876953,161.15574645996094,12.930000305175781,2.994999885559082,1.8550000190734863,56.28059005737305,86.76482391357422
2018-05-15,8510.3798828125,38.70909881591797,74.72724151611328,122.4800033569336,10.862738609313965,48.9182243347168,159.3709716796875,14.630000114440918,3.0799999237060547,1.875,56.00489807128906,86.10871887207031
2018-05-16,8368.830078125,39.29206848144531,75.1202621459961,122.29000091552734,10.878480911254883,49.61212921142578,160.4247283935547,13.420000076293945,3.0950000286102295,1.8650000095367432,56.077117919921875,85.99559783935547
2018-05-17,8094.31982421875,38.69243621826172,75.20063781738281,122.36000061035156,10.878480911254883,49.2861328125,159.8076629638672,13.430000305175781,3.1089999675750732,1.8630000352859497,56.10994338989258,85.82967376708984
2018-05-18,8250.9697265625,38.36765670776367,75.05775451660156,122.41000366210938,10.917840003967285,48.69002914428711,158.98170471191406,13.420000076293945,3.066999912261963,1.8550000190734863,56.05086898803711,86.18411254882812
2018-05-19,8247.1796875,38.36765670776367,75.05775451660156,122.41000366210938,10.917840003967285,48.69002914428711,158.98170471191406,13.420000076293945,3.066999912261963,1.8550000190734863,56.05086898803711,86.18411254882812
2018-05-20,8513.25,38.36765670776367,75.05775451660156,122.41000366210938,10.917840003967285,48.69002914428711,158.98170471191406,13.420000076293945,3.066999912261963,1.8550000190734863,56.05086898803711,86.18411254882812
2018-05-21,8418.990234375,38.6008415222168,75.45075988769531,122.4800033569336,11.004425048828125,49.38859558105469,159.87411499023438,13.079999923706055,3.065000057220459,1.8630000352859497,56.129608154296875,86.2369613647461
2018-05-22,8041.77978515625,38.73408508300781,75.20063781738281,122.41000366210938,10.602975845336914,49.742530822753906,159.665283203125,13.220000267028809,3.065000057220459,1.8930000066757202,56.16899108886719,86.14645385742188
2018-05-23,7557.81982421875,38.717430114746094,75.51327514648438,122.54000091552734,10.579361915588379,49.79841613769531,161.0133819580078,12.579999923706055,3.003000020980835,1.8730000257492065,56.21494674682617,86.51594543457031
2018-05-24,7587.33984375,38.50922775268555,75.48646545410156,123.58999633789062,10.477031707763672,49.94278335571289,160.9659423828125,12.529999732971191,2.9809999465942383,1.8600000143051147,56.247737884521484,86.75726318359375
2018-05-25,7480.14013671875,38.66747283935547,75.2542495727539,123.20999908447266,10.382573127746582,50.44109344482422,161.12730407714844,13.220000267028809,2.930999994277954,1.8530000448226929,56.1558723449707,87.01371002197266
2018-05-26,7355.8798828125,38.66747283935547,75.2542495727539,123.20999908447266,10.382573127746582,50.44109344482422,161.12730407714844,13.220000267028809,2.930999994277954,1.8530000448226929,56.1558723449707,87.01371002197266
2018-05-27,7368.22021484375,38.66747283935547,75.2542495727539,123.20999908447266,10.382573127746582,50.44109344482422,161.12730407714844,13.220000267028809,2.930999994277954,1.8530000448226929,56.1558723449707,87.01371002197266
2018-05-28,7135.990234375,38.66747283935547,75.2542495727539,123.20999908447266,10.382573127746582,50.44109344482422,161.12730407714844,13.220000267028809,2.930999994277954,1.8530000448226929,56.1558723449707,87.01371002197266
2018-05-29,7472.58984375,37.768028259277344,74.51287078857422,123.19000244140625,10.288115501403809,50.03593063354492,160.415283203125,17.020000457763672,2.7679998874664307,1.840000033378601,55.91957473754883,87.47373962402344
2018-05-30,7406.52001953125,38.067840576171875,75.48646545410156,123.37000274658203,10.6344633102417,50.338645935058594,161.56394958496094,14.9399995803833,2.8420000076293945,1.878000020980835,56.09022521972656,87.13438415527344
2018-05-31,7494.169921875,38.051177978515625,74.87908172607422,123.0999984741211,10.374702453613281,49.91950225830078,161.45956420898438,15.430000305175781,2.822000026702881,1.8700000047683716,56.03770065307617,87.09662628173828
2018-06-01,7541.4501953125,38.58417892456055,75.70083618164062,122.48999786376953,10.516389846801758,51.00925827026367,163.99441528320312,13.460000038146973,2.8949999809265137,1.8680000305175781,56.16561508178711,86.92949676513672
2018-06-02,7643.4501953125,38.58417892456055,75.70083618164062,122.48999786376953,10.516389846801758,51.00925827026367,163.99441528320312,13.460000038146973,2.8949999809265137,1.8680000305175781,56.16561508178711,86.92949676513672
2018-06-03,7720.25,38.58417892456055,75.70083618164062,122.48999786376953,10.516389846801758,51.00925827026367,163.99441528320312,13.460000038146973,2.8949999809265137,1.8680000305175781,56.16561508178711,86.92949676513672
2018-06-04,7514.47021484375,38.97560119628906,76.15640258789062,122.37000274658203,10.862738609313965,51.35854721069336,165.47540283203125,12.739999771118164,2.937000036239624,1.8650000095367432,56.284305572509766,86.73274230957031
2018-06-05,7633.759765625,38.675785064697266,76.27251434326172,122.8499984741211,11.240572929382324,51.64728927612305,165.988037109375,12.399999618530273,2.9189999103546143,1.902999997138977,56.350242614746094,86.79328918457031
2018-06-06,7653.97998046875,39.258758544921875,76.95137023925781,122.91999816894531,11.579048156738281,51.977943420410156,166.95639038085938,11.640000343322754,2.9749999046325684,1.899999976158142,56.48870086669922,86.47555541992188
2018-06-07,7678.240234375,38.65913391113281,76.8709716796875,122.86000061035156,11.216957092285156,51.56345748901367,165.5988006591797,12.130000114440918,2.933000087738037,1.8849999904632568,56.50846862792969,86.76307678222656
2018-06-08,7624.919921875,38.58417892456055,77.10321044921875,123.01000213623047,11.232701301574707,51.214176177978516,165.60833740234375,12.180000305175781,2.937000036239624,1.8799999952316284,56.475521087646484,86.61930084228516
2018-06-09,7531.97998046875,38.58417892456055,77.10321044921875,123.01000213623047,11.232701301574707,51.214176177978516,165.60833740234375,12.180000305175781,2.937000036239624,1.8799999952316284,56.475521087646484,86.61930084228516
2018-06-10,6786.02001953125,38.58417892456055,77.10321044921875,123.01000213623047,11.232701301574707,51.214176177978516,165.60833740234375,12.180000305175781,2.937000036239624,1.8799999952316284,56.475521087646484,86.61930084228516
2018-06-11,6906.919921875,38.58417892456055,76.99600219726562,123.2300033569336,11.279930114746094,51.158287048339844,166.05458068847656,12.350000381469727,2.9570000171661377,1.8680000305175781,56.58098602294922,86.53607940673828
2018-06-12,6582.35986328125,38.48423767089844,77.11213684082031,122.81999969482422,11.193343162536621,51.31197738647461,166.9279327392578,12.34000015258789,2.9570000171661377,1.8880000114440918,56.62714385986328,86.54365539550781
2018-06-13,6349.89990234375,38.226070404052734,76.67445373535156,123.19000244140625,11.098884582519531,51.20486068725586,166.91844177246094,12.9399995803833,2.9769999980926514,1.8949999809265137,56.646934509277344,86.46045684814453
2018-06-14,6675.35009765625,37.967899322509766,76.7727279663086,123.37999725341797,11.02804183959961,51.284034729003906,168.60836791992188,12.119999885559082,2.946000099182129,1.8830000162124634,56.81174850463867,86.85384368896484
2018-06-15,6456.580078125,37.66808319091797,76.9067153930664,121.33999633789062,10.75253677368164,51.36785888671875,168.01974487304688,11.979999542236328,2.9240000247955322,1.8880000114440918,56.778770446777344,86.73274230957031
2018-06-16,6550.16015625,37.66808319091797,76.9067153930664,121.33999633789062,10.75253677368164,51.36785888671875,168.01974487304688,11.979999542236328,2.9240000247955322,1.8880000114440918,56.778770446777344,86.73274230957031
2018-06-17,6499.27001953125,37.66808319091797,76.9067153930664,121.33999633789062,10.75253677368164,51.36785888671875,168.01974487304688,11.979999542236328,2.9240000247955322,1.8880000114440918,56.778770446777344,86.73274230957031
2018-06-18,6734.81982421875,37.210044860839844,76.67445373535156,121.11000061035156,10.697434425354004,50.74846267700195,167.92266845703125,12.3100004196167,2.9260001182556152,1.8830000162124634,56.77220916748047,86.64200592041016
2018-06-19,6769.93994140625,36.79929733276367,76.37970733642578,120.80000305175781,10.469160079956055,50.14304733276367,167.4469757080078,13.350000381469727,2.8929998874664307,1.8980000019073486,56.693058013916016,86.68740844726562
2018-06-20,6776.5498046875,36.95855712890625,76.29934692382812,120.26000213623047,10.500645637512207,50.4550666809082,168.63621520996094,12.789999961853027,2.927999973297119,1.8880000114440918,56.75240707397461,86.20323181152344
2018-06-21,6729.740234375,36.43885040283203,75.71871185302734,120.05000305175781,10.327471733093262,49.826358795166016,167.1710968017578,14.640000343322754,2.8970000743865967,1.8899999856948853,56.633731842041016,86.1351318359375
2018-06-22,6083.68994140625,36.81605911254883,75.77230834960938,120.33999633789062,10.390445709228516,49.64007568359375,166.80007934570312,13.770000457763672,2.9000000953674316,1.8700000047683716,56.64031982421875,86.24104309082031
2018-06-23,6162.47998046875,36.81605911254883,75.77230834960938,120.33999633789062,10.390445709228516,49.64007568359375,166.80007934570312,13.770000457763672,2.9000000953674316,1.8700000047683716,56.64031982421875,86.24104309082031
2018-06-24,6173.22998046875,36.81605911254883,75.77230834960938,120.33999633789062,10.390445709228516,49.64007568359375,166.80007934570312,13.770000457763672,2.9000000953674316,1.8700000047683716,56.64031982421875,86.24104309082031
2018-06-25,6249.18017578125,36.32149124145508,74.80762481689453,119.88999938964844,10.130682945251465,47.84708786010742,163.04197692871094,17.329999923706055,2.875,1.8530000448226929,56.50846862792969,86.1578369140625
2018-06-26,6093.669921875,36.17898178100586,74.89466094970703,119.26000213623047,10.083455085754395,48.28951644897461,163.7079620361328,15.920000076293945,2.880000114440918,1.8930000066757202,56.50185775756836,86.4452896118164
2018-06-27,6157.1298828125,35.483238220214844,74.16790008544922,118.58000183105469,9.949639320373535,47.10660934448242,161.48165893554688,17.90999984741211,2.8269999027252197,1.8799999952316284,56.38318634033203,86.74031066894531
2018-06-28,5903.43994140625,35.785011291503906,74.69727325439453,118.22000122070312,9.941766738891602,47.58163833618164,162.87074279785156,16.850000381469727,2.8469998836517334,1.8799999952316284,56.22496795654297,86.62684631347656
2018-06-29,6218.2998046875,36.32149124145508,74.87671661376953,118.6500015258789,10.130682945251465,47.814491271972656,163.30836486816406,16.09000015258789,2.8489999771118164,1.8799999952316284,56.09309005737305,86.67224884033203
2018-06-30,6404.0,36.32149124145508,74.87671661376953,118.6500015258789,10.130682945251465,47.814491271972656,163.30836486816406,16.09000015258789,2.8489999771118164,1.8799999952316284,56.09309005737305,86.67224884033203
2018-07-01,6385.81982421875,36.32149124145508,74.87671661376953,118.6500015258789,10.130682945251465,47.814491271972656,163.30836486816406,16.09000015258789,2.8489999771118164,1.8799999952316284,56.09309005737305,86.67224884033203
2018-07-02,6614.18017578125,35.96104431152344,74.89466094970703,117.45999908447266,10.05196762084961,47.8331184387207,164.4025115966797,15.600000381469727,2.865999937057495,1.8949999809265137,56.14674377441406,86.68363952636719
2018-07-03,6529.58984375,35.98618698120117,74.77801513671875,118.6500015258789,10.138555526733398,46.994842529296875,162.49969482421875,16.139999389648438,2.8380000591278076,1.9329999685287476,56.15337371826172,87.0022964477539
2018-07-04,6597.5498046875,35.98618698120117,74.77801513671875,118.6500015258789,10.138555526733398,46.994842529296875,162.49969482421875,16.139999389648438,2.8380000591278076,1.9329999685287476,56.15337371826172,87.0022964477539
2018-07-05,6639.14013671875,35.89398193359375,75.38814544677734,119.05000305175781,10.177913665771484,48.26156997680664,164.51666259765625,14.970000267028809,2.8399999141693115,1.909999966621399,56.36528015136719,87.27549743652344
2018-07-06,6673.5,36.3885498046875,76.0341796875,118.86000061035156,10.327471733093262,48.876304626464844,167.07589721679688,13.369999885559082,2.8310000896453857,1.9049999713897705,56.5109977722168,87.39688873291016
2018-07-07,6856.93017578125,36.3885498046875,76.0341796875,118.86000061035156,10.327471733093262,48.876304626464844,167.07589721679688,13.369999885559082,2.8310000896453857,1.9049999713897705,56.5109977722168,87.39688873291016
2018-07-08,6773.8798828125,36.3885498046875,76.0341796875,118.86000061035156,10.327471733093262,48.876304626464844,167.07589721679688,13.369999885559082,2.8310000896453857,1.9049999713897705,56.5109977722168,87.39688873291016
2018-07-09,6741.75,37.042388916015625,76.64434814453125,119.1500015258789,10.29598617553711,49.24421691894531,168.57911682128906,12.6899995803833,2.859999895095825,1.9149999618530273,56.597103118896484,87.4576644897461
2018-07-10,6329.9501953125,36.95855712890625,76.93144226074219,118.93000030517578,10.26449966430664,49.77512741088867,168.70281982421875,12.640000343322754,2.872999906539917,1.934999942779541,56.60371017456055,87.35894775390625
2018-07-11,6394.7099609375,36.2376708984375,76.3751449584961,117.63999938964844,10.114941596984863,48.405941009521484,167.84658813476562,13.630000114440918,2.8420000076293945,1.9199999570846558,56.517601013183594,87.53347778320312
2018-07-12,6228.81005859375,36.73223876953125,76.99427032470703,118.12999725341797,10.091326713562012,48.992733001708984,170.73887634277344,12.579999923706055,2.8529999256134033,1.9279999732971191,56.69643783569336,87.7231674194336
2018-07-13,6238.0498046875,36.757389068603516,77.08397674560547,117.61000061035156,10.162169456481934,48.890281677246094,170.88153076171875,12.180000305175781,2.8310000896453857,1.9279999732971191,56.69643783569336,87.79146575927734
2018-07-14,6276.1201171875,36.757389068603516,77.08397674560547,117.61000061035156,10.162169456481934,48.890281677246094,170.88153076171875,12.180000305175781,2.8310000896453857,1.9279999732971191,56.69643783569336,87.79146575927734
2018-07-15,6359.64013671875,36.757389068603516,77.08397674560547,117.61000061035156,10.162169456481934,48.890281677246094,170.88153076171875,12.180000305175781,2.8310000896453857,1.9279999732971191,56.69643783569336,87.79146575927734
2018-07-16,6741.75,36.55620193481445,76.73404693603516,117.55000305175781,10.028353691101074,48.74125671386719,170.4724578857422,12.829999923706055,2.8580000400543213,1.937999963760376,56.656734466552734,87.64728546142578
2018-07-17,7321.0400390625,36.82444381713867,77.23653411865234,116.27999877929688,10.06771183013916,49.383934020996094,171.50949096679688,12.0600004196167,2.864000082015991,1.975000023841858,56.676570892333984,87.58660125732422
2018-07-18,7370.77978515625,36.78253173828125,77.39803314208984,116.30999755859375,10.05196762084961,49.886905670166016,171.18597412109375,12.100000381469727,2.875,1.9600000381469727,56.70305252075195,87.5714111328125
2018-07-19,7466.85986328125,36.32987976074219,77.25447845458984,115.80999755859375,9.737105369567871,49.72390365600586,170.32969665527344,12.869999885559082,2.8469998836517334,1.9479999542236328,56.676570892333984,87.70800018310547
2018-07-20,7354.1298828125,36.8495979309082,77.10192108154297,116.55999755859375,10.075584411621094,49.67267990112305,170.2917022705078,12.859999656677246,2.8949999809265137,1.9329999685287476,56.70305252075195,87.45001220703125
2018-07-21,7419.2900390625,36.8495979309082,77.10192108154297,116.55999755859375,10.075584411621094,49.67267990112305,170.2917022705078,12.859999656677246,2.8949999809265137,1.9329999685287476,56.70305252075195,87.45001220703125
2018-07-22,7418.490234375,36.8495979309082,77.10192108154297,116.55999755859375,10.075584411621094,49.67267990112305,170.2917022705078,12.859999656677246,2.8949999809265137,1.9329999685287476,56.70305252075195,87.45001220703125
2018-07-23,7711.10986328125,36.60649490356445,77.09295654296875,116.0,9.933895111083984,49.64007568359375,170.83395385742188,12.619999885559082,2.9649999141693115,1.9199999570846558,56.68317413330078,87.1009521484375
2018-07-24,8424.26953125,37.14298629760742,77.42497253417969,116.04000091552734,9.973252296447754,49.02068328857422,171.53802490234375,12.40999984741211,2.9489998817443848,1.9600000381469727,56.80241775512695,87.3741455078125
2018-07-25,8181.39013671875,37.746524810791016,78.20553588867188,116.68000030517578,10.083455085754395,49.26750946044922,173.935546875,12.289999961853027,2.936000108718872,1.9529999494552612,56.90837097167969,87.48794555664062
2018-07-26,7951.580078125,37.327396392822266,78.14273834228516,115.7699966430664,10.524261474609375,49.994014739990234,171.3001708984375,12.140000343322754,2.9749999046325684,1.9450000524520874,56.91495895385742,87.5714111328125
2018-07-27,8165.009765625,37.46151351928711,77.6582260131836,115.83000183105469,10.303857803344727,49.74718475341797,168.98825073242188,13.029999732971191,2.9600000381469727,1.9450000524520874,56.895111083984375,87.68524932861328
2018-07-28,8192.150390625,37.46151351928711,77.6582260131836,115.83000183105469,10.303857803344727,49.74718475341797,168.98825073242188,13.029999732971191,2.9600000381469727,1.9450000524520874,56.895111083984375,87.68524932861328
2018-07-29,8218.4599609375,37.46151351928711,77.6582260131836,115.83000183105469,10.303857803344727,49.74718475341797,168.98825073242188,13.029999732971191,2.9600000381469727,1.9450000524520874,56.895111083984375,87.68524932861328
2018-07-30,8180.47998046875,37.402835845947266,77.13782501220703,115.6500015258789,10.303857803344727,49.40721893310547,166.6002197265625,14.260000228881836,2.9749999046325684,1.9450000524520874,56.91495895385742,87.56385040283203
2018-07-31,7780.43994140625,37.6040153503418,77.6582260131836,115.98999786376953,10.366829872131348,49.3140754699707,167.87515258789062,12.829999923706055,2.9639999866485596,1.9850000143051147,57.03418731689453,87.83699035644531
2018-08-01,7624.91015625,37.26872253417969,77.45186614990234,115.13999938964844,10.35895824432373,49.52830505371094,168.51254272460938,13.149999618530273,3.003000020980835,1.9780000448226929,57.08540725708008,87.52723693847656
2018-08-02,7567.14990234375,36.77415084838867,77.72105407714844,114.5199966430664,10.272372245788574,50.026615142822266,170.80540466308594,12.1899995803833,2.9860000610351562,1.965000033378601,57.11865997314453,87.63380432128906
2018-08-03,7434.39013671875,37.05915069580078,78.0799560546875,114.91999816894531,10.437675476074219,50.10578155517578,171.3286895751953,11.640000343322754,2.953000068664551,1.9600000381469727,57.16521453857422,87.90776062011719
2018-08-04,7032.85009765625,37.05915069580078,78.0799560546875,114.91999816894531,10.437675476074219,50.10578155517578,171.3286895751953,11.640000343322754,2.953000068664551,1.9600000381469727,57.16521453857422,87.90776062011719
2018-08-05,7068.47998046875,37.05915069580078,78.0799560546875,114.91999816894531,10.437675476074219,50.10578155517578,171.3286895751953,11.640000343322754,2.953000068664551,1.9600000381469727,57.16521453857422,87.90776062011719
2018-08-06,6951.7998046875,36.77415084838867,78.32222747802734,114.33000183105469,10.343216896057129,50.371246337890625,172.33717346191406,11.270000457763672,2.937999963760376,1.968000054359436,57.271610260009766,87.99149322509766
2018-08-07,6753.1201171875,37.151363372802734,78.6541976928711,114.58999633789062,10.272372245788574,50.711212158203125,172.96511840820312,10.930000305175781,2.9730000495910645,2.007999897003174,57.29823303222656,87.717529296875
2018-08-08,6305.7998046875,37.10106658935547,78.55549621582031,114.91000366210938,10.209399223327637,50.86955261230469,173.17442321777344,10.850000381469727,2.9709999561309814,2.007999897003174,57.264976501464844,87.58052825927734
2018-08-09,6568.22998046875,36.992088317871094,78.37603759765625,114.73999786376953,10.170042037963867,50.37590026855469,173.06973266601562,11.270000457763672,2.934999942779541,2.005000114440918,57.225032806396484,87.64903259277344
2018-08-10,6184.7099609375,36.204139709472656,77.87358093261719,114.69000244140625,10.044096946716309,49.192989349365234,171.74732971191406,13.15999984741211,2.8570001125335693,2.0,57.12532043457031,87.79365539550781
2018-08-11,6295.72998046875,36.204139709472656,77.87358093261719,114.69000244140625,10.044096946716309,49.192989349365234,171.74732971191406,13.15999984741211,2.8570001125335693,2.0,57.12532043457031,87.79365539550781
2018-08-12,6322.68994140625,36.204139709472656,77.87358093261719,114.69000244140625,10.044096946716309,49.192989349365234,171.74732971191406,13.15999984741211,2.8570001125335693,2.0,57.12532043457031,87.79365539550781
2018-08-13,6297.56982421875,35.60897445678711,77.57745361328125,112.95999908447266,9.807950019836426,49.24887466430664,171.5570831298828,14.779999732971191,2.877000093460083,1.9950000047683716,57.08540725708008,87.77078247070312
2018-08-14,6199.7099609375,35.826927185058594,78.10687255859375,113.06999969482422,9.996867179870605,49.132450103759766,172.6321258544922,13.3100004196167,2.8949999809265137,2.0329999923706055,57.1851692199707,87.88493347167969
2018-08-15,6308.52001953125,34.79587173461914,77.7569580078125,111.19000244140625,9.705621719360352,48.31745910644531,170.51998901367188,14.640000343322754,2.8519999980926514,2.0199999809265137,57.08540725708008,88.06763458251953
2018-08-16,6334.72998046875,35.01381301879883,78.37603759765625,111.0999984741211,9.815820693969727,48.242942810058594,171.08135986328125,13.449999809265137,2.871000051498413,2.015000104904175,57.158546447753906,88.18174743652344
2018-08-17,6580.6298828125,35.38264846801758,78.71699523925781,112.12999725341797,9.847309112548828,47.888999938964844,171.11940002441406,12.640000343322754,2.872999906539917,1.9950000047683716,57.225032806396484,88.2578353881836
2018-08-18,6423.759765625,35.38264846801758,78.71699523925781,112.12999725341797,9.847309112548828,47.888999938964844,171.11940002441406,12.640000343322754,2.872999906539917,1.9950000047683716,57.225032806396484,88.2578353881836
2018-08-19,6506.06982421875,35.38264846801758,78.71699523925781,112.12999725341797,9.847309112548828,47.888999938964844,171.11940002441406,12.640000343322754,2.872999906539917,1.9950000047683716,57.225032806396484,88.2578353881836
2018-08-20,6308.52978515625,35.54191589355469,79.0579605102539,112.69000244140625,9.894536018371582,47.82380676269531,170.96714782714844,12.489999771118164,2.822999954223633,1.9930000305175781,57.25168991088867,88.48614501953125
2018-08-21,6488.759765625,35.994571685791016,79.2015380859375,113.0199966430664,9.823692321777344,48.81110763549805,171.59507751464844,12.859999656677246,2.8440001010894775,2.0350000858306885,57.338157653808594,88.2654800415039
2018-08-22,6376.7099609375,36.27958297729492,79.2015380859375,113.2699966430664,9.941766738891602,48.992733001708984,172.26107788085938,12.25,2.822999954223633,2.0350000858306885,57.35804748535156,88.2578353881836
2018-08-23,6534.8798828125,35.69280242919922,79.22846984863281,112.19999694824219,9.870923042297363,49.05328369140625,172.01376342773438,12.40999984741211,2.821000099182129,2.0329999923706055,57.35143280029297,88.28827667236328
2018-08-24,6719.9599609375,36.355018615722656,79.65912628173828,114.16000366210938,9.949639320373535,49.80307388305664,173.61207580566406,11.989999771118164,2.8259999752044678,2.0480000972747803,57.45117950439453,88.46333312988281
2018-08-25,6763.18994140625,36.355018615722656,79.65912628173828,114.16000366210938,9.949639320373535,49.80307388305664,173.61207580566406,11.989999771118164,2.8259999752044678,2.0480000972747803,57.45117950439453,88.46333312988281
2018-08-26,6707.259765625,36.355018615722656,79.65912628173828,114.16000366210938,9.949639320373535,49.80307388305664,173.61207580566406,11.989999771118164,2.8259999752044678,2.0480000972747803,57.45117950439453,88.46333312988281
2018-08-27,6884.64013671875,36.87474060058594,80.1795654296875,114.58999633789062,9.996867179870605,50.580810546875,175.3816680908203,12.15999984741211,2.8480000495910645,2.059999942779541,57.471160888671875,88.32632446289062
2018-08-28,7096.27978515625,36.74061965942383,80.1615982055664,113.68000030517578,9.973252296447754,50.77174758911133,175.63856506347656,12.5,2.884000062942505,2.078000068664551,57.444541931152344,87.99149322509766
2018-08-29,7047.16015625,36.96695327758789,80.628173828125,114.19999694824219,10.091326713562012,51.06049346923828,177.66505432128906,12.25,2.884000062942505,2.0799999237060547,57.41128158569336,87.90017700195312
2018-08-30,6978.22998046875,36.002952575683594,80.26030731201172,113.63999938964844,10.044096946716309,50.5156135559082,177.35107421875,13.529999732971191,2.859999895095825,2.058000087738037,57.36473846435547,87.98387145996094
2018-08-31,7037.580078125,36.1873664855957,80.55638885498047,113.51000213623047,10.012611389160156,50.734493255615234,177.5793914794922,12.859999656677246,2.8529999256134033,2.055000066757202,57.43788528442383,87.85450744628906
2018-09-01,7193.25,36.1873664855957,80.55638885498047,113.51000213623047,10.012611389160156,50.734493255615234,177.5793914794922,12.859999656677246,2.8529999256134033,2.055000066757202,57.43788528442383,87.85450744628906
2018-09-02,7272.72021484375,36.1873664855957,80.55638885498047,113.51000213623047,10.012611389160156,50.734493255615234,177.5793914794922,12.859999656677246,2.8529999256134033,2.055000066757202,57.43788528442383,87.85450744628906
2018-09-03,7260.06005859375,36.1873664855957,80.55638885498047,113.51000213623047,10.012611389160156,50.734493255615234,177.5793914794922,12.859999656677246,2.8529999256134033,2.055000066757202,57.43788528442383,87.85450744628906
2018-09-04,7361.66015625,35.483238220214844,80.46666717529297,112.93000030517578,9.847309112548828,51.1024055480957,176.8183135986328,13.15999984741211,2.9019999504089355,2.068000078201294,57.318321228027344,87.69263458251953
2018-09-05,6792.830078125,34.9719123840332,80.46666717529297,113.31999969482422,9.713491439819336,50.822975158691406,174.53494262695312,13.90999984741211,2.9019999504089355,2.0899999141693115,57.25821304321289,87.63923645019531
2018-09-06,6529.169921875,35.005435943603516,80.36798095703125,113.54000091552734,9.579675674438477,49.50502014160156,172.97463989257812,14.649999618530273,2.878999948501587,2.0799999237060547,57.304969787597656,87.8835220336914
2018-09-07,6467.06982421875,34.829402923583984,80.0898208618164,113.2300033569336,9.587546348571777,49.2861328125,172.3086700439453,14.880000114440918,2.941999912261963,2.0880000591278076,57.244876861572266,87.51710510253906
2018-09-08,6225.97998046875,34.829402923583984,80.0898208618164,113.2300033569336,9.587546348571777,49.2861328125,172.3086700439453,14.880000114440918,2.941999912261963,2.0880000591278076,57.244876861572266,87.51710510253906
2018-09-09,6300.85986328125,34.829402923583984,80.0898208618164,113.2300033569336,9.587546348571777,49.2861328125,172.3086700439453,14.880000114440918,2.941999912261963,2.0880000591278076,57.244876861572266,87.51710510253906
2018-09-10,6329.7001953125,34.485713958740234,80.28723907470703,113.1500015258789,9.63477611541748,49.76581954956055,172.8889923095703,14.15999984741211,2.937000036239624,2.0829999446868896,57.35841751098633,87.80714416503906
2018-09-11,6321.2001953125,34.56116485595703,80.47564697265625,113.22000122070312,9.642647743225098,49.141761779785156,174.22096252441406,13.220000267028809,2.9769999980926514,2.1080000400543213,57.371768951416016,87.60869598388672
2018-09-12,6351.7998046875,34.7371940612793,80.51155853271484,114.16999816894531,9.886664390563965,48.578250885009766,173.7072296142578,13.140000343322754,2.9630000591278076,2.1050000190734863,57.505367279052734,87.78429412841797
2018-09-13,6517.31005859375,35.20662307739258,80.97810363769531,113.76000213623047,9.926024436950684,49.17435836791992,175.56246948242188,12.369999885559082,2.9630000591278076,2.0929999351501465,57.612239837646484,87.96747589111328
2018-09-14,6512.7099609375,35.1730842590332,81.10372161865234,113.0199966430664,9.902409553527832,49.68198776245117,175.04869079589844,12.069999694824219,2.99399995803833,2.1029999256134033,57.665687561035156,87.86065673828125
2018-09-15,6543.2001953125,35.1730842590332,81.10372161865234,113.0199966430664,9.902409553527832,49.68198776245117,175.04869079589844,12.069999694824219,2.99399995803833,2.1029999256134033,57.665687561035156,87.86065673828125
2018-09-16,6517.18017578125,35.1730842590332,81.10372161865234,113.0199966430664,9.902409553527832,49.68198776245117,175.04869079589844,12.069999694824219,2.99399995803833,2.1029999256134033,57.665687561035156,87.86065673828125
2018-09-17,6281.2001953125,34.85455322265625,80.71790313720703,113.61000061035156,9.91028118133545,49.01137161254883,172.52748107910156,13.680000305175781,3.000999927520752,2.1080000400543213,57.62560272216797,87.80714416503906
2018-09-18,6371.2998046875,35.18983840942383,81.09476470947266,113.44000244140625,10.044096946716309,49.383934020996094,173.95457458496094,12.789999961853027,3.0480000972747803,2.125,57.61890411376953,87.44839477539062
2018-09-19,6398.5400390625,35.67603302001953,81.08580017089844,113.87999725341797,10.020482063293457,49.49570846557617,173.82138061523438,11.75,3.0829999446868896,2.119999885559082,57.51203536987305,87.31865692138672
2018-09-20,6519.669921875,36.07001495361328,81.70489501953125,114.2699966430664,10.162169456481934,50.13372802734375,175.7432098388672,11.800000190734863,3.078000068664551,2.118000030517578,57.59220504760742,87.54763793945312
2018-09-21,6734.9501953125,36.2376708984375,81.88436126708984,113.48999786376953,10.193655967712402,49.88224792480469,174.78228759765625,11.680000305175781,3.068000078201294,2.122999906539917,57.605552673339844,87.56288146972656
2018-09-22,6721.97998046875,36.2376708984375,81.88436126708984,113.48999786376953,10.193655967712402,49.88224792480469,174.78228759765625,11.680000305175781,3.068000078201294,2.122999906539917,57.605552673339844,87.56288146972656
2018-09-23,6710.6298828125,36.2376708984375,81.88436126708984,113.48999786376953,10.193655967712402,49.88224792480469,174.78228759765625,11.680000305175781,3.068000078201294,2.122999906539917,57.605552673339844,87.56288146972656
2018-09-24,6595.41015625,35.826927185058594,81.50747680664062,113.47000122070312,10.130682945251465,50.236183166503906,175.26832580566406,12.199999809265137,3.078000068664551,2.122999906539917,57.5788459777832,87.3643798828125
2018-09-25,6446.47021484375,35.96943283081055,81.30113220214844,113.6500015258789,10.217270851135254,49.43516159057617,175.5066680908203,12.420000076293945,3.1019999980926514,2.1679999828338623,57.53205490112305,87.3643798828125
2018-09-26,6495.0,36.044864654541016,81.15518188476562,113.05000305175781,10.099198341369629,48.99739074707031,175.63063049316406,12.890000343322754,3.061000108718872,2.1600000858306885,57.59220504760742,87.67738342285156
2018-09-27,6676.75,36.22090148925781,81.29930877685547,112.05000305175781,10.477031707763672,49.30476760864258,177.11741638183594,12.40999984741211,3.055999994277954,2.140000104904175,57.699066162109375,87.79187774658203
2018-09-28,6644.1298828125,35.97780990600586,81.41645050048828,112.76000213623047,10.477031707763672,49.57487106323242,177.07931518554688,12.119999885559082,3.055999994277954,2.1500000953674316,57.73917007446289,87.7308578491211
2018-09-29,6601.9599609375,35.97780990600586,81.41645050048828,112.76000213623047,10.477031707763672,49.57487106323242,177.07931518554688,12.119999885559082,3.055999994277954,2.1500000953674316,57.73917007446289,87.7308578491211
2018-09-30,6625.56005859375,35.97780990600586,81.41645050048828,112.76000213623047,10.477031707763672,49.57487106323242,177.07931518554688,12.119999885559082,3.055999994277954,2.1500000953674316,57.73917007446289,87.7308578491211
2018-10-01,6589.6201171875,35.98618698120117,81.7227783203125,112.56999969482422,10.54787540435791,49.70527648925781,177.44146728515625,12.0,3.0799999237060547,2.1549999713897705,57.906192779541016,87.60987091064453
2018-10-02,6556.10009765625,35.533531188964844,81.78582000732422,113.87000274658203,10.579361915588379,49.66802215576172,177.0412139892578,12.050000190734863,3.055999994277954,2.174999952316284,57.85927200317383,87.68640899658203
2018-10-03,6502.58984375,35.240150451660156,81.74977111816406,113.41999816894531,10.658077239990234,49.858951568603516,177.23178100585938,11.609999656677246,3.1610000133514404,2.1700000762939453,57.70492172241211,87.17340087890625
2018-10-04,6576.68994140625,34.35997772216797,81.02006530761719,113.4800033569336,10.689563751220703,48.73659133911133,173.82920837402344,14.220000267028809,3.197000026702881,2.1700000762939453,57.49019241333008,86.81350708007812
2018-10-05,6622.47998046875,34.2342414855957,80.44345092773438,113.80000305175781,10.626591682434082,47.628204345703125,171.70376586914062,14.819999694824219,3.2249999046325684,2.1649999618530273,57.23522186279297,86.47664642333984
2018-10-06,6588.31005859375,34.2342414855957,80.44345092773438,113.80000305175781,10.626591682434082,47.628204345703125,171.70376586914062,14.819999694824219,3.2249999046325684,2.1649999618530273,57.23522186279297,86.47664642333984
2018-10-07,6602.9501953125,34.2342414855957,80.44345092773438,113.80000305175781,10.626591682434082,47.628204345703125,171.70376586914062,14.819999694824219,3.2249999046325684,2.1649999618530273,57.23522186279297,86.47664642333984
2018-10-08,6652.22998046875,34.2845344543457,80.4254379272461,112.54000091552734,10.563619613647461,47.06935501098633,170.65530395507812,15.6899995803833,3.2330000400543213,2.1649999618530273,57.10777282714844,86.38475799560547
2018-10-09,6642.64013671875,34.15879821777344,80.27228546142578,112.5999984741211,10.54787540435791,46.980865478515625,171.20811462402344,15.949999809265137,3.2079999446868896,2.184999942779541,57.19497299194336,86.62976837158203
2018-10-10,6585.52978515625,33.1445198059082,77.52446746826172,112.87999725341797,10.280243873596191,44.8479118347168,163.67849731445312,22.959999084472656,3.2249999046325684,2.2200000286102295,56.785675048828125,86.39244079589844
2018-10-11,6256.240234375,32.80921173095703,75.72261810302734,115.77999877929688,10.05196762084961,44.45206069946289,161.64837646484375,24.979999542236328,3.132999897003174,2.2149999141693115,56.8326416015625,86.75225830078125
2018-10-12,6274.580078125,33.7732048034668,76.82176208496094,115.2300033569336,10.06771183013916,45.33224868774414,166.14706420898438,21.309999465942383,3.1410000324249268,2.2179999351501465,57.13460922241211,86.76760864257812
2018-10-13,6285.990234375,33.7732048034668,76.82176208496094,115.2300033569336,10.06771183013916,45.33224868774414,166.14706420898438,21.309999465942383,3.1410000324249268,2.2179999351501465,57.13460922241211,86.76760864257812
2018-10-14,6290.93017578125,33.7732048034668,76.82176208496094,115.2300033569336,10.06771183013916,45.33224868774414,166.14706420898438,21.309999465942383,3.1410000324249268,2.2179999351501465,57.13460922241211,86.76760864257812
2018-10-15,6596.5400390625,33.41274642944336,76.42533874511719,116.0,10.114941596984863,44.83859634399414,164.13597106933594,21.299999237060547,3.1630001068115234,2.2300000190734863,57.09431457519531,86.6067886352539
2018-10-16,6596.10986328125,34.25101089477539,77.83979034423828,115.80000305175781,10.303857803344727,46.35681915283203,168.91111755371094,17.6200008392334,3.1559998989105225,2.259999990463257,57.288936614990234,86.828857421875
2018-10-17,6544.43017578125,33.83188247680664,77.79473876953125,115.79000091552734,10.193655967712402,46.12862014770508,168.977783203125,17.399999618530273,3.178999900817871,2.259999990463257,57.17483901977539,86.40003967285156
2018-10-18,6476.7099609375,32.94333267211914,76.78569793701172,115.91999816894531,9.87879467010498,44.92708206176758,165.0605010986328,20.059999465942383,3.174999952316284,2.255000114440918,56.93330383300781,86.40003967285156
2018-10-19,6465.41015625,33.25348663330078,76.42533874511719,116.01000213623047,9.91815185546875,44.279747009277344,164.9080047607422,19.889999389648438,3.197999954223633,2.259999990463257,56.966819763183594,86.2928695678711
2018-10-20,6489.18994140625,33.25348663330078,76.42533874511719,116.01000213623047,9.91815185546875,44.279747009277344,164.9080047607422,19.889999389648438,3.197999954223633,2.259999990463257,56.966819763183594,86.2928695678711
2018-10-21,6482.35009765625,33.25348663330078,76.42533874511719,116.01000213623047,9.91815185546875,44.279747009277344,164.9080047607422,19.889999389648438,3.197999954223633,2.259999990463257,56.966819763183594,86.2928695678711
2018-10-22,6487.16015625,33.61393356323242,76.29019165039062,115.70999908447266,9.839436531066895,44.51725769042969,165.7563018798828,19.639999389648438,3.196000099182129,2.257999897003174,56.99369812011719,86.1856689453125
2018-10-23,6475.740234375,33.2451057434082,75.79466247558594,116.38999938964844,9.705621719360352,44.34029006958008,165.14627075195312,20.709999084472656,3.1659998893737793,2.2899999618530273,56.93998718261719,86.30817413330078
2018-10-24,6495.83984375,32.172142028808594,73.45228576660156,116.66000366210938,9.351400375366211,41.364402770996094,157.5880584716797,25.229999542236328,3.124000072479248,2.2850000858306885,56.65818786621094,86.43070983886719
2018-10-25,6476.2900390625,32.79244613647461,74.56044006347656,116.4000015258789,9.4458589553833,42.5333366394043,163.03993225097656,24.219999313354492,3.135999917984009,2.2799999713897705,56.77225112915039,86.32349395751953
2018-10-26,6474.75,32.41523361206055,73.54237365722656,116.7699966430664,9.256942749023438,41.764915466308594,158.84619140625,24.15999984741211,3.0769999027252197,2.2730000019073486,56.51726531982422,86.46891021728516
2018-10-27,6480.3798828125,32.41523361206055,73.54237365722656,116.7699966430664,9.256942749023438,41.764915466308594,158.84619140625,24.15999984741211,3.0769999027252197,2.2730000019073486,56.51726531982422,86.46891021728516
2018-10-28,6486.39013671875,32.41523361206055,73.54237365722656,116.7699966430664,9.256942749023438,41.764915466308594,158.84619140625,24.15999984741211,3.0769999027252197,2.2730000019073486,56.51726531982422,86.46891021728516
2018-10-29,6332.6298828125,31.853607177734375,73.3982162475586,116.30999755859375,9.130996704101562,41.28523254394531,155.5770263671875,24.700000762939453,3.0869998931884766,2.259999990463257,56.46360397338867,86.36946868896484
2018-10-30,6334.27001953125,32.47391128540039,74.57843017578125,115.80000305175781,9.312043190002441,43.04095458984375,158.14093017578125,23.350000381469727,3.109999895095825,2.2829999923706055,56.59782409667969,86.17803955078125
2018-10-31,6317.60986328125,32.82596969604492,75.25413513183594,115.1500015258789,9.453730583190918,43.525299072265625,161.85804748535156,21.229999542236328,3.1589999198913574,2.2780001163482666,56.59782409667969,85.93299865722656
2018-11-01,6377.77978515625,33.99953079223633,76.11901092529297,116.62999725341797,9.619032859802246,45.62565231323242,163.99301147460938,19.34000015258789,3.1440000534057617,2.2699999809265137,56.857425689697266,86.19339752197266
2018-11-02,6388.43994140625,34.21747589111328,75.63251495361328,116.6500015258789,9.807950019836426,44.89914321899414,161.4386749267578,19.510000228881836,3.2139999866485596,2.2730000019073486,56.823692321777344,85.84778594970703
2018-11-03,6361.259765625,34.21747589111328,75.63251495361328,116.6500015258789,9.807950019836426,44.89914321899414,161.4386749267578,19.510000228881836,3.2139999866485596,2.2730000019073486,56.823692321777344,85.84778594970703
2018-11-04,6376.1298828125,34.21747589111328,75.63251495361328,116.6500015258789,9.807950019836426,44.89914321899414,161.4386749267578,19.510000228881836,3.2139999866485596,2.2730000019073486,56.823692321777344,85.84778594970703
2018-11-05,6419.66015625,34.30968475341797,76.08297729492188,116.37000274658203,10.130682945251465,44.484657287597656,161.03842163085938,19.959999084472656,3.2009999752044678,2.2679998874664307,56.870887756347656,86.0013427734375
2018-11-06,6461.009765625,34.25101089477539,76.57848358154297,116.04000091552734,10.217270851135254,44.945716857910156,162.25840759277344,19.90999984741211,3.2139999866485596,2.309999942779541,57.019248962402344,86.14732360839844
2018-11-07,6530.14013671875,34.89646530151367,78.14607238769531,116.02999877929688,10.398316383361816,45.49990463256836,167.34799194335938,16.360000610351562,3.2130000591278076,2.309999942779541,57.34962844848633,86.37007904052734
2018-11-08,6453.72021484375,33.991153717041016,78.05601501464844,115.77999877929688,10.209399223327637,45.290340423583984,166.28048706054688,16.719999313354492,3.2339999675750732,2.302999973297119,57.20806884765625,86.11658477783203
2018-11-09,6385.6201171875,33.362457275390625,77.3442611694336,114.4800033569336,9.941766738891602,44.47068405151367,163.4783477783203,17.360000610351562,3.188999891281128,2.299999952316284,56.88437271118164,86.17807006835938
2018-11-10,6409.22021484375,33.362457275390625,77.3442611694336,114.4800033569336,9.941766738891602,44.47068405151367,163.4783477783203,17.360000610351562,3.188999891281128,2.299999952316284,56.88437271118164,86.17807006835938
2018-11-11,6411.27001953125,33.362457275390625,77.3442611694336,114.4800033569336,9.941766738891602,44.47068405151367,163.4783477783203,17.360000610351562,3.188999891281128,2.299999952316284,56.88437271118164,86.17807006835938
2018-11-12,6371.27001953125,32.893043518066406,75.91180419921875,113.66000366210938,9.792206764221191,42.524017333984375,158.53172302246094,20.450000762939453,3.186000108718872,2.299999952316284,56.53373718261719,86.17037200927734
2018-11-13,6359.490234375,33.27025604248047,75.72261810302734,113.69999694824219,9.792206764221191,43.07355499267578,158.66513061523438,20.020000457763672,3.1449999809265137,2.2950000762939453,56.4393196105957,86.05513763427734
2018-11-14,5738.35009765625,33.47142791748047,75.12799072265625,114.63999938964844,9.587546348571777,43.29710388183594,157.4546356201172,21.25,3.119999885559082,2.325000047683716,56.33147430419922,85.82470703125
2018-11-15,5648.02978515625,34.21747589111328,75.9388427734375,114.7699966430664,9.886664390563965,44.66628646850586,160.20916748046875,19.979999542236328,3.118000030517578,2.309999942779541,56.31797790527344,85.66336059570312
2018-11-16,5575.5498046875,34.2845344543457,75.84874725341797,115.62000274658203,9.981124877929688,43.90717697143555,159.6468505859375,18.139999389648438,3.0739998817443848,2.299999952316284,56.149383544921875,85.83232879638672
2018-11-17,5554.330078125,34.2845344543457,75.84874725341797,115.62000274658203,9.981124877929688,43.90717697143555,159.6468505859375,18.139999389648438,3.0739998817443848,2.299999952316284,56.149383544921875,85.83232879638672
2018-11-18,5623.5400390625,34.2845344543457,75.84874725341797,115.62000274658203,9.981124877929688,43.90717697143555,159.6468505859375,18.139999389648438,3.0739998817443848,2.299999952316284,56.149383544921875,85.83232879638672
2018-11-19,4871.490234375,33.8234977722168,74.53339385986328,115.66999816894531,9.981124877929688,42.25856399536133,154.4618682861328,20.100000381469727,3.056999921798706,2.299999952316284,55.974063873291016,85.74786376953125
2018-11-20,4451.8701171875,33.09421920776367,73.26309204101562,115.66999816894531,9.721363067626953,42.221309661865234,151.6978759765625,22.479999542236328,3.0480000972747803,2.3350000381469727,55.79874038696289,85.54046630859375
2018-11-21,4602.169921875,33.706146240234375,73.2360610961914,115.86000061035156,9.87879467010498,42.4075927734375,152.85113525390625,20.799999237060547,3.061000108718872,2.3499999046325684,56.08193588256836,85.72483825683594
2018-11-22,4365.93994140625,33.706146240234375,73.2360610961914,115.86000061035156,9.87879467010498,42.4075927734375,152.85113525390625,20.799999237060547,3.061000108718872,2.3499999046325684,56.08193588256836,85.72483825683594
2018-11-23,4347.10986328125,33.312171936035156,72.71353149414062,115.7699966430664,9.57180404663086,42.3470458984375,151.74554443359375,21.520000457763672,3.053999900817871,2.3480000495910645,55.77177047729492,85.76322174072266
2018-11-24,3880.760009765625,33.312171936035156,72.71353149414062,115.7699966430664,9.57180404663086,42.3470458984375,151.74554443359375,21.520000457763672,3.053999900817871,2.3480000495910645,55.77177047729492,85.76322174072266
2018-11-25,4009.969970703125,33.312171936035156,72.71353149414062,115.7699966430664,9.57180404663086,42.3470458984375,151.74554443359375,21.520000457763672,3.053999900817871,2.3480000495910645,55.77177047729492,85.76322174072266
2018-11-26,3779.1298828125,33.722904205322266,73.6504898071289,115.63999938964844,9.650519371032715,43.18998336791992,155.25296020507812,18.899999618530273,3.072000026702881,2.3429999351501465,56.034732818603516,85.80164337158203
2018-11-27,3820.719970703125,33.957611083984375,73.80364990234375,114.94999694824219,9.62690544128418,43.25518035888672,155.77723693847656,19.020000457763672,3.055000066757202,2.3529999256134033,56.007781982421875,85.694091796875
2018-11-28,4257.419921875,34.770721435546875,75.56947326660156,115.37999725341797,9.957508087158203,44.40082931518555,160.79058837890625,18.489999771118164,3.0439999103546143,2.3350000381469727,56.47307205200195,85.92457580566406
2018-11-29,4278.8466796875,34.46895217895508,75.21808624267578,115.73999786376953,9.87879467010498,43.981693267822266,160.26634216308594,18.790000915527344,3.0350000858306885,2.309999942779541,56.48655700683594,85.6786880493164
2018-11-30,4017.2685546875,34.4354248046875,75.94784545898438,115.54000091552734,9.870923042297363,45.0574836730957,161.42916870117188,18.06999969482422,3.013000011444092,2.308000087738037,56.37189483642578,85.62494659423828
2018-12-01,4214.671875,34.4354248046875,75.94784545898438,115.54000091552734,9.870923042297363,45.0574836730957,161.42916870117188,18.06999969482422,3.013000011444092,2.308000087738037,56.37189483642578,85.62494659423828
2018-12-02,4139.8779296875,34.4354248046875,75.94784545898438,115.54000091552734,9.870923042297363,45.0574836730957,161.42916870117188,18.06999969482422,3.013000011444092,2.308000087738037,56.37189483642578,85.62494659423828
2018-12-03,3894.130859375,35.13117218017578,76.82176208496094,116.41000366210938,10.059839248657227,45.849185943603516,164.25039672851562,16.440000534057617,2.992000102996826,2.2880001068115234,56.762088775634766,85.94324493408203
2018-12-04,3956.893798828125,34.3851318359375,74.47034454345703,117.12000274658203,9.831564903259277,43.595149993896484,157.95030212402344,20.739999771118164,2.9240000247955322,2.365000009536743,56.40981674194336,85.9586410522461
2018-12-05,3753.994873046875,34.3851318359375,74.47034454345703,117.12000274658203,9.831564903259277,43.595149993896484,157.95030212402344,20.739999771118164,2.9240000247955322,2.365000009536743,56.40981674194336,85.9586410522461
2018-12-06,3521.101806640625,34.06658935546875,74.45231628417969,117.13999938964844,9.729233741760254,43.33900833129883,159.0654296875,21.190000534057617,2.875999927520752,2.3529999256134033,56.213417053222656,86.22066497802734
2018-12-07,3419.937255859375,33.429527282714844,72.74056243896484,118.08999633789062,9.619032859802246,41.695045471191406,153.81373596191406,23.229999542236328,2.8499999046325684,2.3399999141693115,56.10506057739258,86.22837829589844
2018-12-08,3476.11474609375,33.429527282714844,72.74056243896484,118.08999633789062,9.619032859802246,41.695045471191406,153.81373596191406,23.229999542236328,2.8499999046325684,2.3399999141693115,56.10506057739258,86.22837829589844
2018-12-09,3614.234375,33.429527282714844,72.74056243896484,118.08999633789062,9.619032859802246,41.695045471191406,153.81373596191406,23.229999542236328,2.8499999046325684,2.3399999141693115,56.10506057739258,86.22837829589844
2018-12-10,3502.656005859375,33.077457427978516,72.96576690673828,117.68000030517578,9.619032859802246,42.17938995361328,155.4244842529297,22.639999389648438,2.8559999465942383,2.3299999237060547,56.14567947387695,86.49040985107422
2018-12-11,3424.588134765625,33.32892608642578,73.01080322265625,117.54000091552734,9.556061744689941,42.38896560668945,155.93922424316406,21.760000228881836,2.878999948501587,2.369999885559082,56.24725341796875,86.6445083618164
2018-12-12,3486.9501953125,33.87379455566406,73.38921356201172,117.79000091552734,9.77646541595459,43.03164291381836,157.31167602539062,21.459999084472656,2.9059998989105225,2.375,56.43015670776367,86.73701477050781
2018-12-13,3313.67724609375,33.86541748046875,73.43428802490234,117.52999877929688,9.815820693969727,42.88726806640625,157.35935974121094,20.649999618530273,2.9110000133514404,2.36299991607666,56.565635681152344,86.96820068359375
2018-12-14,3242.48486328125,33.38760757446289,71.8035888671875,117.05999755859375,9.737105369567871,42.221309661865234,153.52780151367188,21.6299991607666,2.8910000324249268,2.368000030517578,56.328556060791016,86.875732421875
2018-12-15,3236.76171875,33.38760757446289,71.8035888671875,117.05999755859375,9.737105369567871,42.221309661865234,153.52780151367188,21.6299991607666,2.8910000324249268,2.368000030517578,56.328556060791016,86.875732421875
2018-12-16,3252.839111328125,33.38760757446289,71.8035888671875,117.05999755859375,9.737105369567871,42.221309661865234,153.52780151367188,21.6299991607666,2.8910000324249268,2.368000030517578,56.328556060791016,86.875732421875
2018-12-17,3545.86474609375,33.077457427978516,70.23870086669922,117.87000274658203,9.437987327575684,41.82080078125,150.04893493652344,24.520000457763672,2.8570001125335693,2.3399999141693115,55.962764739990234,86.96820068359375
2018-12-18,3696.05908203125,33.30207443237305,70.33833312988281,118.1500015258789,9.437987327575684,42.32376480102539,150.99252319335938,25.579999923706055,2.825000047683716,2.328000068664551,55.86138153076172,87.27899932861328
2018-12-19,3745.95068359375,32.7490234375,69.16104888916016,117.43000030517578,9.1939697265625,40.48886489868164,147.2849578857422,25.579999923706055,2.7780001163482666,2.3380000591278076,55.35776138305664,87.20938110351562
2018-12-20,4134.44140625,33.0042839050293,68.13770294189453,119.23999786376953,9.2018404006958,40.16515350341797,145.14990234375,28.3799991607666,2.7890000343322754,2.3350000381469727,54.874534606933594,86.92334747314453
2018-12-21,3896.543701171875,32.77455520629883,66.71592712402344,118.72000122070312,8.98930835723877,39.47216033935547,140.65122985839844,30.110000610351562,2.7920000553131104,2.3299999237060547,54.60232925415039,86.83829498291016
2018-12-22,4014.1826171875,32.77455520629883,66.71592712402344,118.72000122070312,8.98930835723877,39.47216033935547,140.65122985839844,30.110000610351562,2.7920000553131104,2.3299999237060547,54.60232925415039,86.83829498291016
2018-12-23,3998.980224609375,32.77455520629883,66.71592712402344,118.72000122070312,8.98930835723877,39.47216033935547,140.65122985839844,30.110000610351562,2.7920000553131104,2.3299999237060547,54.60232925415039,86.83829498291016
2018-12-24,4078.59912109375,32.46825408935547,65.1220474243164,120.0199966430664,8.894850730895996,38.42791748046875,137.1633758544922,36.06999969482422,2.749000072479248,2.3329999446868896,54.19397735595703,86.63734436035156
2018-12-25,3815.49072265625,32.46825408935547,65.1220474243164,120.0199966430664,8.894850730895996,38.42791748046875,137.1633758544922,36.06999969482422,2.749000072479248,2.3329999446868896,54.19397735595703,86.63734436035156
2018-12-26,3857.297607421875,33.11488342285156,68.17391967773438,119.66000366210938,9.09951114654541,40.587589263916016,145.72772216796875,30.40999984741211,2.796999931335449,2.380000114440918,55.10594940185547,86.56777954101562
2018-12-27,3654.83349609375,33.072349548339844,68.97085571289062,120.56999969482422,9.075894355773926,40.94358825683594,146.2917022705078,29.959999084472656,2.743000030517578,2.3480000495910645,55.07191848754883,86.56777954101562
2018-12-28,3923.918701171875,33.38716125488281,68.79879760742188,121.05999755859375,9.164458274841309,41.22362518310547,146.2152099609375,28.34000015258789,2.7360000610351562,2.328000068664551,55.15361785888672,86.97747802734375
2018-12-29,3820.40869140625,33.38716125488281,68.79879760742188,121.05999755859375,9.164458274841309,41.22362518310547,146.2152099609375,28.34000015258789,2.7360000610351562,2.328000068664551,55.15361785888672,86.97747802734375
2018-12-30,3865.95263671875,33.38716125488281,68.79879760742188,121.05999755859375,9.164458274841309,41.22362518310547,146.2152099609375,28.34000015258789,2.7360000610351562,2.328000068664551,55.15361785888672,86.97747802734375
2018-12-31,3742.700439453125,33.23400115966797,69.51420593261719,121.25,9.227713584899902,41.427734375,147.44827270507812,25.420000076293945,2.686000108718872,2.299999952316284,55.19440841674805,87.2171401977539
2019-01-01,3843.52001953125,33.23400115966797,69.51420593261719,121.25,9.227713584899902,41.427734375,147.44827270507812,25.420000076293945,2.686000108718872,2.299999952316284,55.19440841674805,87.2171401977539
2019-01-02,3943.409423828125,33.31908416748047,69.47799682617188,121.33000183105469,9.211899757385254,41.73150634765625,148.04087829589844,23.219999313354492,2.6610000133514404,2.365000009536743,55.11955261230469,87.48770141601562
2019-01-03,3836.7412109375,32.71499252319336,67.73017883300781,122.43000030517578,9.156550407409668,39.225337982177734,143.2042999267578,25.450000762939453,2.553999900817871,2.3550000190734863,55.146793365478516,87.52635192871094
2019-01-04,3857.717529296875,33.770042419433594,70.12098693847656,121.44000244140625,9.472837448120117,41.05275344848633,149.33120727539062,21.3799991607666,2.6589999198913574,2.3580000400543213,56.07236862182617,87.47225952148438
2019-01-05,3845.194580078125,33.770042419433594,70.12098693847656,121.44000244140625,9.472837448120117,41.05275344848633,149.33120727539062,21.3799991607666,2.6589999198913574,2.3580000400543213,56.07236862182617,87.47225952148438
2019-01-06,4076.632568359375,33.770042419433594,70.12098693847656,121.44000244140625,9.472837448120117,41.05275344848633,149.33120727539062,21.3799991607666,2.6589999198913574,2.3580000400543213,56.07236862182617,87.47225952148438
2019-01-07,4025.248291015625,33.846614837646484,70.546630859375,121.86000061035156,9.559818267822266,41.845428466796875,151.10911560058594,21.399999618530273,2.681999921798706,2.3529999256134033,56.61685562133789,87.47998809814453
2019-01-08,4030.847900390625,33.9742431640625,71.30732727050781,121.52999877929688,9.630983352661133,41.60335159301758,152.4759521484375,20.469999313354492,2.7160000801086426,2.4000000953674316,56.984317779541016,87.67324829101562
2019-01-09,4035.29638671875,34.57833480834961,71.70578002929688,122.30999755859375,9.804941177368164,42.66657257080078,153.71856689453125,19.979999542236328,2.7279999256134033,2.390000104904175,57.05238342285156,88.00565338134766
2019-01-10,3678.924560546875,34.82508850097656,72.03182220458984,121.58999633789062,9.852385520935059,43.10800552368164,154.15826416015625,19.5,2.7309999465942383,2.375,57.27695846557617,87.77374267578125
2019-01-11,3687.365478515625,34.65492248535156,71.8235092163086,121.80000305175781,9.710053443908691,43.463985443115234,153.5942840576172,18.190000534057617,2.7009999752044678,2.369999885559082,57.09322738647461,87.93607330322266
2019-01-12,3661.301025390625,34.65492248535156,71.8235092163086,121.80000305175781,9.710053443908691,43.463985443115234,153.5942840576172,18.190000534057617,2.7009999752044678,2.369999885559082,57.09322738647461,87.93607330322266
2019-01-13,3552.953125,34.65492248535156,71.8235092163086,121.80000305175781,9.710053443908691,43.463985443115234,153.5942840576172,18.190000534057617,2.7009999752044678,2.369999885559082,57.09322738647461,87.93607330322266
2019-01-14,3706.05224609375,34.36563491821289,71.44315338134766,122.08999633789062,9.72586727142334,42.71878433227539,152.23696899414062,19.06999969482422,2.7100000381469727,2.359999895095825,56.90946578979492,87.70413970947266
2019-01-15,3630.67529296875,34.6038703918457,72.09519958496094,121.87999725341797,9.749591827392578,42.83270263671875,155.20970153808594,18.600000381469727,2.7109999656677246,2.382999897003174,57.10002899169922,87.75822448730469
2019-01-16,3655.0068359375,35.02928924560547,72.15858459472656,122.2699966430664,9.82866382598877,42.49569320678711,155.18101501464844,19.040000915527344,2.7309999465942383,2.36299991607666,57.18851089477539,87.92835235595703
2019-01-17,3678.56396484375,35.18244552612305,72.81062316894531,122.11000061035156,9.717960357666016,43.02256393432617,156.4044647216797,18.059999465942383,2.749000072479248,2.3550000190734863,57.345001220703125,88.10614776611328
2019-01-18,3657.83935546875,35.35261154174805,73.78868865966797,121.0199966430664,9.789127349853516,44.08578109741211,157.9529571533203,17.799999237060547,2.7839999198913574,2.3480000495910645,57.50834655761719,88.26075744628906
2019-01-19,3728.568359375,35.35261154174805,73.78868865966797,121.0199966430664,9.789127349853516,44.08578109741211,157.9529571533203,17.799999237060547,2.7839999198913574,2.3480000495910645,57.50834655761719,88.26075744628906
2019-01-20,3601.013671875,35.35261154174805,73.78868865966797,121.0199966430664,9.789127349853516,44.08578109741211,157.9529571533203,17.799999237060547,2.7839999198913574,2.3480000495910645,57.50834655761719,88.26075744628906
2019-01-21,3576.032470703125,35.35261154174805,73.78868865966797,121.0199966430664,9.789127349853516,44.08578109741211,157.9529571533203,17.799999237060547,2.7839999198913574,2.3480000495910645,57.50834655761719,88.26075744628906
2019-01-22,3604.5771484375,34.74000549316406,72.7381820678711,121.44999694824219,9.607260704040527,42.80896759033203,154.78912353515625,20.799999237060547,2.7300000190734863,2.3450000286102295,57.127227783203125,88.40762329101562
2019-01-23,3585.123046875,35.09736251831055,72.78347778320312,121.27999877929688,9.638891220092773,42.638092041015625,154.9898223876953,19.520000457763672,2.755000114440918,2.3529999256134033,57.242942810058594,88.6318359375
2019-01-24,3600.865478515625,35.43770217895508,72.84683227539062,121.08999633789062,9.710053443908691,45.149009704589844,155.9934539794922,18.889999389648438,2.7119998931884766,2.305000066757202,57.304176330566406,88.86373901367188
2019-01-25,3599.765869140625,35.90566635131836,73.643798828125,122.86000061035156,10.010529518127441,45.98914337158203,157.85733032226562,17.420000076293945,2.753000020980835,2.328000068664551,57.44710159301758,88.94105529785156
2019-01-26,3602.46044921875,35.90566635131836,73.643798828125,122.86000061035156,10.010529518127441,45.98914337158203,157.85733032226562,17.420000076293945,2.753000020980835,2.328000068664551,57.44710159301758,88.94105529785156
2019-01-27,3583.9658203125,35.90566635131836,73.643798828125,122.86000061035156,10.010529518127441,45.98914337158203,157.85733032226562,17.420000076293945,2.753000020980835,2.328000068664551,57.44710159301758,88.94105529785156
2019-01-28,3470.450439453125,35.53128433227539,73.13665771484375,123.29000091552734,9.93145751953125,45.13002395629883,155.9073944091797,18.8700008392334,2.74399995803833,2.3329999446868896,57.358673095703125,88.92556762695312
2019-01-29,3448.116943359375,35.590850830078125,73.17288970947266,123.9800033569336,10.057971000671387,44.531959533691406,154.43540954589844,19.1299991607666,2.7119998931884766,2.365000009536743,57.324615478515625,89.11886596679688
2019-01-30,3486.181640625,36.3651237487793,74.09659576416016,124.69000244140625,9.963086128234863,45.879981994628906,158.36390686035156,17.65999984741211,2.694999933242798,2.365000009536743,57.780582427978516,89.52857971191406
2019-01-31,3457.792724609375,36.671424865722656,75.24667358398438,124.75,10.042158126831055,45.846744537353516,160.73448181152344,16.56999969482422,2.634999990463257,2.3399999141693115,57.92350769042969,90.15479278564453
2019-02-01,3487.9453125,36.382137298583984,75.58177185058594,124.5,9.970991134643555,46.43056869506836,160.05581665039062,16.139999389648438,2.690999984741211,2.3399999141693115,57.89549255371094,89.93998718261719
2019-02-02,3521.060791015625,36.382137298583984,75.58177185058594,124.5,9.970991134643555,46.43056869506836,160.05581665039062,16.139999389648438,2.690999984741211,2.3399999141693115,57.89549255371094,89.93998718261719
2019-02-03,3464.013427734375,36.382137298583984,75.58177185058594,124.5,9.970991134643555,46.43056869506836,160.05581665039062,16.139999389648438,2.690999984741211,2.3399999141693115,57.89549255371094,89.93998718261719
2019-02-04,3459.154052734375,36.44169616699219,76.07986450195312,123.95999908447266,10.231929779052734,46.65840530395508,162.0438995361328,15.729999542236328,2.7239999771118164,2.3350000381469727,58.03221130371094,89.8159408569336
2019-02-05,3466.357421875,36.94369125366211,76.57794189453125,124.27999877929688,10.469146728515625,46.919464111328125,163.47772216796875,15.569999694824219,2.7019999027252197,2.365000009536743,58.237388610839844,90.18035125732422
2019-02-06,3413.767822265625,36.44169616699219,76.44210052490234,123.44000244140625,10.263559341430664,48.08237075805664,162.9902801513672,15.380000114440918,2.7019999027252197,2.365000009536743,58.1826286315918,90.009765625
2019-02-07,3399.4716796875,36.07583236694336,75.68141174316406,123.73999786376953,10.184487342834473,47.04762268066406,160.80133056640625,16.3700008392334,2.6519999504089355,2.3550000190734863,57.98438262939453,89.99425506591797
2019-02-08,3666.7802734375,35.87162399291992,75.88063049316406,124.20999908447266,10.113321304321289,46.919464111328125,161.11679077148438,15.720000267028809,2.631999969482422,2.365000009536743,57.97068786621094,90.21913146972656
2019-02-09,3671.20361328125,35.87162399291992,75.88063049316406,124.20999908447266,10.113321304321289,46.919464111328125,161.11679077148438,15.720000267028809,2.631999969482422,2.365000009536743,57.97068786621094,90.21913146972656
2019-02-10,3690.188232421875,35.87162399291992,75.88063049316406,124.20999908447266,10.113321304321289,46.919464111328125,161.11679077148438,15.720000267028809,2.631999969482422,2.365000009536743,57.97068786621094,90.21913146972656
2019-02-11,3648.4306640625,35.752506256103516,75.96215057373047,123.5999984741211,10.121230125427246,47.123565673828125,160.9638214111328,15.970000267028809,2.6610000133514404,2.375,57.99803924560547,90.01753234863281
2019-02-12,3653.528564453125,36.05030822753906,76.83150482177734,123.86000061035156,10.042158126831055,48.17254638671875,163.34390258789062,15.430000305175781,2.684000015258789,2.378000020980835,58.27832794189453,90.14155578613281
2019-02-13,3632.070556640625,35.7950553894043,77.26620483398438,123.37000274658203,9.978899955749512,48.28646469116211,163.45852661132812,15.649999618530273,2.7079999446868896,2.372999906539917,58.19632339477539,89.90898132324219
2019-02-14,3616.880859375,35.863121032714844,77.12128448486328,124.05999755859375,9.978899955749512,48.42885971069336,163.65931701660156,16.219999313354492,2.6570000648498535,2.372999906539917,58.20314025878906,90.009765625
2019-02-15,3620.810791015625,35.81207275390625,77.90918731689453,124.80000305175781,10.105413436889648,48.67568588256836,164.34754943847656,14.90999984741211,2.6659998893737793,2.369999885559082,58.38774871826172,90.11832427978516
2019-02-16,3629.78759765625,35.81207275390625,77.90918731689453,124.80000305175781,10.105413436889648,48.67568588256836,164.34754943847656,14.90999984741211,2.6659998893737793,2.369999885559082,58.38774871826172,90.11832427978516
2019-02-17,3673.836181640625,35.81207275390625,77.90918731689453,124.80000305175781,10.105413436889648,48.67568588256836,164.34754943847656,14.90999984741211,2.6659998893737793,2.369999885559082,58.38774871826172,90.11832427978516
2019-02-18,3915.71435546875,35.81207275390625,77.90918731689453,124.80000305175781,10.105413436889648,48.67568588256836,164.34754943847656,14.90999984741211,2.6659998893737793,2.369999885559082,58.38774871826172,90.11832427978516
2019-02-19,3947.094482421875,36.09284973144531,77.90918731689453,126.69999694824219,10.026344299316406,48.61872100830078,164.6725311279297,14.880000114440918,2.6470000743865967,2.372999906539917,58.40825271606445,90.17256164550781
2019-02-20,3999.820556640625,36.297054290771484,78.22613525390625,126.4800033569336,10.129137992858887,49.06015396118164,164.6438751220703,14.020000457763672,2.6540000438690186,2.382999897003174,58.45612335205078,90.09504699707031
2019-02-21,3954.1181640625,36.22047805786133,77.80052185058594,125.05000305175781,10.081692695617676,48.75637435913086,164.04164123535156,14.460000038146973,2.687999963760376,2.3949999809265137,58.401424407958984,89.83918762207031
2019-02-22,4005.526611328125,36.62036895751953,78.56121826171875,125.5,10.081692695617676,49.44936752319336,165.25555419921875,13.510000228881836,2.6549999713897705,2.3929998874664307,58.51762390136719,90.24237060546875
2019-02-23,4142.52685546875,36.62036895751953,78.56121826171875,125.5,10.081692695617676,49.44936752319336,165.25555419921875,13.510000228881836,2.6549999713897705,2.3929998874664307,58.51762390136719,90.24237060546875
2019-02-24,3810.427490234375,36.62036895751953,78.56121826171875,125.5,10.081692695617676,49.44936752319336,165.25555419921875,13.510000228881836,2.6549999713897705,2.3929998874664307,58.51762390136719,90.24237060546875
2019-02-25,3882.6962890625,37.028778076171875,78.6246109008789,125.37000274658203,10.034249305725098,49.90028381347656,165.85775756835938,14.850000381469727,2.6730000972747803,2.3929998874664307,58.56550598144531,90.21138000488281
2019-02-26,3854.35791015625,36.90114974975586,78.60650634765625,125.58000183105469,9.970991134643555,49.577518463134766,166.02976989746094,15.170000076293945,2.635999917984009,2.4000000953674316,58.64071273803711,90.3509521484375
2019-02-27,3851.04736328125,36.586334228515625,78.71515655517578,124.69000244140625,9.947272300720215,49.069644927978516,165.92466735839844,14.699999809265137,2.693000078201294,2.3929998874664307,58.6612434387207,90.09504699707031
2019-02-28,3854.785400390625,36.10985565185547,78.5250015258789,123.98999786376953,9.781219482421875,49.04590606689453,165.54229736328125,14.779999732971191,2.7109999656677246,2.382999897003174,58.62702560424805,89.97100830078125
2019-03-01,3859.583740234375,36.15241241455078,79.09551239013672,121.87999725341797,9.717960357666016,49.496829986572266,166.6893768310547,13.569999694824219,2.755000114440918,2.378000020980835,58.79322052001953,89.81389617919922
2019-03-02,3864.4150390625,36.15241241455078,79.09551239013672,121.87999725341797,9.717960357666016,49.496829986572266,166.6893768310547,13.569999694824219,2.755000114440918,2.378000020980835,58.79322052001953,89.81389617919922
2019-03-03,3847.17578125,36.15241241455078,79.09551239013672,121.87999725341797,9.717960357666016,49.496829986572266,166.6893768310547,13.569999694824219,2.755000114440918,2.378000020980835,58.79322052001953,89.81389617919922
2019-03-04,3761.55712890625,36.20344924926758,78.88722229003906,121.55999755859375,9.615168571472168,49.52056121826172,166.7179718017578,14.630000114440918,2.7219998836517334,2.375,58.703948974609375,90.01610565185547
2019-03-05,3896.375,36.56081771850586,78.79668426513672,121.72000122070312,9.630983352661133,49.28798294067383,166.84231567382812,14.739999771118164,2.7219998836517334,2.4000000953674316,58.676517486572266,90.04722595214844
2019-03-06,3903.942626953125,36.356605529785156,78.5068588256836,121.61000061035156,9.630983352661133,48.457340240478516,165.89599609375,15.739999771118164,2.691999912261963,2.4049999713897705,58.58035659790039,90.13275909423828
2019-03-07,3911.484375,35.684444427490234,77.87297821044922,121.51000213623047,9.559818267822266,47.930477142333984,163.86004638671875,16.59000015258789,2.635999917984009,2.3949999809265137,58.53909683227539,90.42835235595703
2019-03-08,3901.131591796875,35.429195404052734,77.7280502319336,122.83999633789062,9.551910400390625,47.916236877441406,163.61146545410156,16.049999237060547,2.625,2.3929998874664307,58.4429817199707,90.54499053955078
2019-03-09,3963.313720703125,35.429195404052734,77.7280502319336,122.83999633789062,9.551910400390625,47.916236877441406,163.61146545410156,16.049999237060547,2.625,2.3929998874664307,58.4429817199707,90.54499053955078
2019-03-10,3951.599853515625,35.429195404052734,77.7280502319336,122.83999633789062,9.551910400390625,47.916236877441406,163.61146545410156,16.049999237060547,2.625,2.3929998874664307,58.4429817199707,90.54499053955078
2019-03-11,3905.227294921875,36.09284973144531,78.92346954345703,122.23999786376953,9.654704093933105,48.93674087524414,167.01431274414062,14.329999923706055,2.6429998874664307,2.380000114440918,58.635250091552734,90.64613342285156
2019-03-12,3909.15625,36.280033111572266,79.24948120117188,122.9800033569336,9.670517921447754,49.17881393432617,167.9319610595703,13.770000457763672,2.6050000190734863,2.3949999809265137,58.73833465576172,90.89505767822266
2019-03-13,3906.71728515625,36.322574615478516,79.67512512207031,123.83999633789062,9.76540470123291,49.378170013427734,169.19363403320312,13.40999984741211,2.6110000610351562,2.388000011444092,58.896240234375,90.74722290039062
2019-03-14,3924.369140625,36.12688064575195,79.64794158935547,122.41000366210938,9.844476699829102,49.102867126464844,168.90687561035156,13.5,2.630000114440918,2.388000011444092,58.85506057739258,90.56837463378906
2019-03-15,3960.9111328125,36.65441131591797,80.00112915039062,122.97000122070312,9.970991134643555,50.417659759521484,170.47454833984375,12.880000114440918,2.5929999351501465,2.388000011444092,58.909996032714844,90.89505767822266
2019-03-16,4048.725830078125,36.65441131591797,80.00112915039062,122.97000122070312,9.970991134643555,50.417659759521484,170.47454833984375,12.880000114440918,2.5929999351501465,2.388000011444092,58.909996032714844,90.89505767822266
2019-03-17,4025.22900390625,36.65441131591797,80.00112915039062,122.97000122070312,9.970991134643555,50.417659759521484,170.47454833984375,12.880000114440918,2.5929999351501465,2.388000011444092,58.909996032714844,90.89505767822266
2019-03-18,4032.50732421875,37.06281280517578,80.10073852539062,123.04000091552734,9.963086128234863,50.280006408691406,170.88047790527344,13.100000381469727,2.6019999980926514,2.384999990463257,58.889347076416016,90.84838104248047
2019-03-19,4071.190185546875,37.079833984375,80.05546569824219,123.37999725341797,9.994714736938477,50.85908508300781,171.45501708984375,13.5600004196167,2.614000082015991,2.4049999713897705,58.9237060546875,90.86390686035156
2019-03-20,4087.476318359375,37.1393928527832,79.89545440673828,124.18000030517578,10.050065994262695,50.42240524291992,172.1348876953125,13.90999984741211,2.5350000858306885,2.4079999923706055,59.17780685424805,91.4784164428711
2019-03-21,4029.326904296875,37.1904411315918,80.68647003173828,123.68000030517578,9.986806869506836,52.15963363647461,174.8257598876953,13.630000114440918,2.5369999408721924,2.4079999923706055,59.16410446166992,91.6495132446289
2019-03-22,4023.96826171875,36.101356506347656,79.21350860595703,123.97000122070312,9.77331256866455,50.66922378540039,170.9857940673828,16.479999542236328,2.4549999237060547,2.3980000019073486,58.951202392578125,92.20952606201172
2019-03-23,4035.826416015625,36.101356506347656,79.21350860595703,123.97000122070312,9.77331256866455,50.66922378540039,170.9857940673828,16.479999542236328,2.4549999237060547,2.3980000019073486,58.951202392578125,92.20952606201172
2019-03-24,4022.168212890625,36.101356506347656,79.21350860595703,123.97000122070312,9.77331256866455,50.66922378540039,170.9857940673828,16.479999542236328,2.4549999237060547,2.3980000019073486,58.951202392578125,92.20952606201172
2019-03-25,3963.070556640625,36.18644332885742,79.18619537353516,124.91999816894531,9.876107215881348,50.028446197509766,170.6602325439453,16.329999923706055,2.4200000762939453,2.390000104904175,58.930564880371094,92.39620208740234
2019-03-26,3985.080810546875,36.297054290771484,79.90453338623047,124.30000305175781,9.994714736938477,50.49359893798828,171.45501708984375,14.680000305175781,2.4140000343322754,2.4049999713897705,59.07478332519531,92.43511199951172
2019-03-27,4087.066162109375,35.90566635131836,79.55902099609375,123.6500015258789,9.891921043395996,49.75789260864258,170.35386657714844,15.149999618530273,2.374000072479248,2.378000020980835,59.116004943847656,92.5595474243164
2019-03-28,4069.107177734375,36.14390182495117,79.93180084228516,121.9000015258789,9.804941177368164,49.662960052490234,170.74642944335938,14.430000305175781,2.3889999389648438,2.369999885559082,59.23274612426758,92.67626190185547
2019-03-29,4098.37451171875,36.518272399902344,80.51373291015625,122.01000213623047,9.876107215881348,50.46987533569336,172.03916931152344,13.710000038146973,2.4140000343322754,2.328000068664551,59.38383483886719,92.60623168945312
2019-03-30,4106.66015625,36.518272399902344,80.51373291015625,122.01000213623047,9.876107215881348,50.46987533569336,172.03916931152344,13.710000038146973,2.4140000343322754,2.328000068664551,59.38383483886719,92.60623168945312
2019-03-31,4105.404296875,36.518272399902344,80.51373291015625,122.01000213623047,9.876107215881348,50.46987533569336,172.03916931152344,13.710000038146973,2.4140000343322754,2.328000068664551,59.38383483886719,92.60623168945312
2019-04-01,4158.18310546875,37.12236785888672,81.3502197265625,121.52999877929688,10.144951820373535,51.71345901489258,174.31822204589844,13.399999618530273,2.496999979019165,2.322999954223633,59.36935806274414,92.2613754272461
2019-04-02,4879.8779296875,37.003257751464844,81.42296600341797,121.9800033569336,10.089600563049316,51.75617980957031,174.9789276123047,13.359999656677246,2.4809999465942383,2.369999885559082,59.3969612121582,92.38619232177734
2019-04-03,4973.02197265625,37.25850296020508,81.50479888916016,121.80000305175781,10.168672561645508,52.9618034362793,175.9844207763672,13.739999771118164,2.5169999599456787,2.372999906539917,59.41763687133789,92.191162109375
2019-04-04,4922.798828125,37.48823165893555,81.69573974609375,122.11000061035156,10.176580429077148,53.018760681152344,175.91734313964844,13.579999923706055,2.51200008392334,2.369999885559082,59.507293701171875,92.33941650390625
2019-04-05,5036.68115234375,37.77751541137695,82.1139907836914,121.9800033569336,10.184487342834473,53.4174690246582,176.8270721435547,12.819999694824219,2.500999927520752,2.369999885559082,59.61767578125,92.48760986328125
2019-04-06,5059.8173828125,37.77751541137695,82.1139907836914,121.9800033569336,10.184487342834473,53.4174690246582,176.8270721435547,12.819999694824219,2.500999927520752,2.369999885559082,59.61767578125,92.48760986328125
2019-04-07,5198.89697265625,37.77751541137695,82.1139907836914,121.9800033569336,10.184487342834473,53.4174690246582,176.8270721435547,12.819999694824219,2.500999927520752,2.369999885559082,59.61767578125,92.48760986328125
2019-04-08,5289.77099609375,37.77751541137695,82.21401977539062,122.51000213623047,10.216115951538086,53.526634216308594,177.27716064453125,13.180000305175781,2.5190000534057617,2.365000009536743,59.58317184448242,92.35498809814453
2019-04-09,5204.95849609375,37.70094680786133,81.75940704345703,123.1500015258789,10.176580429077148,52.94281005859375,176.65472412109375,14.279999732971191,2.499000072479248,2.365000009536743,59.54179000854492,92.55003356933594
2019-04-10,5324.5517578125,37.87962341308594,82.1139907836914,123.52999877929688,10.168672561645508,53.37000274658203,177.60267639160156,13.300000190734863,2.4769999980926514,2.36299991607666,59.80390930175781,93.00255584716797
2019-04-11,5064.48779296875,37.471221923828125,82.16856384277344,121.94999694824219,10.121230125427246,53.317787170410156,177.18138122558594,13.020000457763672,2.503999948501587,2.365000009536743,59.89359664916992,92.9089126586914
2019-04-12,5089.5390625,37.74348831176758,82.88684844970703,121.83000183105469,10.065878868103027,54.0677375793457,177.94741821289062,12.010000228881836,2.559999942779541,2.375,59.983272552490234,92.8542709350586
2019-04-13,5096.58642578125,37.74348831176758,82.88684844970703,121.83000183105469,10.065878868103027,54.0677375793457,177.94741821289062,12.010000228881836,2.559999942779541,2.375,59.983272552490234,92.8542709350586
2019-04-14,5167.72216796875,37.74348831176758,82.88684844970703,121.83000183105469,10.065878868103027,54.0677375793457,177.94741821289062,12.010000228881836,2.559999942779541,2.375,59.983272552490234,92.8542709350586
2019-04-15,5067.1083984375,37.54779052734375,82.88684844970703,121.5999984741211,9.92354965209961,53.67852020263672,177.9761962890625,12.319999694824219,2.552999973297119,2.359999895095825,59.941871643066406,92.70608520507812
2019-04-16,5235.5595703125,37.82857894897461,83.02323913574219,120.51000213623047,9.86029052734375,54.98856735229492,178.5889892578125,12.180000305175781,2.5920000076293945,2.378000020980835,59.907379150390625,92.44862365722656
2019-04-17,5251.93798828125,37.93918228149414,82.7686538696289,120.27999877929688,9.891921043395996,55.80022430419922,179.21142578125,12.600000381469727,2.5920000076293945,2.380000114440918,59.76253890991211,92.43301391601562
2019-04-18,5298.3857421875,37.91366195678711,82.68682861328125,120.37000274658203,9.82866382598877,55.880924224853516,179.44126892089844,12.09000015258789,2.559999942779541,2.365000009536743,59.79010772705078,92.5110092163086
2019-04-19,5303.8125,37.91366195678711,82.68682861328125,120.37000274658203,9.82866382598877,55.880924224853516,179.44126892089844,12.09000015258789,2.559999942779541,2.365000009536743,59.79010772705078,92.5110092163086
2019-04-20,5337.88623046875,37.91366195678711,82.68682861328125,120.37000274658203,9.82866382598877,55.880924224853516,179.44126892089844,12.09000015258789,2.559999942779541,2.365000009536743,59.79010772705078,92.5110092163086
2019-04-21,5314.53125,37.91366195678711,82.68682861328125,120.37000274658203,9.82866382598877,55.880924224853516,179.44126892089844,12.09000015258789,2.559999942779541,2.365000009536743,59.79010772705078,92.5110092163086
2019-04-22,5399.365234375,37.66691207885742,82.68682861328125,120.37000274658203,9.82866382598877,55.838199615478516,179.94876098632812,12.420000076293945,2.5899999141693115,2.375,59.6866569519043,92.36279296875
2019-04-23,5572.3623046875,37.751991271972656,83.60517120361328,120.12000274658203,9.884014129638672,56.28911209106445,182.23741149902344,12.279999732971191,2.569999933242798,2.390000104904175,59.89359664916992,92.7451171875
2019-04-24,5464.86669921875,37.24148941040039,83.55059051513672,120.47000122070312,9.638891220092773,56.768516540527344,181.66290283203125,13.140000343322754,2.5220000743865967,2.375,59.81083297729492,93.05713653564453
2019-04-25,5210.515625,37.1904411315918,83.26874542236328,120.56999969482422,9.559818267822266,55.648338317871094,182.40016174316406,13.25,2.5339999198913574,2.365000009536743,59.838417053222656,93.01033020019531
2019-04-26,5279.34814453125,37.335086822509766,83.55059051513672,121.37000274658203,9.623075485229492,54.969581604003906,182.56295776367188,12.729999542236328,2.505000114440918,2.359999895095825,59.990142822265625,93.33799743652344
2019-04-27,5268.291015625,37.335086822509766,83.55059051513672,121.37000274658203,9.623075485229492,54.969581604003906,182.56295776367188,12.729999542236328,2.505000114440918,2.359999895095825,59.990142822265625,93.33799743652344
2019-04-28,5285.13916015625,37.335086822509766,83.55059051513672,121.37000274658203,9.623075485229492,54.969581604003906,182.56295776367188,12.729999542236328,2.505000114440918,2.359999895095825,59.990142822265625,93.33799743652344
2019-04-29,5247.3525390625,37.411659240722656,83.54150390625,120.83000183105469,9.591445922851562,54.6800422668457,182.91729736328125,13.109999656677246,2.5360000133514404,2.359999895095825,59.96257400512695,92.97130584716797
2019-04-30,5350.7265625,37.377620697021484,83.56880950927734,121.19999694824219,9.583538055419922,55.17843246459961,181.50009155273438,13.119999885559082,2.509000062942505,2.368000030517578,59.96949005126953,93.01033020019531
2019-05-01,5402.697265625,37.096839904785156,82.84139251708984,120.4000015258789,9.528188705444336,54.7559928894043,180.91595458984375,14.800000190734863,2.510999917984009,2.36299991607666,59.77273941040039,92.98059844970703
2019-05-02,5505.28369140625,37.18192672729492,82.71410369873047,119.94000244140625,9.409579277038574,55.27335739135742,180.1306915283203,14.420000076293945,2.552000045776367,2.372999906539917,59.814300537109375,92.64417266845703
2019-05-03,5768.28955078125,37.62437438964844,83.35055541992188,120.6500015258789,9.607260704040527,55.766998291015625,183.00343322753906,12.869999885559082,2.5309998989105225,2.368000030517578,59.966697692871094,93.05883026123047
2019-05-04,5831.16748046875,37.62437438964844,83.35055541992188,120.6500015258789,9.607260704040527,55.766998291015625,183.00343322753906,12.869999885559082,2.5309998989105225,2.368000030517578,59.966697692871094,93.05883026123047
2019-05-05,5795.70849609375,37.62437438964844,83.35055541992188,120.6500015258789,9.607260704040527,55.766998291015625,183.00343322753906,12.869999885559082,2.5309998989105225,2.368000030517578,59.966697692871094,93.05883026123047
2019-05-06,5746.80712890625,36.85010528564453,83.03233337402344,120.80999755859375,9.43330192565918,54.87464904785156,181.88311767578125,15.4399995803833,2.5,2.36299991607666,59.994380950927734,93.18404388427734
2019-05-07,5829.50146484375,36.12688064575195,81.6139144897461,121.20999908447266,9.259344100952148,53.62156677246094,178.34002685546875,19.31999969482422,2.447999954223633,2.368000030517578,59.634185791015625,93.17623138427734
2019-05-08,5982.45751953125,36.07583236694336,81.56845092773438,120.91000366210938,9.24352741241455,53.237098693847656,177.88995361328125,19.399999618530273,2.4820001125335693,2.369999885559082,59.65497589111328,92.86322784423828
2019-05-09,6174.52880859375,35.50577163696289,81.30476379394531,121.19999694824219,9.124920845031738,52.48714828491211,176.93240356445312,19.100000381469727,2.4570000171661377,2.369999885559082,59.56494903564453,92.94934844970703
2019-05-10,6378.84912109375,35.718467712402344,81.67758178710938,121.43000030517578,9.188179016113281,52.43019104003906,177.1526641845703,16.040000915527344,2.4549999237060547,2.369999885559082,59.731178283691406,93.00405883789062
2019-05-11,7204.771484375,35.718467712402344,81.67758178710938,121.43000030517578,9.188179016113281,52.43019104003906,177.1526641845703,16.040000915527344,2.4549999237060547,2.369999885559082,59.731178283691406,93.00405883789062
2019-05-12,6972.37158203125,35.718467712402344,81.67758178710938,121.43000030517578,9.188179016113281,52.43019104003906,177.1526641845703,16.040000915527344,2.4549999237060547,2.369999885559082,59.731178283691406,93.00405883789062
2019-05-13,7814.9150390625,34.52730178833008,79.68628692626953,122.66999816894531,8.943055152893066,49.999961853027344,171.00498962402344,20.549999237060547,2.4049999713897705,2.3499999046325684,59.18394088745117,93.05883026123047
2019-05-14,7994.416015625,35.01228713989258,80.32276153564453,122.45999908447266,9.07747745513916,51.28152847290039,172.88180541992188,18.059999465942383,2.4189999103546143,2.3529999256134033,59.31554412841797,93.1918716430664
2019-05-15,8205.16796875,35.08034896850586,80.97743225097656,122.38999938964844,9.18027114868164,51.75617980957031,175.32362365722656,16.440000534057617,2.378999948501587,2.3499999046325684,59.37098693847656,93.45011901855469
2019-05-16,7884.9091796875,34.91017532348633,81.60479736328125,121.51000213623047,9.20399284362793,51.02521514892578,177.08558654785156,15.289999961853027,2.4049999713897705,2.3380000591278076,59.55106735229492,93.30142211914062
2019-05-17,7343.8955078125,34.28055191040039,81.15928649902344,120.6500015258789,9.18027114868164,50.04267883300781,175.2757568359375,15.960000038146973,2.3929998874664307,2.3299999237060547,59.53031539916992,93.30924987792969
2019-05-18,7271.2080078125,34.28055191040039,81.15928649902344,120.6500015258789,9.18027114868164,50.04267883300781,175.2757568359375,15.960000038146973,2.3929998874664307,2.3299999237060547,59.53031539916992,93.30924987792969
2019-05-19,8197.689453125,34.28055191040039,81.15928649902344,120.6500015258789,9.18027114868164,50.04267883300781,175.2757568359375,15.960000038146973,2.3929998874664307,2.3299999237060547,59.53031539916992,93.30924987792969
2019-05-20,7978.30908203125,34.13590621948242,80.58644104003906,120.63999938964844,9.17236328125,48.05388641357422,172.31686401367188,16.309999465942383,2.4159998893737793,2.319999933242798,59.474891662597656,93.09016418457031
2019-05-21,7963.32763671875,34.5698356628418,81.29568481445312,120.36000061035156,9.211899757385254,49.150333404541016,174.1171112060547,14.949999809265137,2.4260001182556152,2.3299999237060547,59.66189193725586,93.16836547851562
2019-05-22,7680.06640625,34.399658203125,81.0501708984375,120.23999786376953,9.17236328125,48.28646469116211,173.34146118164062,14.75,2.3929998874664307,2.319999933242798,59.71039962768555,93.2857666015625
2019-05-23,7881.8466796875,33.95722198486328,79.98636627197266,121.16999816894531,9.053755760192871,47.48430633544922,170.68894958496094,16.920000076293945,2.2960000038146973,2.302999973297119,59.412513732910156,93.48921966552734
2019-05-24,7987.37158203125,33.99126052856445,80.03182220458984,121.30000305175781,9.061662673950195,47.19476318359375,170.602783203125,15.850000381469727,2.3239998817443848,2.2880001068115234,59.3294563293457,93.68482971191406
2019-05-25,8052.5439453125,33.99126052856445,80.03182220458984,121.30000305175781,9.061662673950195,47.19476318359375,170.602783203125,15.850000381469727,2.3239998817443848,2.2880001068115234,59.3294563293457,93.68482971191406
2019-05-26,8673.2158203125,33.99126052856445,80.03182220458984,121.30000305175781,9.061662673950195,47.19476318359375,170.602783203125,15.850000381469727,2.3239998817443848,2.2880001068115234,59.3294563293457,93.68482971191406
2019-05-27,8805.7783203125,33.99126052856445,80.03182220458984,121.30000305175781,9.061662673950195,47.19476318359375,170.602783203125,15.850000381469727,2.3239998817443848,2.2880001068115234,59.3294563293457,93.68482971191406
2019-05-28,8719.9619140625,34.110382080078125,79.3407974243164,120.83000183105469,9.093293190002441,46.777069091796875,169.9612274169922,17.5,2.2679998874664307,2.2980000972747803,59.27398681640625,93.74742126464844
2019-05-29,8659.4873046875,34.331600189208984,78.73161315917969,120.87000274658203,8.990498542785645,46.93370056152344,168.56314086914062,17.899999618530273,2.2360000610351562,2.2980000972747803,59.11468505859375,93.7865219116211
2019-05-30,8319.47265625,34.51877975463867,78.93163299560547,121.69000244140625,9.022126197814941,47.29444122314453,169.2717742919922,17.299999237060547,2.2269999980926514,2.309999942779541,59.23933410644531,94.32645416259766
2019-05-31,8574.501953125,34.637901306152344,78.06785583496094,123.33000183105469,9.140735626220703,46.62518310546875,166.5714111328125,18.709999084472656,2.1419999599456787,2.2929999828338623,58.809898376464844,94.54554748535156
2019-06-01,8564.0166015625,34.637901306152344,78.06785583496094,123.33000183105469,9.140735626220703,46.62518310546875,166.5714111328125,18.709999084472656,2.1419999599456787,2.2929999828338623,58.809898376464844,94.54554748535156
2019-06-02,8742.9580078125,34.637901306152344,78.06785583496094,123.33000183105469,9.140735626220703,46.62518310546875,166.5714111328125,18.709999084472656,2.1419999599456787,2.2929999828338623,58.809898376464844,94.54554748535156
2019-06-03,8208.9951171875,34.952720642089844,77.82235717773438,125.11000061035156,9.259344100952148,46.57297134399414,162.90386962890625,18.860000610351562,2.0810000896453857,2.2799999713897705,58.90452194213867,94.83673858642578
2019-06-04,7707.77099609375,35.02928924560547,79.65902709960938,125.1500015258789,9.330509185791016,48.481075286865234,167.4906463623047,16.969999313354492,2.11899995803833,2.2950000762939453,59.496028900146484,94.86813354492188
2019-06-05,7824.2314453125,34.74851608276367,80.38645935058594,125.47000122070312,9.235621452331543,48.11083984375,168.73548889160156,16.09000015258789,2.122999906539917,2.2850000858306885,59.63517379760742,94.8053207397461
2019-06-06,7822.0234375,34.765533447265625,80.89561462402344,125.87999725341797,9.24352741241455,48.775360107421875,170.07614135742188,15.930000305175781,2.124000072479248,2.255000114440918,59.760440826416016,94.98582458496094
2019-06-07,8043.951171875,35.03779983520508,81.8593978881836,126.58999633789062,9.377952575683594,49.40664291381836,173.36062622070312,16.299999237060547,2.0840001106262207,2.2149999141693115,59.91355514526367,95.40968322753906
2019-06-08,7954.1279296875,35.03779983520508,81.8593978881836,126.58999633789062,9.377952575683594,49.40664291381836,173.36062622070312,16.299999237060547,2.0840001106262207,2.2149999141693115,59.91355514526367,95.40968322753906
2019-06-09,7688.0771484375,35.03779983520508,81.8593978881836,126.58999633789062,9.377952575683594,49.40664291381836,173.36062622070312,16.299999237060547,2.0840001106262207,2.2149999141693115,59.91355514526367,95.40968322753906
2019-06-10,8000.32958984375,35.40366744995117,82.17764282226562,125.33000183105469,9.354229927062988,50.640743255615234,175.38107299804688,15.9399995803833,2.1429998874664307,2.2200000286102295,60.00398635864258,95.0643539428711
2019-06-11,7927.71435546875,35.80356216430664,82.24129486083984,125.18000030517578,9.425396919250488,50.825862884521484,175.62049865722656,15.989999771118164,2.140000104904175,2.2130000591278076,60.087493896484375,95.15068054199219
2019-06-12,8145.857421875,35.42068099975586,82.10491943359375,125.83000183105469,9.417486190795898,49.724666595458984,174.60546875,15.90999984741211,2.127000093460083,2.1649999618530273,59.94831085205078,95.29195404052734
2019-06-13,8230.923828125,35.36111831665039,82.44132232666016,126.5999984741211,9.464930534362793,49.97148132324219,175.6396484375,15.819999694824219,2.0910000801086426,2.140000104904175,60.087493896484375,95.5352783203125
2019-06-14,8693.8330078125,34.9697265625,82.16856384277344,126.55999755859375,9.385858535766602,48.72789764404297,174.89271545410156,15.279999732971191,2.0929999351501465,2.125,60.04575729370117,95.57449340820312
2019-06-15,8838.375,34.9697265625,82.16856384277344,126.55999755859375,9.385858535766602,48.72789764404297,174.89271545410156,15.279999732971191,2.0929999351501465,2.125,60.04575729370117,95.57449340820312
2019-06-16,8994.48828125,34.9697265625,82.16856384277344,126.55999755859375,9.385858535766602,48.72789764404297,174.89271545410156,15.279999732971191,2.0929999351501465,2.125,60.04575729370117,95.57449340820312
2019-06-17,9320.3525390625,35.10776901245117,82.15486907958984,126.4800033569336,9.330509185791016,48.42885971069336,175.9460906982422,15.350000381469727,2.0859999656677246,2.138000011444092,59.95527648925781,95.62157440185547
2019-06-18,9081.7626953125,35.95652389526367,82.97731018066406,127.12000274658203,9.449116706848145,50.3986701965332,178.50282287597656,15.149999618530273,2.059999942779541,2.1679999828338623,60.3727912902832,96.25737762451172
2019-06-19,9273.521484375,36.256587982177734,83.27887725830078,127.88999938964844,9.472837448120117,50.517337799072266,179.17311096191406,14.329999923706055,2.0290000438690186,2.125,60.65806198120117,96.86951446533203
2019-06-20,9527.16015625,36.78813934326172,84.27497100830078,131.11000061035156,9.686333656311035,51.101158142089844,180.8393096923828,14.75,2.000999927520752,2.078000068664551,60.96424102783203,97.39542388916016
2019-06-21,10144.556640625,36.668113708496094,84.03736114501953,131.97999572753906,9.646796226501465,50.85908508300781,180.57118225097656,15.399999618530273,2.068000078201294,2.055000066757202,60.76945877075195,97.04219818115234
2019-06-22,10701.69140625,36.668113708496094,84.03736114501953,131.97999572753906,9.646796226501465,50.85908508300781,180.57118225097656,15.399999618530273,2.068000078201294,2.055000066757202,60.76945877075195,97.04219818115234
2019-06-23,10855.37109375,36.668113708496094,84.03736114501953,131.97999572753906,9.646796226501465,50.85908508300781,180.57118225097656,15.399999618530273,2.068000078201294,2.055000066757202,60.76945877075195,97.04219818115234
2019-06-24,11011.1025390625,36.61667251586914,83.78148651123047,133.94000244140625,9.623075485229492,50.954017639160156,180.5769805908203,15.260000228881836,2.0209999084472656,2.058000087738037,60.76245880126953,97.28555297851562
2019-06-25,11790.9169921875,36.23944854736328,83.06868743896484,134.1999969482422,9.5440034866333,50.071163177490234,177.4770965576172,16.280000686645508,1.99399995803833,2.0829999446868896,60.50502014160156,96.99510955810547
2019-06-26,13016.2314453125,36.58237075805664,82.89508056640625,132.97000122070312,9.559818267822266,51.55208206176758,178.30247497558594,16.209999084472656,2.0490000247955322,2.0929999351501465,60.47718811035156,96.79891967773438
2019-06-27,11182.806640625,36.83958053588867,83.16919708251953,132.83999633789062,9.5470552444458,52.24507141113281,178.98385620117188,15.819999694824219,2.005000114440918,2.0850000381469727,60.644195556640625,97.36405944824219
2019-06-28,12407.33203125,36.78813934326172,83.5895767211914,133.1999969482422,9.690620422363281,52.29728698730469,179.21414184570312,15.079999923706055,2.0,2.0350000858306885,60.665069580078125,97.61521911621094
2019-06-29,11959.37109375,36.78813934326172,83.5895767211914,133.1999969482422,9.690620422363281,52.29728698730469,179.21414184570312,15.079999923706055,2.0,2.0350000858306885,60.665069580078125,97.61521911621094
2019-06-30,10817.1552734375,36.78813934326172,83.5895767211914,133.1999969482422,9.690620422363281,52.29728698730469,179.21414184570312,15.079999923706055,2.0,2.0350000858306885,60.665069580078125,97.61521911621094
2019-07-01,10583.134765625,37.225372314453125,84.28410339355469,130.6199951171875,9.578960418701172,53.77345657348633,181.63267517089844,14.0600004196167,2.0339999198913574,2.065000057220459,60.683223724365234,97.80015563964844
2019-07-02,10801.677734375,37.13106918334961,84.49429321289062,133.41000366210938,9.642766952514648,53.14216232299805,182.35238647460938,12.930000305175781,1.9759999513626099,2.1480000019073486,60.816036224365234,98.06781005859375
2019-07-03,11961.26953125,37.0624885559082,85.3076171875,133.6300048828125,9.666694641113281,52.94755935668945,183.72476196289062,12.569999694824219,1.9529999494552612,2.1500000953674316,61.04669952392578,98.33541870117188
2019-07-04,11215.4375,37.0624885559082,85.3076171875,133.6300048828125,9.666694641113281,52.94755935668945,183.72476196289062,12.569999694824219,1.9529999494552612,2.1500000953674316,61.04669952392578,98.33541870117188
2019-07-05,10978.4599609375,36.80527877807617,85.12484741210938,132.13999938964844,9.586935043334961,52.558345794677734,183.35047912597656,13.279999732971191,2.0480000972747803,2.1630001068115234,60.802024841308594,97.46959686279297
2019-07-06,11208.55078125,36.80527877807617,85.12484741210938,132.13999938964844,9.586935043334961,52.558345794677734,183.35047912597656,13.279999732971191,2.0480000972747803,2.1630001068115234,60.802024841308594,97.46959686279297
2019-07-07,11450.8466796875,36.80527877807617,85.12484741210938,132.13999938964844,9.586935043334961,52.558345794677734,183.35047912597656,13.279999732971191,2.0480000972747803,2.1630001068115234,60.802024841308594,97.46959686279297
2019-07-08,12285.9580078125,36.58237075805664,84.62223052978516,131.2899932861328,9.507177352905273,52.21659469604492,182.0645294189453,13.960000038146973,2.0339999198913574,2.177999973297119,60.683223724365234,97.33578491210938
2019-07-09,12573.8125,36.47092056274414,84.7593002319336,131.75,9.499201774597168,52.58208084106445,182.97621154785156,14.09000015258789,2.053999900817871,2.194999933242798,60.613319396972656,97.13111114501953
2019-07-10,12156.5126953125,36.77956771850586,85.11571502685547,133.8300018310547,9.5470552444458,53.104190826416016,184.79965209960938,13.029999732971191,2.061000108718872,2.130000114440918,60.78108215332031,97.35148620605469
2019-07-11,11358.662109375,36.71097183227539,85.3076171875,132.6999969482422,9.539080619812012,53.251338958740234,184.66525268554688,12.930000305175781,2.119999885559082,2.0980000495910645,60.66226577758789,96.77688598632812
2019-07-12,11815.986328125,36.736698150634766,85.60919189453125,133.52999877929688,9.499201774597168,54.229122161865234,185.73057556152344,12.390000343322754,2.1059999465942383,2.0899999141693115,60.76007843017578,96.87135314941406
2019-07-13,11392.37890625,36.736698150634766,85.60919189453125,133.52999877929688,9.499201774597168,54.229122161865234,185.73057556152344,12.390000343322754,2.1059999465942383,2.0899999141693115,60.76007843017578,96.87135314941406
2019-07-14,10256.05859375,36.736698150634766,85.60919189453125,133.52999877929688,9.499201774597168,54.229122161865234,185.73057556152344,12.390000343322754,2.1059999465942383,2.0899999141693115,60.76007843017578,96.87135314941406
2019-07-15,10895.08984375,36.87386703491211,85.70056915283203,133.52999877929688,9.32373332977295,54.665802001953125,186.32554626464844,12.680000305175781,2.0920000076293945,2.0850000381469727,60.802024841308594,97.03667449951172
2019-07-16,9477.6416015625,36.822425842285156,85.41727447509766,132.39999389648438,9.291830062866211,54.10097122192383,185.3658905029297,12.859999656677246,2.121999979019165,2.1029999256134033,60.67625427246094,96.83202362060547
2019-07-17,9693.802734375,36.71097183227539,84.83243560791016,134.5800018310547,9.283853530883789,54.29557418823242,184.4541473388672,13.970000267028809,2.061000108718872,2.072999954223633,60.599365234375,97.34364318847656
2019-07-18,10666.482421875,36.93389129638672,85.18881225585938,136.47999572753906,9.283853530883789,55.27335739135742,184.66525268554688,13.529999732971191,2.0380001068115234,2.013000011444092,60.627315521240234,97.5718994140625
2019-07-19,10530.732421875,36.74526596069336,84.55825805664062,134.47000122070312,9.251951217651367,55.27811050415039,183.31207275390625,14.449999809265137,2.0480000972747803,2.013000011444092,60.5224609375,97.42236328125
2019-07-20,10767.1396484375,36.74526596069336,84.55825805664062,134.47000122070312,9.251951217651367,55.27811050415039,183.31207275390625,14.449999809265137,2.0480000972747803,2.013000011444092,60.5224609375,97.42236328125
2019-07-21,10599.10546875,36.74526596069336,84.55825805664062,134.47000122070312,9.251951217651367,55.27811050415039,183.31207275390625,14.449999809265137,2.0480000972747803,2.013000011444092,60.5224609375,97.42236328125
2019-07-22,10343.1064453125,36.75384521484375,84.82328796386719,134.4499969482422,9.251951217651367,56.38405227661133,184.77085876464844,13.529999732971191,2.0429999828338623,2.0250000953674316,60.72517013549805,97.72142028808594
2019-07-23,9900.767578125,36.79671096801758,85.41727447509766,133.69000244140625,9.204095840454102,57.01059341430664,185.9801025390625,12.609999656677246,2.0739998817443848,2.0329999923706055,60.829986572265625,97.77654266357422
2019-07-24,9811.92578125,36.85672378540039,85.8559341430664,134.3699951171875,9.060531616210938,58.529483795166016,187.28524780273438,12.069999694824219,2.049999952316284,2.0399999618530273,60.878929138183594,98.05204772949219
2019-07-25,9911.841796875,36.530941009521484,85.45381927490234,133.4199981689453,8.773401260375977,57.471004486083984,185.50978088378906,12.739999771118164,2.0739998817443848,2.059999942779541,60.79507827758789,97.73719787597656
2019-07-26,9870.3037109375,36.608097076416016,85.99299621582031,133.63999938964844,8.821256637573242,57.35234451293945,187.4196014404297,12.15999984741211,2.0810000896453857,2.062999963760376,60.92781448364258,97.87102508544922
2019-07-27,9477.677734375,36.608097076416016,85.99299621582031,133.63999938964844,8.821256637573242,57.35234451293945,187.4196014404297,12.15999984741211,2.0810000896453857,2.062999963760376,60.92781448364258,97.87102508544922
2019-07-28,9552.8603515625,36.608097076416016,85.99299621582031,133.63999938964844,8.821256637573242,57.35234451293945,187.4196014404297,12.15999984741211,2.0810000896453857,2.062999963760376,60.92781448364258,97.87102508544922
2019-07-29,9519.1455078125,36.539512634277344,85.96558380126953,134.52999877929688,8.765424728393555,57.54695129394531,186.77662658691406,12.829999923706055,2.055000066757202,2.049999952316284,60.83697509765625,97.80805969238281
2019-07-30,9607.423828125,36.256587982177734,85.62744903564453,134.97999572753906,8.781377792358398,57.29063415527344,185.97047424316406,13.9399995803833,2.061000108718872,2.0399999618530273,60.86494445800781,97.77654266357422
2019-07-31,10085.6279296875,35.8107795715332,84.74102783203125,133.2100067138672,8.797327995300293,55.57714080810547,183.39849853515625,16.1200008392334,2.0209999084472656,2.0299999713897705,60.76007843017578,97.86312866210938
2019-08-01,10399.6689453125,35.10776901245117,83.96426391601562,136.41000366210938,8.629836082458496,54.45695495605469,182.4867706298828,17.8700008392334,1.8940000534057617,2.0299999713897705,60.729915618896484,98.65877532958984
2019-08-02,10518.1748046875,34.76483154296875,83.1875,135.88999938964844,8.518176078796387,53.71649932861328,179.79966735839844,17.610000610351562,1.8550000190734863,2.0,60.638668060302734,98.76140594482422
2019-08-03,10821.7265625,34.76483154296875,83.1875,135.88999938964844,8.518176078796387,53.71649932861328,179.79966735839844,17.610000610351562,1.8550000190734863,2.0,60.638668060302734,98.76140594482422
2019-08-04,10970.1845703125,34.76483154296875,83.1875,135.88999938964844,8.518176078796387,53.71649932861328,179.79966735839844,17.610000610351562,1.8550000190734863,2.0,60.638668060302734,98.76140594482422
2019-08-05,11805.6533203125,33.47882843017578,80.54645538330078,137.7899932861328,8.302826881408691,51.40018844604492,173.44638061523438,24.59000015258789,1.7350000143051147,1.9529999494552612,60.00695037841797,98.83240509033203
2019-08-06,11478.1689453125,33.958946228027344,81.74360656738281,138.91000366210938,8.294853210449219,52.21659469604492,175.87442016601562,20.170000076293945,1.7389999628067017,1.9950000047683716,60.39302062988281,99.44810485839844
2019-08-07,11941.96875,34.113258361816406,81.8075942993164,141.02000427246094,8.191167831420898,52.50138473510742,176.82452392578125,19.489999771118164,1.684000015258789,1.968000054359436,60.38597106933594,99.43233489990234
2019-08-08,11966.4072265625,34.533348083496094,83.55303955078125,141.72999572753906,8.334732055664062,53.84465408325195,180.67295837402344,16.90999984741211,1.715999960899353,1.9700000286102295,60.6246337890625,99.70073699951172
2019-08-09,11862.9365234375,34.18183898925781,82.8402328491211,141.25999450683594,8.239022254943848,52.914337158203125,178.9743194580078,17.969999313354492,1.7339999675750732,1.9500000476837158,60.540435791015625,99.40863800048828
2019-08-10,11354.0244140625,34.18183898925781,82.8402328491211,141.25999450683594,8.239022254943848,52.914337158203125,178.9743194580078,17.969999313354492,1.7339999675750732,1.9500000476837158,60.540435791015625,99.40863800048828
2019-08-11,11523.5791015625,34.18183898925781,82.8402328491211,141.25999450683594,8.239022254943848,52.914337158203125,178.9743194580078,17.969999313354492,1.7339999675750732,1.9500000476837158,60.540435791015625,99.40863800048828
2019-08-12,11382.6162109375,33.770328521728516,81.91722106933594,142.6300048828125,8.183191299438477,52.28779602050781,176.92054748535156,21.09000015258789,1.6390000581741333,1.9279999732971191,60.3298454284668,100.03223419189453
2019-08-13,10895.830078125,34.19899368286133,83.2697525024414,141.77999877929688,8.239022254943848,53.78770065307617,180.79771423339844,17.520000457763672,1.6799999475479126,1.9550000429153442,60.59657287597656,99.95332336425781
2019-08-14,10051.7041015625,33.21305465698242,80.70182037353516,142.75,7.9837965965271,52.055213928222656,175.39459228515625,22.100000381469727,1.5809999704360962,1.9079999923706055,60.05610275268555,100.24532318115234
2019-08-15,10311.5458984375,33.435970306396484,80.97599029541016,143.6999969482422,7.9837965965271,51.99824905395508,175.19308471679688,21.18000030517578,1.5290000438690186,1.843000054359436,60.2315559387207,100.7347412109375
2019-08-16,10374.3388671875,33.898929595947266,82.17312622070312,142.77999877929688,8.111408233642578,53.27032470703125,178.0049591064453,18.469999313354492,1.5390000343322754,1.8229999542236328,60.43513870239258,100.91626739501953
2019-08-17,10231.744140625,33.898929595947266,82.17312622070312,142.77999877929688,8.111408233642578,53.27032470703125,178.0049591064453,18.469999313354492,1.5390000343322754,1.8229999542236328,60.43513870239258,100.91626739501953
2019-08-18,10345.810546875,33.898929595947266,82.17312622070312,142.77999877929688,8.111408233642578,53.27032470703125,178.0049591064453,18.469999313354492,1.5390000343322754,1.8229999542236328,60.43513870239258,100.91626739501953
2019-08-19,10916.0537109375,34.03609848022461,83.16008758544922,141.11000061035156,8.27092456817627,54.1484375,180.83607482910156,16.8799991607666,1.5980000495910645,1.8530000448226929,60.610591888427734,100.58476257324219
2019-08-20,10763.232421875,34.10468292236328,82.52037811279297,142.2100067138672,8.294853210449219,53.83990478515625,179.43496704101562,17.5,1.5609999895095825,1.899999976158142,60.65974044799805,101.16887664794922
2019-08-21,10138.0498046875,34.43046951293945,83.20577239990234,141.75999450683594,8.4384183883667,54.3905029296875,181.0280303955078,15.800000190734863,1.5770000219345093,1.9279999732971191,60.91944885253906,101.35040283203125
2019-08-22,10131.0556640625,33.984657287597656,83.21488189697266,141.39999389648438,8.398536682128906,54.31930923461914,180.44259643554688,16.68000030517578,1.6100000143051147,1.937999963760376,61.031734466552734,100.97943115234375
2019-08-23,10407.96484375,33.47882843017578,80.88461303710938,144.1699981689453,8.175215721130371,52.0694465637207,174.732421875,19.8700008392334,1.527999997138977,1.909999966621399,60.7509765625,101.35040283203125
2019-08-24,10159.9609375,33.47882843017578,80.88461303710938,144.1699981689453,8.175215721130371,52.0694465637207,174.732421875,19.8700008392334,1.527999997138977,1.909999966621399,60.7509765625,101.35040283203125
2019-08-25,10138.517578125,33.47882843017578,80.88461303710938,144.1699981689453,8.175215721130371,52.0694465637207,174.732421875,19.8700008392334,1.527999997138977,1.909999966621399,60.7509765625,101.35040283203125
2019-08-26,10370.8203125,33.65886688232422,81.8075942993164,144.19000244140625,8.191167831420898,52.60580825805664,177.37159729003906,19.31999969482422,1.5449999570846558,1.9329999685287476,61.052833557128906,101.35830688476562
2019-08-27,10185.5,33.71889114379883,81.77103424072266,145.57000732421875,8.191167831420898,52.482398986816406,176.99729919433594,20.309999465942383,1.4900000095367432,1.9429999589920044,61.024749755859375,101.90296173095703
2019-08-28,9754.4228515625,33.81319808959961,82.3010482788086,145.16000366210938,8.278901100158691,52.819400787353516,177.63067626953125,19.350000381469727,1.465999960899353,1.940000057220459,61.17215347290039,101.90296173095703
2019-08-29,9510.2001953125,34.190425872802734,83.28800964355469,144.1199951171875,8.318778991699219,53.963314056396484,180.34664916992188,17.8799991607666,1.5160000324249268,1.940000057220459,61.23532485961914,101.68193817138672
2019-08-30,9598.173828125,34.456199645996094,83.2331771850586,143.75,8.454370498657227,54.309814453125,179.914794921875,18.979999542236328,1.50600004196167,1.9329999685287476,61.179161071777344,101.66616821289062
2019-08-31,9630.6640625,34.456199645996094,83.2331771850586,143.75,8.454370498657227,54.309814453125,179.914794921875,18.979999542236328,1.50600004196167,1.9329999685287476,61.179161071777344,101.66616821289062
2019-09-01,9757.970703125,34.456199645996094,83.2331771850586,143.75,8.454370498657227,54.309814453125,179.914794921875,18.979999542236328,1.50600004196167,1.9329999685287476,61.179161071777344,101.66616821289062
2019-09-02,10346.7607421875,34.456199645996094,83.2331771850586,143.75,8.454370498657227,54.309814453125,179.914794921875,18.979999542236328,1.50600004196167,1.9329999685287476,61.179161071777344,101.66616821289062
2019-09-03,10623.5400390625,34.24184799194336,82.62092590332031,145.75,8.422464370727539,53.45069122314453,178.16812133789062,19.65999984741211,1.465999960899353,1.909999966621399,61.00362777709961,101.57037353515625
2019-09-04,10594.4931640625,34.81626892089844,83.55303955078125,146.66000366210938,8.53412914276123,55.02654266357422,180.7401123046875,17.329999923706055,1.4589999914169312,1.9049999713897705,61.130516052246094,101.76036071777344
2019-09-05,10575.533203125,35.21064758300781,84.89636993408203,143.13999938964844,8.629836082458496,56.69731903076172,184.05108642578125,16.270000457763672,1.565000057220459,1.9199999570846558,61.370216369628906,101.01631927490234
2019-09-06,10353.302734375,35.364967346191406,85.00602722167969,141.9199981689453,8.701619148254395,56.74478530883789,183.86875915527344,15.0,1.5499999523162842,1.909999966621399,61.42660140991211,101.38040161132812
2019-09-07,10517.2548828125,35.364967346191406,85.00602722167969,141.9199981689453,8.701619148254395,56.74478530883789,183.86875915527344,15.0,1.5499999523162842,1.909999966621399,61.42660140991211,101.38040161132812
2019-09-08,10441.2763671875,35.364967346191406,85.00602722167969,141.9199981689453,8.701619148254395,56.74478530883789,183.86875915527344,15.0,1.5499999523162842,1.909999966621399,61.42660140991211,101.38040161132812
2019-09-09,10334.974609375,35.476417541503906,84.83243560791016,141.38999938964844,8.693644523620605,56.96312713623047,183.48487854003906,15.270000457763672,1.621999979019165,1.9079999923706055,61.490028381347656,100.63642120361328
2019-09-10,10115.9755859375,35.502132415771484,84.75018310546875,140.17999267578125,8.797327995300293,57.07704162597656,182.95704650878906,15.199999809265137,1.7020000219345093,1.9129999876022339,61.52526092529297,99.78958129882812
2019-09-11,10178.3720703125,35.750762939453125,85.20710754394531,141.02999877929688,8.916966438293457,57.803260803222656,184.67489624023438,14.609999656677246,1.7330000400543213,1.9129999876022339,61.51823425292969,99.7104263305664
2019-09-12,10410.126953125,36.007965087890625,85.48125457763672,141.32000732421875,8.861135482788086,57.8934440612793,185.442626953125,14.220000267028809,1.7910000085830688,1.8949999809265137,61.55343246459961,99.57585906982422
2019-09-13,10360.546875,36.21372604370117,85.34418487548828,140.14999389648438,8.932917594909668,57.864967346191406,184.78042602539062,13.739999771118164,1.902999997138977,1.899999976158142,61.44068145751953,98.68148040771484
2019-09-14,10358.048828125,36.21372604370117,85.34418487548828,140.14999389648438,8.932917594909668,57.864967346191406,184.78042602539062,13.739999771118164,1.902999997138977,1.899999976158142,61.44068145751953,98.68148040771484
2019-09-15,10347.712890625,36.21372604370117,85.34418487548828,140.14999389648438,8.932917594909668,57.864967346191406,184.78042602539062,13.739999771118164,1.902999997138977,1.899999976158142,61.44068145751953,98.68148040771484
2019-09-16,10276.7939453125,35.93080139160156,84.96035766601562,141.32000732421875,8.972796440124512,57.47574996948242,183.95510864257812,14.670000076293945,1.840999960899353,1.9450000524520874,61.65921401977539,99.18009185791016
2019-09-17,10241.2724609375,35.93080139160156,85.28935241699219,141.60000610351562,8.996724128723145,57.708335876464844,184.8380126953125,14.4399995803833,1.812000036239624,1.937999963760376,61.694480895996094,99.43335723876953
2019-09-18,10198.248046875,35.78506088256836,85.33502197265625,140.7100067138672,8.845185279846191,57.77003860473633,184.76126098632812,13.949999809265137,1.7860000133514404,1.8799999952316284,61.65921401977539,99.67874145507812
2019-09-19,10266.4150390625,35.63930892944336,85.20710754394531,141.27999877929688,8.853161811828613,57.53745651245117,185.068359375,14.050000190734863,1.7740000486373901,1.8830000162124634,61.58869171142578,99.96366119384766
2019-09-20,10181.6416015625,35.67360305786133,84.73189544677734,142.9499969482422,8.94089412689209,56.459991455078125,183.110595703125,15.319999694824219,1.7549999952316284,1.850000023841858,61.666259765625,100.65229797363281
2019-09-21,10019.716796875,35.67360305786133,84.73189544677734,142.9499969482422,8.94089412689209,56.459991455078125,183.110595703125,15.319999694824219,1.7549999952316284,1.850000023841858,61.666259765625,100.65229797363281
2019-09-22,10070.392578125,35.67360305786133,84.73189544677734,142.9499969482422,8.94089412689209,56.459991455078125,183.110595703125,15.319999694824219,1.7549999952316284,1.850000023841858,61.666259765625,100.65229797363281
2019-09-23,9729.32421875,35.70790100097656,84.91468048095703,143.75,8.96481990814209,56.94413757324219,183.1913299560547,14.90999984741211,1.7079999446868896,1.8450000286102295,61.638057708740234,100.58100891113281
2019-09-24,8620.56640625,35.33066940307617,84.32473754882812,144.50999450683594,8.901015281677246,56.09926223754883,180.75843811035156,17.049999237060547,1.6349999904632568,1.8799999952316284,61.55343246459961,100.89759063720703
2019-09-25,8486.9931640625,35.30495071411133,84.829345703125,141.8300018310547,8.885063171386719,57.05805206298828,182.78746032714844,15.960000038146973,1.7319999933242798,1.8450000286102295,61.490028381347656,100.32778930664062
2019-09-26,8118.9677734375,35.2963752746582,84.61832427978516,141.7899932861328,8.885063171386719,57.257408142089844,182.11434936523438,16.06999969482422,1.684999942779541,1.7699999809265137,61.44769287109375,100.54146575927734
2019-09-27,8251.845703125,34.84198760986328,84.24217224121094,141.05999755859375,8.741499900817871,55.89990234375,179.85450744628906,17.219999313354492,1.6749999523162842,1.7300000190734863,61.37723159790039,100.565185546875
2019-09-28,8245.9150390625,34.84198760986328,84.24217224121094,141.05999755859375,8.741499900817871,55.89990234375,179.85450744628906,17.219999313354492,1.6749999523162842,1.7300000190734863,61.37723159790039,100.565185546875
2019-09-29,8104.185546875,34.84198760986328,84.24217224121094,141.05999755859375,8.741499900817871,55.89990234375,179.85450744628906,17.219999313354492,1.6749999523162842,1.7300000190734863,61.37723159790039,100.565185546875
2019-09-30,8293.8681640625,35.03917694091797,84.77429962158203,138.8699951171875,8.773401260375977,56.54542922973633,181.56617736816406,16.239999771118164,1.6749999523162842,1.7699999809265137,61.44769287109375,100.89759063720703
2019-10-01,8343.2763671875,34.79056167602539,83.70085144042969,139.6300048828125,8.645788192749023,56.16096115112305,180.08526611328125,18.559999465942383,1.6440000534057617,1.753000020980835,61.30618667602539,101.01347351074219
2019-10-02,8393.0419921875,34.524784088134766,82.26042938232422,141.25999450683594,8.597932815551758,55.24488067626953,176.98878479003906,20.559999465942383,1.5959999561309814,1.7350000143051147,60.94525146484375,100.9737777709961
2019-10-03,8259.9921875,34.9705924987793,82.99440002441406,141.89999389648438,8.629836082458496,56.09450912475586,178.93130493164062,19.1200008392334,1.5360000133514404,1.6649999618530273,60.98063278198242,101.37057495117188
2019-10-04,8205.939453125,35.12490463256836,84.22381591796875,141.89999389648438,8.725546836853027,57.081790924072266,181.56617736816406,17.040000915527344,1.5149999856948853,1.6549999713897705,61.171714782714844,101.7911605834961
2019-10-05,8151.50048828125,35.12490463256836,84.22381591796875,141.89999389648438,8.725546836853027,57.081790924072266,181.56617736816406,17.040000915527344,1.5149999856948853,1.6549999713897705,61.171714782714844,101.7911605834961
2019-10-06,7988.15576171875,35.12490463256836,84.22381591796875,141.89999389648438,8.725546836853027,57.081790924072266,181.56617736816406,17.040000915527344,1.5149999856948853,1.6549999713897705,61.171714782714844,101.7911605834961
2019-10-07,8245.623046875,34.83341598510742,83.80177307128906,140.69000244140625,8.677690505981445,56.797000885009766,181.01805114746094,17.860000610351562,1.5529999732971191,1.6729999780654907,61.12218475341797,101.27536010742188
2019-10-08,8228.783203125,34.58479309082031,82.4255599975586,141.9199981689453,8.613885879516602,55.306583404541016,178.3062286376953,20.280000686645508,1.5369999408721924,1.6549999713897705,60.895687103271484,101.18805694580078
2019-10-09,8595.740234375,34.85057067871094,83.18705749511719,142.0500030517578,8.66174030303955,56.279624938964844,180.04672241210938,18.639999389648438,1.5889999866485596,1.628000020980835,61.07970428466797,101.22775268554688
2019-10-10,8586.4736328125,35.21064758300781,83.7467269897461,140.80999755859375,8.845185279846191,56.815982818603516,181.441162109375,17.56999969482422,1.6579999923706055,1.6330000162124634,61.15754699707031,100.63256072998047
2019-10-11,8321.7568359375,35.776485443115234,84.98530578613281,140.02999877929688,8.861135482788086,58.11178207397461,183.77793884277344,15.579999923706055,1.7519999742507935,1.6230000257492065,61.41233444213867,100.4500503540039
2019-10-12,8336.5556640625,35.776485443115234,84.98530578613281,140.02999877929688,8.861135482788086,58.11178207397461,183.77793884277344,15.579999923706055,1.7519999742507935,1.6230000257492065,61.41233444213867,100.4500503540039
2019-10-13,8321.005859375,35.776485443115234,84.98530578613281,140.02999877929688,8.861135482788086,58.11178207397461,183.77793884277344,15.579999923706055,1.7519999742507935,1.6230000257492065,61.41233444213867,100.4500503540039
2019-10-14,8374.6865234375,35.622161865234375,84.99449157714844,140.58999633789062,8.773401260375977,58.19722366333008,183.7587127685547,14.569999694824219,1.7330000400543213,1.6180000305175781,61.45478057861328,100.78336334228516
2019-10-15,8205.369140625,35.93938064575195,85.72846221923828,139.61000061035156,8.813279151916504,59.35538101196289,186.09548950195312,13.539999961853027,1.7710000276565552,1.6180000305175781,61.58929443359375,100.51355743408203
2019-10-16,8047.52685546875,36.042259216308594,85.526611328125,140.41000366210938,8.78935432434082,58.49150466918945,185.63388061523438,13.680000305175781,1.7480000257492065,1.6150000095367432,61.539772033691406,100.62464904785156
2019-10-17,8103.9111328125,36.1794319152832,85.80184936523438,140.61000061035156,8.765424728393555,58.529483795166016,186.12435913085938,13.789999961853027,1.7569999694824219,1.625,61.62466049194336,100.7674560546875
2019-10-18,7973.20751953125,35.990806579589844,85.3431167602539,140.4600067138672,8.78935432434082,57.95514678955078,184.33572387695312,14.25,1.746999979019165,1.625,61.63882827758789,100.89443969726562
2019-10-19,7988.560546875,35.990806579589844,85.3431167602539,140.4600067138672,8.78935432434082,57.95514678955078,184.33572387695312,14.25,1.746999979019165,1.625,61.63882827758789,100.89443969726562
2019-10-20,8222.078125,35.990806579589844,85.3431167602539,140.4600067138672,8.78935432434082,57.95514678955078,184.33572387695312,14.25,1.746999979019165,1.625,61.63882827758789,100.89443969726562
2019-10-21,8243.720703125,36.31660079956055,85.91194152832031,139.7899932861328,8.765424728393555,59.0421028137207,185.970458984375,14.0,1.7920000553131104,1.625,61.66007995605469,100.66429138183594
2019-10-22,8078.203125,36.34231948852539,85.6458740234375,140.1999969482422,8.749476432800293,58.59592819213867,184.4895477294922,14.460000038146973,1.7680000066757202,1.6150000095367432,61.67420959472656,100.83887481689453
2019-10-23,7514.671875,36.35090255737305,85.6917724609375,140.52999877929688,8.821256637573242,57.5754280090332,184.84539794921875,14.010000228881836,1.7589999437332153,1.6150000095367432,61.7308349609375,100.89443969726562
2019-10-24,7493.48876953125,36.35090255737305,86.11378479003906,141.52999877929688,8.725546836853027,59.09906005859375,186.6436309814453,13.710000038146973,1.7660000324249268,1.6230000257492065,61.801631927490234,101.11663055419922
2019-10-25,8660.7001953125,36.608097076416016,86.55419158935547,141.86000061035156,8.781377792358398,60.29518508911133,188.13417053222656,12.649999618530273,1.8009999990463257,1.625,61.8511848449707,100.94206237792969
2019-10-26,9244.97265625,36.608097076416016,86.55419158935547,141.86000061035156,8.781377792358398,60.29518508911133,188.13417053222656,12.649999618530273,1.8009999990463257,1.625,61.8511848449707,100.94206237792969
2019-10-27,9551.71484375,36.608097076416016,86.55419158935547,141.86000061035156,8.781377792358398,60.29518508911133,188.13417053222656,12.649999618530273,1.8009999990463257,1.625,61.8511848449707,100.94206237792969
2019-10-28,9256.1484375,36.822425842285156,86.98539733886719,140.63999938964844,8.781377792358398,61.211273193359375,189.99009704589844,13.109999656677246,1.8530000448226929,1.6050000190734863,61.844085693359375,100.64049530029297
2019-10-29,9427.6875,36.633811950683594,86.8477783203125,140.25,8.749476432800293,60.793575286865234,188.51882934570312,13.199999809265137,1.8350000381469727,1.5950000286102295,61.7308349609375,100.3786392211914
2019-10-30,9205.7265625,36.79671096801758,86.98539733886719,141.02000427246094,8.717570304870605,60.86003112792969,189.43234252929688,12.329999923706055,1.7979999780654907,1.5950000286102295,61.65299606323242,100.73572540283203
2019-10-31,9199.5849609375,36.505218505859375,86.64595031738281,142.42999267578125,8.66971492767334,60.513526916503906,189.51889038085938,13.220000267028809,1.690999984741211,1.4980000257492065,61.44065856933594,101.34676361083984
2019-11-01,9261.1044921875,37.05390930175781,87.52671813964844,142.55999755859375,8.749476432800293,61.76186752319336,191.24021911621094,12.300000190734863,1.7280000448226929,1.4850000143051147,61.70433807373047,101.44624328613281
2019-11-02,9324.7177734375,37.05390930175781,87.52671813964844,142.55999755859375,8.749476432800293,61.76186752319336,191.24021911621094,12.300000190734863,1.7280000448226929,1.4850000143051147,61.70433807373047,101.44624328613281
2019-11-03,9235.3544921875,37.05390930175781,87.52671813964844,142.55999755859375,8.749476432800293,61.76186752319336,191.24021911621094,12.300000190734863,1.7280000448226929,1.4850000143051147,61.70433807373047,101.44624328613281
2019-11-04,9412.6123046875,37.42256546020508,87.85700225830078,142.14999389648438,9.0286283493042,63.07665252685547,192.42298889160156,12.829999923706055,1.7860000133514404,1.503000020980835,61.832275390625,100.96881103515625
2019-11-05,9342.52734375,37.636898040771484,87.7744140625,139.85000610351562,9.0286283493042,63.10988235473633,192.52877807617188,13.100000381469727,1.8660000562667847,1.5180000066757202,61.76828384399414,100.38793182373047
2019-11-06,9360.8798828125,37.516876220703125,87.79277801513672,140.4499969482422,9.020651817321777,62.72541046142578,192.09608459472656,12.619999885559082,1.8140000104904175,1.5149999856948853,61.69723129272461,100.95287322998047
2019-11-07,9267.5615234375,37.79121398925781,88.08637237548828,138.27000427246094,9.020651817321777,63.095645904541016,192.74034118652344,12.729999542236328,1.9259999990463257,1.5180000066757202,61.668792724609375,100.1651382446289
2019-11-08,8804.880859375,37.44828796386719,88.26985931396484,137.38999938964844,8.9568452835083,63.22854995727539,193.50965881347656,12.069999694824219,1.9329999685287476,1.5099999904632568,61.72565460205078,100.02986907958984
2019-11-09,8813.58203125,37.44828796386719,88.26985931396484,137.38999938964844,8.9568452835083,63.22854995727539,193.50965881347656,12.069999694824219,1.9329999685287476,1.5099999904632568,61.72565460205078,100.02986907958984
2019-11-10,9055.5263671875,37.44828796386719,88.26985931396484,137.38999938964844,8.9568452835083,63.22854995727539,193.50965881347656,12.069999694824219,1.9329999685287476,1.5099999904632568,61.72565460205078,100.02986907958984
2019-11-11,8757.7880859375,37.18251037597656,88.13224029541016,137.05999755859375,8.916966438293457,62.97222900390625,193.25006103515625,12.6899995803833,1.9429999589920044,1.5130000114440918,61.69010543823242,100.06169128417969
2019-11-12,8815.662109375,36.94245910644531,88.30654907226562,137.42999267578125,8.916966438293457,63.10513687133789,193.8078155517578,12.680000305175781,1.909000039100647,1.5329999923706055,61.70433807373047,100.15715789794922
2019-11-13,8808.2626953125,36.65953826904297,88.55424499511719,137.97999572753906,8.829231262207031,63.21430587768555,193.85585021972656,13.0,1.8700000047683716,1.534999966621399,61.640350341796875,100.39591979980469
2019-11-14,8708.0947265625,36.68525314331055,88.73775482177734,138.55999755859375,8.853161811828613,63.10039138793945,193.7020263671875,13.050000190734863,1.815000057220459,1.527999997138977,61.604801177978516,100.92107391357422
2019-11-15,8491.9921875,36.976749420166016,89.41667175292969,138.2100067138672,8.932917594909668,63.741172790527344,195.12525939941406,12.050000190734863,1.8339999914169312,1.527999997138977,61.789588928222656,100.9369888305664
2019-11-16,8550.7607421875,36.976749420166016,89.41667175292969,138.2100067138672,8.932917594909668,63.741172790527344,195.12525939941406,12.050000190734863,1.8339999914169312,1.527999997138977,61.789588928222656,100.9369888305664
2019-11-17,8577.9755859375,36.976749420166016,89.41667175292969,138.2100067138672,8.932917594909668,63.741172790527344,195.12525939941406,12.050000190734863,1.8339999914169312,1.527999997138977,61.789588928222656,100.9369888305664
2019-11-18,8309.2861328125,36.9167366027832,89.43504333496094,138.6199951171875,8.813279151916504,63.779144287109375,195.27906799316406,12.460000038146973,1.8079999685287476,1.5230000019073486,61.71142578125,101.04840087890625
2019-11-19,8206.1455078125,36.993896484375,89.53594970703125,138.69000244140625,8.853161811828613,63.56079864501953,195.56759643554688,12.859999656677246,1.7860000133514404,1.524999976158142,61.49110794067383,101.247314453125
2019-11-20,8027.26806640625,36.830997467041016,89.12311553955078,138.75999450683594,8.805304527282715,62.93901443481445,194.39437866210938,12.779999732971191,1.7380000352859497,1.5199999809265137,61.363189697265625,101.39057159423828
2019-11-21,7642.75,36.75384521484375,89.00383758544922,138.0,8.765424728393555,62.25075149536133,193.9616241455078,13.130000114440918,1.7719999551773071,1.5299999713897705,61.37740707397461,101.1518325805664
2019-11-22,7296.57763671875,36.75384521484375,89.22403717041016,137.74000549316406,8.773401260375977,62.1415901184082,194.086669921875,12.34000015258789,1.7740000486373901,1.5429999828338623,61.61195755004883,101.43031311035156
2019-11-23,7397.796875,36.75384521484375,89.22403717041016,137.74000549316406,8.773401260375977,62.1415901184082,194.086669921875,12.34000015258789,1.7740000486373901,1.5429999828338623,61.61195755004883,101.43031311035156
2019-11-24,7047.9169921875,36.75384521484375,89.22403717041016,137.74000549316406,8.773401260375977,62.1415901184082,194.086669921875,12.34000015258789,1.7740000486373901,1.5429999828338623,61.61195755004883,101.43031311035156
2019-11-25,7146.1337890625,37.122501373291016,90.00389099121094,137.0800018310547,8.813279151916504,63.57503890991211,196.3849639892578,11.869999885559082,1.7640000581741333,1.5449999570846558,61.77541732788086,101.78046417236328
2019-11-26,7218.37109375,37.01103591918945,90.30663299560547,137.74000549316406,8.773401260375977,63.370941162109375,196.75999450683594,11.539999961853027,1.7400000095367432,1.565000057220459,61.84646224975586,102.04302978515625
2019-11-27,7531.66357421875,37.05390930175781,90.77455139160156,137.00999450683594,8.725546836853027,63.79814147949219,198.13514709472656,11.75,1.7669999599456787,1.565000057220459,61.924652099609375,102.03509521484375
2019-11-28,7463.10595703125,37.05390930175781,90.77455139160156,137.00999450683594,8.725546836853027,63.79814147949219,198.13514709472656,11.75,1.7669999599456787,1.565000057220459,61.924652099609375,102.03509521484375
2019-11-29,7761.24365234375,36.47092056274414,90.50847625732422,137.86000061035156,8.629836082458496,63.086151123046875,197.231201171875,12.619999885559082,1.7760000228881836,1.5399999618530273,61.789588928222656,101.82821655273438
2019-11-30,7569.6298828125,36.47092056274414,90.50847625732422,137.86000061035156,8.629836082458496,63.086151123046875,197.231201171875,12.619999885559082,1.7760000228881836,1.5399999618530273,61.789588928222656,101.82821655273438
2019-12-01,7424.29248046875,36.47092056274414,90.50847625732422,137.86000061035156,8.629836082458496,63.086151123046875,197.231201171875,12.619999885559082,1.7760000228881836,1.5399999618530273,61.789588928222656,101.82821655273438
2019-12-02,7321.98828125,36.46235656738281,89.77449798583984,137.7899932861328,8.542105674743652,62.2650032043457,195.2117919921875,14.90999984741211,1.8359999656677246,1.5379999876022339,61.74753189086914,101.38618469238281
2019-12-03,7320.1455078125,36.273738861083984,89.16897583007812,139.11000061035156,8.597932815551758,61.39164352416992,193.68275451660156,15.960000038146973,1.7089999914169312,1.5379999876022339,61.661895751953125,102.16809844970703
2019-12-04,7252.03466796875,36.54808807373047,89.82038879394531,138.9199981689453,8.637813568115234,62.29348373413086,194.66363525390625,14.800000190734863,1.781000018119812,1.4980000257492065,61.847412109375,102.03242492675781
2019-12-05,7448.3076171875,36.71097183227539,90.07727813720703,139.0,8.66174030303955,62.668453216552734,195.04827880859375,14.520000457763672,1.7970000505447388,1.4930000305175781,61.94017028808594,101.92078399658203
2019-12-06,7546.99658203125,36.92530822753906,90.82959747314453,137.6199951171875,8.829231262207031,63.598785400390625,197.13502502441406,13.619999885559082,1.8420000076293945,1.4800000190734863,62.025794982910156,101.8648910522461
2019-12-07,7556.23779296875,36.92530822753906,90.82959747314453,137.6199951171875,8.829231262207031,63.598785400390625,197.13502502441406,13.619999885559082,1.8420000076293945,1.4800000190734863,62.025794982910156,101.8648910522461
2019-12-08,7564.34521484375,36.92530822753906,90.82959747314453,137.6199951171875,8.829231262207031,63.598785400390625,197.13502502441406,13.619999885559082,1.8420000076293945,1.4800000190734863,62.025794982910156,101.8648910522461
2019-12-09,7400.8994140625,36.77956771850586,90.67362976074219,137.5800018310547,8.637813568115234,63.17158889770508,196.24075317382812,15.859999656677246,1.8289999961853027,1.4980000257492065,62.025794982910156,101.84893798828125
2019-12-10,7278.11962890625,36.908164978027344,90.55435943603516,137.97000122070312,8.629836082458496,63.423152923583984,196.07723999023438,15.680000305175781,1.8329999446868896,1.5149999856948853,62.17563247680664,101.84893798828125
2019-12-11,7217.42724609375,37.44828796386719,90.88462829589844,138.9199981689453,8.741499900817871,64.7806625366211,197.11581420898438,14.989999771118164,1.7899999618530273,1.5199999809265137,62.30408477783203,102.24787902832031
2019-12-12,7243.13427734375,38.099853515625,91.56359100341797,138.42999267578125,8.87708854675293,66.64129638671875,198.58705139160156,13.9399995803833,1.8969999551773071,1.5299999713897705,62.44676971435547,101.77716064453125
2019-12-13,7269.6845703125,38.08271026611328,91.48101043701172,139.0500030517578,8.805304527282715,66.38497924804688,199.2410125732422,12.630000114440918,1.819000005722046,1.5230000019073486,62.5109977722168,102.43936920166016
2019-12-14,7124.673828125,38.08271026611328,91.48101043701172,139.0500030517578,8.805304527282715,66.38497924804688,199.2410125732422,12.630000114440918,1.819000005722046,1.5230000019073486,62.5109977722168,102.43936920166016
2019-12-15,7152.3017578125,38.08271026611328,91.48101043701172,139.0500030517578,8.805304527282715,66.38497924804688,199.2410125732422,12.630000114440918,1.819000005722046,1.5230000019073486,62.5109977722168,102.43936920166016
2019-12-16,6932.48046875,38.405818939208984,92.08922576904297,139.0399932861328,8.781377792358398,66.92608642578125,201.24124145507812,12.140000343322754,1.8919999599456787,1.524999976158142,62.63227462768555,102.2080307006836
2019-12-17,6640.51513671875,38.75607681274414,92.01547241210938,139.00999450683594,8.709595680236816,67.30582427978516,201.35658264160156,12.289999961853027,1.8890000581741333,1.5299999713897705,62.82489776611328,102.12821197509766
2019-12-18,7276.802734375,38.96623611450195,92.1076431274414,139.02000427246094,8.741499900817871,67.0732421875,201.51048278808594,12.579999923706055,1.9240000247955322,1.5180000066757202,62.939048767089844,102.05638122558594
2019-12-19,7202.84423828125,38.98374557495117,92.48548126220703,139.3800048828125,8.78935432434082,67.46244812011719,202.77020263671875,12.5,1.9079999923706055,1.5329999923706055,62.90613555908203,102.15715789794922
2019-12-20,7218.81640625,39.062557220458984,93.01075744628906,139.52000427246094,8.765424728393555,68.11272430419922,203.58758544921875,12.510000228881836,1.9170000553131104,1.527999997138977,62.813072204589844,102.12518310546875
2019-12-21,7191.15869140625,39.062557220458984,93.01075744628906,139.52000427246094,8.765424728393555,68.11272430419922,203.58758544921875,12.510000228881836,1.9170000553131104,1.527999997138977,62.813072204589844,102.12518310546875
2019-12-22,7511.5888671875,39.062557220458984,93.01075744628906,139.52000427246094,8.765424728393555,68.11272430419922,203.58758544921875,12.510000228881836,1.9170000553131104,1.527999997138977,62.813072204589844,102.12518310546875
2019-12-23,7355.62841796875,39.11509323120117,93.01996612548828,139.9499969482422,8.765424728393555,68.45093536376953,204.12538146972656,12.609999656677246,1.934999942779541,1.5199999809265137,62.84170150756836,102.1731948852539
2019-12-24,7322.5322265625,39.027530670166016,92.99232482910156,141.27000427246094,8.765424728393555,68.59064483642578,204.2313690185547,12.670000076293945,1.909999966621399,1.5379999876022339,62.891841888427734,102.27717590332031
2019-12-25,7275.15576171875,39.027530670166016,92.99232482910156,141.27000427246094,8.765424728393555,68.59064483642578,204.2313690185547,12.670000076293945,1.909999966621399,1.5379999876022339,62.891841888427734,102.27717590332031
2019-12-26,7238.966796875,39.3077392578125,93.33329772949219,142.3800048828125,8.837207794189453,68.77372741699219,206.0335235595703,12.649999618530273,1.9049999713897705,1.534999966621399,62.98491287231445,102.46116638183594
2019-12-27,7290.08837890625,39.46534729003906,93.35173797607422,142.3300018310547,8.901015281677246,68.53765106201172,205.86007690429688,13.430000305175781,1.8739999532699585,1.5180000066757202,62.95623779296875,102.60516357421875
2019-12-28,7317.990234375,39.46534729003906,93.35173797607422,142.3300018310547,8.901015281677246,68.53765106201172,205.86007690429688,13.430000305175781,1.8739999532699585,1.5180000066757202,62.95623779296875,102.60516357421875
2019-12-29,7422.65283203125,39.46534729003906,93.35173797607422,142.3300018310547,8.901015281677246,68.53765106201172,205.86007690429688,13.430000305175781,1.8739999532699585,1.5180000066757202,62.95623779296875,102.60516357421875
2019-12-30,7292.9951171875,39.20266342163086,92.90015411376953,142.6300048828125,8.844781875610352,68.04142761230469,204.51089477539062,14.819999694824219,1.8949999809265137,1.4900000095367432,62.913333892822266,102.78917694091797
2019-12-31,7193.59912109375,39.29022216796875,93.07526397705078,142.89999389648438,8.901016235351562,68.12813568115234,204.89634704589844,13.779999732971191,1.9190000295639038,1.5049999952316284,62.9705924987793,102.36516571044922
2020-01-01,7200.17431640625,39.29022216796875,93.07526397705078,142.89999389648438,8.901016235351562,68.12813568115234,204.89634704589844,13.779999732971191,1.9190000295639038,1.5049999952316284,62.9705924987793,102.36516571044922
2020-01-02,6985.47021484375,40.08705520629883,93.8862075805664,143.9499969482422,8.884947776794434,69.70354461669922,208.31753540039062,12.470000267028809,1.8819999694824219,1.4950000047683716,63.23552322387695,102.5811767578125
2020-01-03,7344.88427734375,39.3427619934082,93.27798461914062,145.86000061035156,8.844781875610352,68.5617446899414,206.4093780517578,14.020000457763672,1.7879999876022339,1.4730000495910645,63.17109680175781,102.93316650390625
2020-01-04,7410.65673828125,39.3427619934082,93.27798461914062,145.86000061035156,8.844781875610352,68.5617446899414,206.4093780517578,14.020000457763672,1.7879999876022339,1.4730000495910645,63.17109680175781,102.93316650390625
2020-01-05,7411.3173828125,39.3427619934082,93.27798461914062,145.86000061035156,8.844781875610352,68.5617446899414,206.4093780517578,14.020000457763672,1.7879999876022339,1.4730000495910645,63.17109680175781,102.93316650390625
2020-01-06,7769.21923828125,39.24644470214844,93.4991683959961,147.38999938964844,8.836746215820312,67.82943725585938,207.7393341064453,13.850000381469727,1.8109999895095825,1.4880000352859497,63.10661315917969,102.5891342163086
2020-01-07,8163.6923828125,39.22016906738281,93.37015533447266,147.97000122070312,8.78051471710205,68.96162414550781,207.71041870117188,13.789999961853027,1.8270000219345093,1.5,63.049346923828125,102.3251953125
2020-01-08,8079.86279296875,39.44784164428711,93.74798583984375,146.86000061035156,8.668045043945312,69.07723999023438,209.27162170410156,13.449999809265137,1.8739999532699585,1.4930000305175781,63.10661315917969,102.18118286132812
2020-01-09,7879.0712890625,39.71053695678711,94.51284790039062,146.02999877929688,8.61181354522705,69.47229766845703,211.04486083984375,12.539999961853027,1.8580000400543213,1.5,63.271324157714844,102.66917419433594
2020-01-10,8166.55419921875,39.92068862915039,94.38384246826172,146.91000366210938,8.692146301269531,68.8941650390625,210.5051727294922,12.5600004196167,1.8250000476837158,1.4980000257492065,63.29280090332031,102.9571533203125
2020-01-11,8037.53759765625,39.92068862915039,94.38384246826172,146.91000366210938,8.692146301269531,68.8941650390625,210.5051727294922,12.5600004196167,1.8250000476837158,1.4980000257492065,63.29280090332031,102.9571533203125
2020-01-12,8192.494140625,39.92068862915039,94.38384246826172,146.91000366210938,8.692146301269531,68.8941650390625,210.5051727294922,12.5600004196167,1.8250000476837158,1.4980000257492065,63.29280090332031,102.9571533203125
2020-01-13,8144.1943359375,40.54240036010742,95.16716003417969,145.82000732421875,8.79658031463623,69.85772705078125,212.93373107910156,12.319999694824219,1.8480000495910645,1.5099999904632568,63.29280090332031,102.70919799804688
2020-01-14,8827.7646484375,40.314735412597656,95.02891540527344,145.69000244140625,8.788545608520508,70.00225830078125,212.09532165527344,12.390000343322754,1.8179999589920044,1.5299999713897705,63.28567123413086,102.83716583251953
2020-01-15,8807.0107421875,39.9995002746582,95.31460571289062,146.5399932861328,8.74034595489502,68.9664306640625,212.1820831298828,12.420000076293945,1.7879999876022339,1.5080000162124634,63.29997253417969,103.06114959716797
2020-01-16,8723.7861328125,40.25343322753906,96.08868408203125,146.30999755859375,8.828713417053223,70.07935333251953,214.2154998779297,12.319999694824219,1.809000015258789,1.5180000066757202,63.321441650390625,103.20516204833984
2020-01-17,8929.0380859375,40.48110580444336,96.35592651367188,146.5800018310547,8.836746215820312,70.368408203125,215.27560424804688,12.100000381469727,1.8359999656677246,1.5230000019073486,63.271324157714844,103.18919372558594
2020-01-18,8942.80859375,40.48110580444336,96.35592651367188,146.5800018310547,8.836746215820312,70.368408203125,215.27560424804688,12.100000381469727,1.8359999656677246,1.5230000019073486,63.271324157714844,103.18919372558594
2020-01-19,8706.2451171875,40.48110580444336,96.35592651367188,146.5800018310547,8.836746215820312,70.368408203125,215.27560424804688,12.100000381469727,1.8359999656677246,1.5230000019073486,63.271324157714844,103.18919372558594
2020-01-20,8657.642578125,40.48110580444336,96.35592651367188,146.5800018310547,8.836746215820312,70.368408203125,215.27560424804688,12.100000381469727,1.8359999656677246,1.5230000019073486,63.271324157714844,103.18919372558594
2020-01-21,8745.89453125,39.45659255981445,96.097900390625,146.74000549316406,8.820680618286133,70.42621612548828,215.17921447753906,12.850000381469727,1.7690000534057617,1.503000020980835,63.13531494140625,103.68515014648438
2020-01-22,8680.8759765625,39.780582427978516,96.15320587158203,146.7899932861328,8.78051471710205,71.00436401367188,215.7478485107422,12.90999984741211,1.7690000534057617,1.5130000114440918,63.24981689453125,103.74111938476562
2020-01-23,8406.515625,39.36903762817383,96.06103515625,147.1199951171875,8.756413459777832,71.44759368896484,216.44171142578125,12.979999542236328,1.7400000095367432,1.5149999856948853,63.0565299987793,103.87711334228516
2020-01-24,8445.4345703125,39.05379867553711,95.0657958984375,147.97999572753906,8.684114456176758,71.1344223022461,214.6202392578125,14.5600004196167,1.680999994277954,1.4900000095367432,62.79157257080078,104.05313873291016
2020-01-25,8367.84765625,39.05379867553711,95.0657958984375,147.97999572753906,8.684114456176758,71.1344223022461,214.6202392578125,14.5600004196167,1.680999994277954,1.4900000095367432,62.79157257080078,104.05313873291016
2020-01-26,8596.830078125,39.05379867553711,95.0657958984375,147.97999572753906,8.684114456176758,71.1344223022461,214.6202392578125,14.5600004196167,1.680999994277954,1.4900000095367432,62.79157257080078,104.05313873291016
2020-01-27,8909.8193359375,37.70530319213867,93.48993682861328,148.99000549316406,8.435077667236328,68.26786041259766,210.1871795654297,18.229999542236328,1.6050000190734863,1.5049999952316284,62.36907196044922,104.25312805175781
2020-01-28,9358.58984375,38.02053451538086,94.32857513427734,147.66000366210938,8.386877059936523,69.97816467285156,213.41561889648438,16.280000686645508,1.6410000324249268,1.5299999713897705,62.90613555908203,104.1971206665039
2020-01-29,9316.6298828125,38.20441818237305,94.45757293701172,148.4600067138672,8.394909858703613,68.91343688964844,213.7625732421875,16.389999389648438,1.593999981880188,1.5199999809265137,62.870361328125,104.53311157226562
2020-01-30,9508.9931640625,37.63525390625,94.58657836914062,148.47000122070312,8.306543350219727,68.75446319580078,214.52389526367188,15.489999771118164,1.5579999685287476,1.527999997138977,62.934776306152344,104.59711456298828
2020-01-31,9350.529296875,36.873443603515625,92.43939208984375,149.3300018310547,8.12177562713623,66.27811431884766,211.12197875976562,18.84000015258789,1.5199999809265137,1.5099999904632568,62.67698669433594,104.86911010742188
2020-02-01,9392.875,36.873443603515625,92.43939208984375,149.3300018310547,8.12177562713623,66.27811431884766,211.12197875976562,18.84000015258789,1.5199999809265137,1.5099999904632568,62.67698669433594,104.86911010742188
2020-02-02,9344.365234375,36.873443603515625,92.43939208984375,149.3300018310547,8.12177562713623,66.27811431884766,211.12197875976562,18.84000015258789,1.5199999809265137,1.5099999904632568,62.67698669433594,104.86911010742188
2020-02-03,9293.521484375,37.28499221801758,93.36092376708984,148.36000061035156,8.354742050170898,67.18385314941406,214.31185913085938,17.969999313354492,1.5199999809265137,1.5180000066757202,62.66693878173828,104.78651428222656
2020-02-04,9180.962890625,38.24821472167969,94.73401641845703,146.42999267578125,8.523444175720215,69.34703826904297,219.2172088623047,16.049999237060547,1.6030000448226929,1.5379999876022339,63.04085159301758,104.52985382080078
2020-02-05,9613.423828125,38.46712112426758,95.88594055175781,146.61000061035156,8.579678535461426,70.72492218017578,219.9400177001953,15.149999618530273,1.6490000486373901,1.5199999809265137,63.299720764160156,104.4656753540039
2020-02-06,9729.8017578125,38.50214385986328,96.22691345214844,147.39999389648438,8.619843482971191,70.7730941772461,221.83851623535156,14.960000038146973,1.6440000534057617,1.5299999713897705,63.3500862121582,104.41757202148438
2020-02-07,9795.943359375,37.9680061340332,95.5910415649414,147.7899932861328,8.555577278137207,69.1543197631836,220.88441467285156,15.470000267028809,1.5779999494552612,1.5180000066757202,63.256553649902344,104.81859588623047
2020-02-08,9865.119140625,37.9680061340332,95.5910415649414,147.7899932861328,8.555577278137207,69.1543197631836,220.88441467285156,15.470000267028809,1.5779999494552612,1.5180000066757202,63.256553649902344,104.81859588623047
2020-02-09,10116.673828125,37.9680061340332,95.5910415649414,147.7899932861328,8.555577278137207,69.1543197631836,220.88441467285156,15.470000267028809,1.5779999494552612,1.5180000066757202,63.256553649902344,104.81859588623047
2020-02-10,9856.611328125,38.17814636230469,96.05182647705078,148.1699981689453,8.539510726928711,70.2431411743164,223.5539093017578,15.039999961853027,1.5470000505447388,1.5199999809265137,63.342864990234375,105.06718444824219
2020-02-11,10208.236328125,38.677268981933594,96.22691345214844,147.66000366210938,8.70821475982666,71.7270278930664,223.5924835205078,15.180000305175781,1.590000033378601,1.5379999876022339,63.38601303100586,104.91481018066406
2020-02-12,10326.0546875,39.20266342163086,96.80748748779297,147.5399932861328,8.844781875610352,72.73875427246094,225.7705078125,13.739999771118164,1.6299999952316284,1.534999966621399,63.551395416259766,104.86672973632812
2020-02-13,10214.3798828125,38.68602752685547,96.57709503173828,148.3800048828125,8.764445304870605,72.91218566894531,225.48138427734375,14.149999618530273,1.6169999837875366,1.5449999570846558,63.57296371459961,104.79454040527344
2020-02-14,10312.1162109375,38.70353698730469,96.76142120361328,149.0,8.772480964660645,72.59902954101562,226.12713623046875,13.680000305175781,1.5880000591278076,1.534999966621399,63.565773010253906,105.05118560791016
2020-02-15,9889.4248046875,38.70353698730469,96.76142120361328,149.0,8.772480964660645,72.59902954101562,226.12713623046875,13.680000305175781,1.5880000591278076,1.534999966621399,63.565773010253906,105.05118560791016
2020-02-16,9934.43359375,38.70353698730469,96.76142120361328,149.0,8.772480964660645,72.59902954101562,226.12713623046875,13.680000305175781,1.5880000591278076,1.534999966621399,63.565773010253906,105.05118560791016
2020-02-17,9690.142578125,38.70353698730469,96.76142120361328,149.0,8.772480964660645,72.59902954101562,226.12713623046875,13.680000305175781,1.5880000591278076,1.534999966621399,63.565773010253906,105.05118560791016
2020-02-18,10141.99609375,38.44960403442383,96.49415588378906,150.91000366210938,8.71624755859375,71.51022338867188,226.2138214111328,14.829999923706055,1.555999994277954,1.534999966621399,63.436344146728516,105.25167846679688
2020-02-19,9633.38671875,38.729801177978516,96.81669616699219,151.7899932861328,8.70821475982666,73.35061645507812,228.3822021484375,14.380000114440918,1.5700000524520874,1.5429999828338623,63.46511459350586,105.10735321044922
2020-02-20,9608.4755859375,38.1256217956543,96.52180480957031,152.41000366210938,8.619843482971191,72.19435119628906,226.26202392578125,15.5600004196167,1.524999976158142,1.5379999876022339,63.57296371459961,105.46022033691406
2020-02-21,9686.44140625,37.906707763671875,95.5910415649414,154.6999969482422,8.563612937927246,70.07452392578125,221.91563415527344,17.079999923706055,1.4709999561309814,1.5180000066757202,63.51542663574219,105.66876983642578
2020-02-22,9663.181640625,37.906707763671875,95.5910415649414,154.6999969482422,8.563612937927246,70.07452392578125,221.91563415527344,17.079999923706055,1.4709999561309814,1.5180000066757202,63.51542663574219,105.66876983642578
2020-02-23,9924.515625,37.906707763671875,95.5910415649414,154.6999969482422,8.563612937927246,70.07452392578125,221.91563415527344,17.079999923706055,1.4709999561309814,1.5180000066757202,63.51542663574219,105.66876983642578
2020-02-24,9650.1748046875,36.4881591796875,92.29194641113281,156.08999633789062,8.258341789245605,66.89961242675781,213.35777282714844,25.030000686645508,1.3769999742507935,1.503000020980835,62.83232879638672,105.68474578857422
2020-02-25,9341.705078125,36.199195861816406,89.47206115722656,153.3000030517578,8.137842178344727,64.97249603271484,207.5562286376953,27.850000381469727,1.3300000429153442,1.4900000095367432,62.39366912841797,105.78900146484375
2020-02-26,8820.5224609375,36.4881591796875,89.27851104736328,153.97000122070312,8.097675323486328,65.36273956298828,208.6259765625,27.559999465942383,1.309999942779541,1.4780000448226929,62.45840835571289,105.39604187011719
2020-02-27,8784.494140625,35.612510681152344,85.4818115234375,154.0,7.840604782104492,62.35163116455078,198.17919921875,39.15999984741211,1.2990000247955322,1.3949999809265137,61.617103576660156,104.83457946777344
2020-02-28,8672.455078125,35.48116683959961,84.73536682128906,148.3800048828125,7.792404651641846,63.580162048339844,198.33343505859375,40.11000061035156,1.1269999742507935,1.2300000190734863,61.8687858581543,106.01358795166016
2020-02-29,8599.5087890625,35.48116683959961,84.73536682128906,148.3800048828125,7.792404651641846,63.580162048339844,198.33343505859375,40.11000061035156,1.1269999742507935,1.2300000190734863,61.8687858581543,106.01358795166016
2020-03-01,8562.4541015625,35.48116683959961,84.73536682128906,148.3800048828125,7.792404651641846,63.580162048339844,198.33343505859375,40.11000061035156,1.1269999742507935,1.2300000190734863,61.8687858581543,106.01358795166016
2020-03-02,8869.669921875,36.251739501953125,88.48601531982422,149.1999969482422,7.969139099121094,65.78187561035156,208.56813049316406,33.41999816894531,1.0880000591278076,1.1349999904632568,62.33823776245117,105.90827941894531
2020-03-03,8787.7861328125,36.006553649902344,85.83194732666016,153.88999938964844,8.001275062561035,63.62351989746094,201.8798828125,36.81999969482422,1.0099999904632568,0.9179999828338623,62.07100296020508,107.11454772949219
2020-03-04,8755.24609375,36.64577102661133,89.17716979980469,154.16000366210938,8.137842178344727,66.8851547241211,210.30282592773438,31.989999771118164,0.9919999837875366,0.675000011920929,62.92326736450195,107.26734924316406
2020-03-05,9078.7626953125,35.87519836425781,86.36647033691406,157.49000549316406,8.081607818603516,64.78460693359375,203.91334533691406,39.619998931884766,0.9259999990463257,0.5950000286102295,62.128807067871094,107.22710418701172
2020-03-06,9122.5458984375,35.13966369628906,85.10395812988281,157.5500030517578,7.993241786956787,63.53680419921875,200.47286987304688,41.939998626708984,0.7059999704360962,0.41499999165534973,61.42818832397461,107.9749984741211
2020-03-07,8909.9541015625,35.13966369628906,85.10395812988281,157.5500030517578,7.993241786956787,63.53680419921875,200.47286987304688,41.939998626708984,0.7059999704360962,0.41499999165534973,61.42818832397461,107.9749984741211
2020-03-08,8108.1162109375,35.13966369628906,85.10395812988281,157.5500030517578,7.993241786956787,63.53680419921875,200.47286987304688,41.939998626708984,0.7059999704360962,0.41499999165534973,61.42818832397461,107.9749984741211
2020-03-09,7923.64453125,32.74039077758789,79.11394500732422,157.80999755859375,7.213999271392822,58.251708984375,186.54713439941406,54.459999084472656,0.49900001287460327,0.33000001311302185,58.78470993041992,105.3533935546875
2020-03-10,7909.7294921875,34.404117584228516,83.2055892944336,154.47999572753906,7.527303218841553,61.84095001220703,196.70474243164062,47.29999923706055,0.7480000257492065,0.38999998569488525,59.687538146972656,102.98114013671875
2020-03-11,7911.43017578125,32.801692962646484,79.11394500732422,153.92999267578125,7.222033500671387,58.50223159790039,188.13726806640625,53.900001525878906,0.8199999928474426,0.36800000071525574,58.387481689453125,99.59558868408203
2020-03-12,4970.7880859375,29.518014907836914,71.704833984375,147.7899932861328,6.458858966827393,52.32584762573242,170.88671875,75.47000122070312,0.8489999771118164,0.27300000190734863,56.05459213256836,94.84300231933594
2020-03-13,5563.70703125,31.645837783813477,78.20166015625,143.27999877929688,6.619527339935303,57.39895248413086,185.3617401123047,57.83000183105469,0.9509999752044678,0.24300000071525574,57.8169059753418,98.95232391357422
2020-03-14,5200.3662109375,31.645837783813477,78.20166015625,143.27999877929688,6.619527339935303,57.39895248413086,185.3617401123047,57.83000183105469,0.9509999752044678,0.24300000071525574,57.8169059753418,98.95232391357422
2020-03-15,5392.31494140625,31.645837783813477,78.20166015625,143.27999877929688,6.619527339935303,57.39895248413086,185.3617401123047,57.83000183105469,0.9509999752044678,0.24300000071525574,57.8169059753418,98.95232391357422
2020-03-16,5014.47998046875,27.696678161621094,70.23957061767578,141.63999938964844,5.944721698760986,49.1268424987793,163.15765380859375,82.69000244140625,0.7279999852180481,0.1850000023841858,54.63894271850586,97.54499816894531
2020-03-17,5225.62939453125,29.605587005615234,73.29906463623047,143.55999755859375,6.282124042510986,53.106327056884766,175.53179931640625,75.91000366210938,0.996999979019165,0.16500000655651093,55.151771545410156,93.54827117919922
2020-03-18,5238.4384765625,27.048696517944336,70.14743041992188,140.6999969482422,5.695685863494873,48.693241119384766,170.19281005859375,76.44999694824219,1.2660000324249268,0.003000000026077032,52.717769622802734,88.8680648803711
2020-03-19,6191.19287109375,27.258852005004883,70.16585540771484,138.0399932861328,5.872420310974121,49.555625915527344,171.2143096923828,72.0,1.11899995803833,-0.02800000086426735,51.533241271972656,84.47735595703125
2020-03-20,6198.7783203125,27.460250854492188,66.4059829711914,140.11000061035156,5.944721698760986,48.68842315673828,164.5068359375,66.04000091552734,0.9380000233650208,-0.032999999821186066,50.377601623535156,85.83634948730469
2020-03-21,6185.06640625,27.460250854492188,66.4059829711914,140.11000061035156,5.944721698760986,48.68842315673828,164.5068359375,66.04000091552734,0.9380000233650208,-0.032999999821186066,50.377601623535156,85.83634948730469
2020-03-22,5830.2548828125,27.460250854492188,66.4059829711914,140.11000061035156,5.944721698760986,48.68842315673828,164.5068359375,66.04000091552734,0.9380000233650208,-0.032999999821186066,50.377601623535156,85.83634948730469
2020-03-23,6416.31494140625,26.803518295288086,63.84409713745117,146.3000030517578,5.7679853439331055,50.495086669921875,164.6256866455078,61.59000015258789,0.7639999985694885,-0.03999999910593033,49.56867599487305,92.18121337890625
2020-03-24,6734.8037109375,28.817502975463867,70.4607162475586,153.39999389648438,6.426724433898926,55.70792007446289,177.37384033203125,61.66999816894531,0.8159999847412109,-0.032999999821186066,51.61268997192383,94.07099914550781
2020-03-25,6681.06298828125,29.833250045776367,71.961669921875,151.3000030517578,6.555259704589844,55.288780212402344,176.0604248046875,63.95000076293945,0.8579999804496765,-0.07000000029802322,53.06444549560547,98.57431030273438
2020-03-26,6716.4404296875,30.962825775146484,76.001220703125,153.24000549316406,6.667727470397949,58.641944885253906,185.33181762695312,61.0,0.8109999895095825,-0.10499999672174454,55.49122619628906,98.65474700927734
2020-03-27,6469.79833984375,29.202783584594727,73.63865661621094,152.25,6.571327209472656,55.39958190917969,178.95773315429688,65.54000091552734,0.7490000128746033,-0.057999998331069946,55.635677337646484,98.45370483398438
2020-03-28,6242.19384765625,29.202783584594727,73.63865661621094,152.25,6.571327209472656,55.39958190917969,178.95773315429688,65.54000091552734,0.7490000128746033,-0.057999998331069946,55.635677337646484,98.45370483398438
2020-03-29,5922.04296875,29.202783584594727,73.63865661621094,152.25,6.571327209472656,55.39958190917969,178.95773315429688,65.54000091552734,0.7490000128746033,-0.057999998331069946,55.635677337646484,98.45370483398438
2020-03-30,6429.841796875,29.68439292907715,76.39037322998047,152.9199981689453,6.828395843505859,57.5723991394043,185.467041015625,57.08000183105469,0.6700000166893005,0.013000000268220901,56.11235046386719,99.65190887451172
2020-03-31,6438.64453125,29.88578987121582,75.08399963378906,148.0500030517578,6.997098445892334,56.43540954589844,183.88320922851562,53.540000915527344,0.6980000138282776,0.029999999329447746,55.664573669433594,99.32218170166016
2020-04-01,6606.7763671875,28.60734748840332,71.95242309570312,149.4499969482422,6.748060703277588,53.63628387451172,176.07008361816406,57.060001373291016,0.6349999904632568,0.06300000101327896,54.136573791503906,97.87911987304688
2020-04-02,6793.62451171875,29.570556640625,73.64791107177734,151.89999389648438,6.908730506896973,55.08161163330078,179.6434326171875,50.90999984741211,0.6269999742507935,0.06499999761581421,54.55759048461914,98.1370849609375
2020-04-03,6733.38720703125,29.010143280029297,72.50831604003906,152.64999389648438,7.069397926330566,53.97834396362305,177.0938262939453,46.79999923706055,0.5870000123977661,0.057999998331069946,53.38892364501953,97.62916564941406
2020-04-04,6867.52734375,29.010143280029297,72.50831604003906,152.64999389648438,7.069397926330566,53.97834396362305,177.0938262939453,46.79999923706055,0.5870000123977661,0.057999998331069946,53.38892364501953,97.62916564941406
2020-04-05,6791.12939453125,29.010143280029297,72.50831604003906,152.64999389648438,7.069397926330566,53.97834396362305,177.0938262939453,46.79999923706055,0.5870000123977661,0.057999998331069946,53.38892364501953,97.62916564941406
2020-04-06,7271.78125,30.595054626464844,77.36322021484375,156.8800048828125,7.334501266479492,59.3453369140625,189.7550811767578,45.2400016784668,0.6759999990463257,0.05999999865889549,54.688232421875,99.55597686767578
2020-04-07,7176.41455078125,30.752685546875,77.59481811523438,156.0399932861328,7.4630351066589355,59.16226577758789,189.67784118652344,46.70000076293945,0.7360000014305115,0.12800000607967377,54.688232421875,99.7091293334961
2020-04-08,7334.0986328125,31.06791114807129,80.18904876708984,154.64999389648438,7.527303218841553,61.12310028076172,193.705078125,43.349998474121094,0.7639999985694885,0.1850000023841858,56.11100387573242,101.50695037841797
2020-04-09,7302.08935546875,30.954076766967773,81.0136489868164,158.69000244140625,7.623702526092529,59.67776870727539,193.9851837158203,41.66999816894531,0.7289999723434448,0.20999999344348907,59.783958435058594,106.27958679199219
2020-04-10,6865.4931640625,30.954076766967773,81.0136489868164,158.69000244140625,7.623702526092529,59.67776870727539,193.9851837158203,41.66999816894531,0.7289999723434448,0.20999999344348907,59.783958435058594,106.27958679199219
2020-04-11,6859.0830078125,30.954076766967773,81.0136489868164,158.69000244140625,7.623702526092529,59.67776870727539,193.9851837158203,41.66999816894531,0.7289999723434448,0.20999999344348907,59.783958435058594,106.27958679199219
2020-04-12,6971.091796875,30.954076766967773,81.0136489868164,158.69000244140625,7.623702526092529,59.67776870727539,193.9851837158203,41.66999816894531,0.7289999723434448,0.20999999344348907,59.783958435058594,106.27958679199219
2020-04-13,6845.03759765625,30.99785614013672,79.71652221679688,161.41000366210938,7.760270595550537,60.458248138427734,196.08087158203125,41.16999816894531,0.7490000128746033,0.20000000298023224,58.92741775512695,105.24764251708984
2020-04-14,6842.427734375,31.70713233947754,82.22734069824219,162.67999267578125,7.912907123565674,63.10321044921875,204.60865783691406,37.7599983215332,0.7519999742507935,0.16500000655651093,59.1741943359375,104.7317123413086
2020-04-15,6642.10986328125,30.892784118652344,80.32801818847656,161.85000610351562,7.977173328399658,61.40252685546875,202.26182556152344,40.84000015258789,0.6380000114440918,0.11500000208616257,58.62257385253906,105.43307495117188
2020-04-16,7116.80419921875,31.059154510498047,80.49478912353516,161.7100067138672,8.001275062561035,63.03092956542969,205.95111083984375,40.11000061035156,0.609000027179718,0.10999999940395355,58.56447982788086,104.90906524658203
2020-04-17,7096.1845703125,31.750919342041016,82.82030487060547,158.57000732421875,8.12177562713623,63.647621154785156,207.92123413085938,38.150001525878906,0.6539999842643738,0.10300000011920929,58.862083435058594,105.25572967529297
2020-04-18,7257.6650390625,31.750919342041016,82.82030487060547,158.57000732421875,8.12177562713623,63.647621154785156,207.92123413085938,38.150001525878906,0.6539999842643738,0.10300000011920929,58.862083435058594,105.25572967529297
2020-04-19,7189.4248046875,31.750919342041016,82.82030487060547,158.57000732421875,8.12177562713623,63.647621154785156,207.92123413085938,38.150001525878906,0.6539999842643738,0.10300000011920929,58.862083435058594,105.25572967529297
2020-04-20,6881.95849609375,31.34811782836914,81.31013488769531,159.6999969482422,8.23424243927002,62.29863357543945,205.4585723876953,43.83000183105469,0.6259999871253967,0.07000000029802322,57.976497650146484,104.6591567993164
2020-04-21,6880.3232421875,30.481237411499023,78.90120697021484,158.61000061035156,8.178008079528809,59.5091438293457,197.8772430419922,45.40999984741211,0.5709999799728394,0.09799999743700027,56.916744232177734,104.28826141357422
2020-04-22,7117.20751953125,31.313093185424805,80.71712493896484,161.72999572753906,8.314577102661133,62.8719482421875,203.74913024902344,41.97999954223633,0.6190000176429749,0.09300000220537186,57.41758728027344,104.352783203125
2020-04-23,7429.724609375,31.19925880432129,80.63378143310547,163.33999633789062,8.419012069702148,62.293819427490234,203.3144989013672,41.380001068115234,0.6129999756813049,0.09300000220537186,57.38852310180664,104.79619598388672
2020-04-24,7550.90087890625,31.155481338500977,81.91233825683594,162.63999938964844,8.595746040344238,63.55125427246094,206.5208740234375,35.93000030517578,0.5960000157356262,0.10000000149011612,56.85139846801758,104.72364044189453
2020-04-25,7569.93603515625,31.155481338500977,81.91233825683594,162.63999938964844,8.595746040344238,63.55125427246094,206.5208740234375,35.93000030517578,0.5960000157356262,0.10000000149011612,56.85139846801758,104.72364044189453
2020-04-26,7679.8671875,31.155481338500977,81.91233825683594,162.63999938964844,8.595746040344238,63.55125427246094,206.5208740234375,35.93000030517578,0.5960000157356262,0.10000000149011612,56.85139846801758,104.72364044189453
2020-04-27,7795.60107421875,31.785938262939453,83.32064056396484,161.55999755859375,8.668045043945312,64.33655548095703,208.1820068359375,33.290000915527344,0.656000018119812,0.09300000220537186,57.08367919921875,103.87714385986328
2020-04-28,7807.05859375,31.84723663330078,83.32990264892578,160.83999633789062,8.651978492736816,63.90776443481445,204.26097106933594,33.56999969482422,0.6100000143051147,0.08500000089406967,57.257877349853516,104.15928649902344
2020-04-29,8801.0380859375,32.77542495727539,85.5164566040039,161.72999572753906,8.764445304870605,66.90924835205078,211.50424194335938,31.229999542236328,0.6269999742507935,0.09000000357627869,58.2668571472168,104.84455871582031
2020-04-30,8658.5537109375,32.08366394042969,84.30274200439453,158.8000030517578,8.700179100036621,64.42809295654297,211.41737365722656,34.150001525878906,0.621999979019165,0.09000000357627869,58.382999420166016,104.13507843017578
2020-05-01,8864.7666015625,30.92780113220215,82.2829360961914,159.77999877929688,8.547545433044434,61.39289855957031,205.4585723876953,37.189998626708984,0.6420000195503235,0.09300000220537186,57.37593460083008,103.72296142578125
2020-05-02,8988.5966796875,30.92780113220215,82.2829360961914,159.77999877929688,8.547545433044434,61.39289855957031,205.4585723876953,37.189998626708984,0.6420000195503235,0.09300000220537186,57.37593460083008,103.72296142578125
2020-05-03,8897.46875,30.92780113220215,82.2829360961914,159.77999877929688,8.547545433044434,61.39289855957031,205.4585723876953,37.189998626708984,0.6420000195503235,0.09300000220537186,57.37593460083008,103.72296142578125
2020-05-04,8912.654296875,31.26055145263672,82.54234313964844,160.33999633789062,8.820680618286133,62.072200775146484,207.85365295410156,35.970001220703125,0.6370000243186951,0.09000000357627869,57.295711517333984,103.88458251953125
2020-05-05,9003.0703125,31.435686111450195,83.32990264892578,161.02000427246094,8.901016235351562,62.8815803527832,210.21017456054688,33.61000061035156,0.6570000052452087,0.10999999940395355,57.791603088378906,103.74720001220703
2020-05-06,9268.76171875,31.33936309814453,82.90370178222656,158.9499969482422,8.692146301269531,63.61870574951172,211.50424194335938,34.119998931884766,0.7110000252723694,0.1080000028014183,57.46342849731445,102.5833969116211
2020-05-07,9951.5185546875,31.59330177307129,83.8394546508789,161.38999938964844,8.74034595489502,64.19683837890625,214.227783203125,31.440000534057617,0.6309999823570251,0.0949999988079071,57.609275817871094,102.85816955566406
2020-05-08,9842.666015625,32.25878143310547,85.2385025024414,160.4199981689453,8.89298152923584,65.83487701416016,217.1637420654297,27.979999542236328,0.6819999814033508,0.0949999988079071,58.156219482421875,102.36517333984375
2020-05-09,9593.896484375,32.25878143310547,85.2385025024414,160.4199981689453,8.89298152923584,65.83487701416016,217.1637420654297,27.979999542236328,0.6819999814033508,0.0949999988079071,58.156219482421875,102.36517333984375
2020-05-10,8756.4306640625,32.25878143310547,85.2385025024414,160.4199981689453,8.89298152923584,65.83487701416016,217.1637420654297,27.979999542236328,0.6819999814033508,0.0949999988079071,58.156219482421875,102.36517333984375
2020-05-11,8601.7958984375,32.04863357543945,85.37747192382812,159.4199981689453,8.748379707336426,65.86860656738281,219.1049041748047,27.56999969482422,0.7260000109672546,0.10499999672174454,57.89369201660156,101.46805572509766
2020-05-12,8804.4775390625,31.926044464111328,83.49665832519531,160.0399932861328,8.643946647644043,64.05712127685547,214.51747131347656,33.040000915527344,0.6779999732971191,0.12300000339746475,57.82078170776367,102.44598388671875
2020-05-13,9269.9873046875,31.86475372314453,82.19957733154297,161.5800018310547,8.459177017211914,62.92013168334961,211.83267211914062,35.279998779296875,0.6489999890327454,0.11500000208616257,57.51451110839844,102.68038177490234
2020-05-14,9733.7216796875,31.987340927124023,83.19090270996094,163.00999450683594,8.266375541687012,64.68343353271484,214.23739624023438,32.61000061035156,0.6190000176429749,0.10499999672174454,57.317588806152344,103.52898406982422
2020-05-15,9328.197265625,31.549516677856445,83.82095336914062,163.92999267578125,8.330642700195312,63.20919418334961,215.62815856933594,31.889999389648438,0.6399999856948853,0.10300000011920929,57.39781951904297,103.89263916015625
2020-05-16,9377.013671875,31.549516677856445,83.82095336914062,163.92999267578125,8.330642700195312,63.20919418334961,215.62815856933594,31.889999389648438,0.6399999856948853,0.10300000011920929,57.39781951904297,103.89263916015625
2020-05-17,9670.7392578125,31.549516677856445,83.82095336914062,163.92999267578125,8.330642700195312,63.20919418334961,215.62815856933594,31.889999389648438,0.6399999856948853,0.10300000011920929,57.39781951904297,103.89263916015625
2020-05-18,9726.5751953125,32.7841682434082,86.4151611328125,162.69000244140625,8.547545433044434,65.93123626708984,219.645751953125,29.299999237060547,0.7440000176429749,0.10499999672174454,58.41144561767578,104.48263549804688
2020-05-19,9729.0380859375,32.521484375,85.40528106689453,164.25999450683594,8.467211723327637,65.68553924560547,219.0952606201172,30.530000686645508,0.7110000252723694,0.11800000071525574,58.484378814697266,104.56342315673828
2020-05-20,9522.9814453125,32.95055389404297,86.76722717285156,164.64999389648438,8.579678535461426,68.06551361083984,223.47021484375,27.989999771118164,0.6800000071525574,0.11800000071525574,59.104217529296875,105.71106719970703
2020-05-21,9081.76171875,32.57402038574219,86.24838256835938,162.25,8.459177017211914,66.34075164794922,221.0364227294922,29.530000686645508,0.6769999861717224,0.10999999940395355,59.08962631225586,105.63026428222656
2020-05-22,9182.5771484375,31.8997802734375,86.4151611328125,163.2100067138672,8.523444175720215,66.48046875,221.79940795898438,28.15999984741211,0.6570000052452087,0.10999999940395355,59.23546600341797,105.63026428222656
2020-05-23,9209.287109375,31.8997802734375,86.4151611328125,163.2100067138672,8.523444175720215,66.48046875,221.79940795898438,28.15999984741211,0.6570000052452087,0.10999999940395355,59.23546600341797,105.63026428222656
2020-05-24,8790.3681640625,31.8997802734375,86.4151611328125,163.2100067138672,8.523444175720215,66.48046875,221.79940795898438,28.15999984741211,0.6570000052452087,0.10999999940395355,59.23546600341797,105.63026428222656
2020-05-25,8906.9345703125,31.8997802734375,86.4151611328125,163.2100067138672,8.523444175720215,66.48046875,221.79940795898438,28.15999984741211,0.6570000052452087,0.10999999940395355,59.23546600341797,105.63026428222656
2020-05-26,8835.052734375,32.60028839111328,87.80491638183594,160.88999938964844,8.692146301269531,67.05377197265625,221.2006378173828,28.010000228881836,0.6980000138282776,0.11800000071525574,59.6803092956543,105.48481750488281
2020-05-27,9181.017578125,32.70536804199219,88.8055419921875,161.17999267578125,8.868881225585938,68.06551361083984,222.40785217285156,27.6200008392334,0.6800000071525574,0.13500000536441803,59.80426788330078,105.92122650146484
2020-05-28,9525.7509765625,32.47770309448242,88.54610443115234,161.72000122070312,8.876914978027344,66.61053466796875,222.11814880371094,28.59000015258789,0.7049999833106995,0.1379999965429306,59.86262512207031,106.0101089477539
2020-05-29,9439.1240234375,33.038116455078125,89.03717041015625,162.91000366210938,8.997415542602539,67.945068359375,225.3727569580078,27.510000228881836,0.6480000019073486,0.12800000607967377,60.103267669677734,106.69708251953125
2020-05-30,9700.4140625,33.038116455078125,89.03717041015625,162.91000366210938,8.997415542602539,67.945068359375,225.3727569580078,27.510000228881836,0.6480000019073486,0.12800000607967377,60.103267669677734,106.69708251953125
2020-05-31,9461.05859375,33.038116455078125,89.03717041015625,162.91000366210938,8.997415542602539,67.945068359375,225.3727569580078,27.510000228881836,0.6480000019073486,0.12800000607967377,60.103267669677734,106.69708251953125
2020-06-01,10167.2685546875,33.7999267578125,89.33364868164062,163.66000366210938,9.005450248718262,67.8438949584961,226.048828125,28.229999542236328,0.6620000004768372,0.12800000607967377,60.5578727722168,106.65011596679688
2020-06-02,9529.8037109375,34.60552215576172,90.02852630615234,162.60000610351562,9.06168270111084,69.17840576171875,227.56504821777344,26.84000015258789,0.6800000071525574,0.14499999582767487,61.15819549560547,106.99031829833984
2020-06-03,9656.7177734375,35.411109924316406,91.37195587158203,159.60000610351562,9.069716453552246,71.08625793457031,228.5888214111328,25.65999984741211,0.7609999775886536,0.14800000190734863,61.4437141418457,106.92554473876953
2020-06-04,9800.63671875,34.911991119384766,90.85311126708984,161.27999877929688,8.96528148651123,71.87154388427734,226.985595703125,25.809999465942383,0.8199999928474426,0.14000000059604645,61.25335693359375,106.60145568847656
2020-06-05,9665.533203125,35.831424713134766,93.13233184814453,158.00999450683594,9.077751159667969,73.5674057006836,231.48609924316406,24.520000457763672,0.9039999842643738,0.14499999582767487,61.83174514770508,107.1523666381836
2020-06-06,9653.6796875,35.831424713134766,93.13233184814453,158.00999450683594,9.077751159667969,73.5674057006836,231.48609924316406,24.520000457763672,0.9039999842643738,0.14499999582767487,61.83174514770508,107.1523666381836
2020-06-07,9758.8525390625,35.831424713134766,93.13233184814453,158.00999450683594,9.077751159667969,73.5674057006836,231.48609924316406,24.520000457763672,0.9039999842643738,0.14499999582767487,61.83174514770508,107.1523666381836
2020-06-08,9771.4892578125,36.050331115722656,93.9754409790039,159.72000122070312,9.21431827545166,73.3458023071289,233.282470703125,25.809999465942383,0.8840000033378601,0.15299999713897705,61.9049186706543,107.50884246826172
2020-06-09,9795.7001953125,35.805152893066406,93.0396728515625,161.25999450683594,9.150050163269043,73.48068237304688,234.97256469726562,27.56999969482422,0.8289999961853027,0.16500000655651093,61.42176055908203,107.2820053100586
2020-06-10,9870.0947265625,36.06785202026367,92.4837646484375,163.57000732421875,9.12594985961914,73.85647583007812,237.79261779785156,27.56999969482422,0.7480000257492065,0.16500000655651093,61.333900451660156,107.98684692382812
2020-06-11,9321.78125,34.18522262573242,86.99884033203125,162.38999938964844,8.603778839111328,69.32295227050781,226.01022338867188,40.790000915527344,0.652999997138977,0.15299999713897705,59.75992202758789,106.69869232177734
2020-06-12,9480.84375,34.911991119384766,87.93463134765625,162.6199951171875,8.78051471710205,70.30096435546875,227.80653381347656,36.09000015258789,0.6990000009536743,0.15000000596046448,60.352901458740234,107.21720123291016
2020-06-13,9475.27734375,34.911991119384766,87.93463134765625,162.6199951171875,8.78051471710205,70.30096435546875,227.80653381347656,36.09000015258789,0.6990000009536743,0.15000000596046448,60.352901458740234,107.21720123291016
2020-06-14,9386.7880859375,34.911991119384766,87.93463134765625,162.6199951171875,8.78051471710205,70.30096435546875,227.80653381347656,36.09000015258789,0.6990000009536743,0.15000000596046448,60.352901458740234,107.21720123291016
2020-06-15,9450.7021484375,34.59493637084961,88.7111587524414,162.3300018310547,8.74034595489502,71.21150970458984,230.5783233642578,34.400001525878906,0.7020000219345093,0.1550000011920929,60.93855667114258,108.74031829833984
2020-06-16,9538.0244140625,34.81511688232422,90.36653137207031,162.25,8.836746215820312,72.32442474365234,234.5379638671875,33.66999816894531,0.7559999823570251,0.1599999964237213,61.187469482421875,108.44058227539062
2020-06-17,9480.2548828125,35.1497917175293,89.96660614013672,162.55999755859375,8.788545608520508,73.0904541015625,235.28160095214844,33.470001220703125,0.7329999804496765,0.16500000655651093,60.90196990966797,108.22987365722656
2020-06-18,9411.8408203125,35.16740798950195,89.90153503417969,162.24000549316406,8.724279403686523,72.98928833007812,235.91900634765625,32.939998626708984,0.6940000057220459,0.14000000059604645,60.880008697509766,108.47294616699219
2020-06-19,9288.0185546875,35.158599853515625,89.38075256347656,164.02999877929688,8.668045043945312,72.64722442626953,235.88040161132812,35.119998931884766,0.6970000267028809,0.14300000667572021,60.675018310546875,108.55396270751953
2020-06-20,9332.3408203125,35.158599853515625,89.38075256347656,164.02999877929688,8.668045043945312,72.64722442626953,235.88040161132812,35.119998931884766,0.6970000267028809,0.14300000667572021,60.675018310546875,108.55396270751953
2020-06-21,9303.6298828125,35.158599853515625,89.38075256347656,164.02999877929688,8.668045043945312,72.64722442626953,235.88040161132812,35.119998931884766,0.6970000267028809,0.14300000667572021,60.675018310546875,108.55396270751953
2020-06-22,9648.7177734375,35.59014892578125,89.98524475097656,165.08999633789062,8.820680618286133,73.31206512451172,238.709228515625,31.770000457763672,0.7039999961853027,0.14000000059604645,60.63109588623047,108.44864654541016
2020-06-23,9629.658203125,35.93363571166992,90.4781494140625,166.47999572753906,8.80461597442627,73.5529556274414,240.74085998535156,31.3700008392334,0.7089999914169312,0.14000000059604645,60.71895217895508,108.24609375
2020-06-24,9313.6103515625,35.458045959472656,88.04155731201172,165.89999389648438,8.71624755859375,72.01126861572266,235.77783203125,33.84000015258789,0.6840000152587891,0.13500000536441803,60.09666061401367,107.94632720947266
2020-06-25,9264.8134765625,35.60776901245117,88.84136962890625,165.8000030517578,8.788545608520508,72.502685546875,238.02232360839844,32.220001220703125,0.6740000247955322,0.12999999523162842,60.118656158447266,108.05974578857422
2020-06-26,9162.91796875,35.17621612548828,86.55358123779297,166.5399932861328,8.668045043945312,71.1440658569336,232.4014434814453,34.72999954223633,0.6359999775886536,0.13300000131130219,59.54759216308594,108.15696716308594
2020-06-27,9045.390625,35.17621612548828,86.55358123779297,166.5399932861328,8.668045043945312,71.1440658569336,232.4014434814453,34.72999954223633,0.6359999775886536,0.13300000131130219,59.54759216308594,108.15696716308594
2020-06-28,9143.58203125,35.17621612548828,86.55358123779297,166.5399932861328,8.668045043945312,71.1440658569336,232.4014434814453,34.72999954223633,0.6359999775886536,0.13300000131130219,59.54759216308594,108.15696716308594
2020-06-29,9190.8544921875,35.33474349975586,87.84626770019531,166.6300048828125,8.721844673156738,71.86672973632812,234.93612670898438,31.780000686645508,0.6359999775886536,0.125,59.21086120605469,108.65928649902344
2020-06-30,9137.9931640625,35.220252990722656,89.20405578613281,167.3699951171875,8.84411334991455,73.61559295654297,239.54122924804688,30.43000030517578,0.652999997138977,0.13500000536441803,59.752601623535156,108.96715545654297
2020-07-01,9228.3251953125,35.616573333740234,89.67832946777344,166.6199951171875,8.884869575500488,72.7724838256836,242.33714294433594,28.6200008392334,0.6819999814033508,0.12999999523162842,59.93857955932617,109.39755249023438
2020-07-02,9123.41015625,36.42685317993164,90.22705078125,166.97999572753906,8.925626754760742,73.8853759765625,243.98182678222656,27.68000030517578,0.6690000295639038,0.13300000131130219,60.379676818847656,109.66551208496094
2020-07-03,9087.3037109375,36.42685317993164,90.22705078125,166.97999572753906,8.925626754760742,73.8853759765625,243.98182678222656,27.68000030517578,0.6690000295639038,0.13300000131130219,60.379676818847656,109.66551208496094
2020-07-04,9132.48828125,36.42685317993164,90.22705078125,166.97999572753906,8.925626754760742,73.8853759765625,243.98182678222656,27.68000030517578,0.6690000295639038,0.13300000131130219,60.379676818847656,109.66551208496094
2020-07-05,9073.9423828125,36.42685317993164,90.22705078125,166.97999572753906,8.925626754760742,73.8853759765625,243.98182678222656,27.68000030517578,0.6690000295639038,0.13300000131130219,60.379676818847656,109.66551208496094
2020-07-06,9375.474609375,37.994544982910156,91.52899932861328,167.97999572753906,9.023442268371582,75.92329406738281,249.9800567626953,27.940000534057617,0.6840000152587891,0.12800000607967377,60.81342315673828,109.94969940185547
2020-07-07,9252.27734375,37.360416412353516,90.41304016113281,169.0399932861328,9.080499649047852,74.9790267944336,248.25799560546875,29.43000030517578,0.6499999761581421,0.14000000059604645,60.40909957885742,110.09587097167969
2020-07-08,9428.3330078125,38.32921600341797,90.91522216796875,170.08999633789062,9.17016315460205,76.05338287353516,251.5279541015625,28.079999923706055,0.652999997138977,0.13500000536441803,60.570858001708984,109.91722869873047
2020-07-09,9277.9677734375,38.32921600341797,90.29214477539062,169.6300048828125,9.056044578552246,77.37345123291016,253.64666748046875,29.260000228881836,0.6050000190734863,0.12300000339746475,60.43851089477539,110.53437805175781
2020-07-10,9278.8076171875,38.082611083984375,91.21282958984375,169.19000244140625,9.064197540283203,77.06993865966797,255.37844848632812,27.290000915527344,0.6330000162124634,0.11999999731779099,60.64433288574219,110.33141326904297
2020-07-11,9240.3466796875,38.082611083984375,91.21282958984375,169.19000244140625,9.064197540283203,77.06993865966797,255.37844848632812,27.290000915527344,0.6330000162124634,0.11999999731779099,60.64433288574219,110.33141326904297
2020-07-12,9276.5,38.082611083984375,91.21282958984375,169.19000244140625,9.064197540283203,77.06993865966797,255.37844848632812,27.290000915527344,0.6330000162124634,0.11999999731779099,60.64433288574219,110.33141326904297
2020-07-13,9243.6142578125,37.82719802856445,90.44093322753906,169.39999389648438,8.982684135437012,75.96184539794922,250.12513732910156,32.189998626708984,0.6399999856948853,0.125,60.313507080078125,110.03900909423828
2020-07-14,9243.2138671875,37.880043029785156,91.72431182861328,170.19000244140625,9.129406929016113,77.23855590820312,251.8956298828125,29.520000457763672,0.6150000095367432,0.13300000131130219,60.82815170288086,110.68055725097656
2020-07-15,9192.8369140625,37.994544982910156,92.92398834228516,170.33999633789062,9.382096290588379,76.88684844970703,252.4083709716797,27.760000228881836,0.6299999952316284,0.125,61.173683166503906,110.89979553222656
2020-07-16,9132.2275390625,37.45730209350586,92.47760772705078,168.72999572753906,9.325037002563477,76.82904052734375,250.68630981445312,28.0,0.6119999885559082,0.10300000011920929,61.232505798339844,111.20841979980469
2020-07-17,9151.392578125,37.66867446899414,92.88678741455078,170.1199951171875,9.569574356079102,77.18556213378906,250.97654724121094,25.68000030517578,0.628000020980835,0.10499999672174454,61.401588439941406,111.50885772705078
2020-07-18,9159.0400390625,37.66867446899414,92.88678741455078,170.1199951171875,9.569574356079102,77.18556213378906,250.97654724121094,25.68000030517578,0.628000020980835,0.10499999672174454,61.401588439941406,111.50885772705078
2020-07-19,9185.8173828125,37.66867446899414,92.88678741455078,170.1199951171875,9.569574356079102,77.18556213378906,250.97654724121094,25.68000030517578,0.628000020980835,0.10499999672174454,61.401588439941406,111.50885772705078
2020-07-20,9164.2314453125,38.153072357177734,93.3145751953125,170.94000244140625,9.74890422821045,78.72724914550781,258.096923828125,24.459999084472656,0.6200000047683716,0.10499999672174454,61.76919174194336,111.81739044189453
2020-07-21,9374.8876953125,38.50535583496094,93.69586944580078,173.0,9.72445011138916,78.33218383789062,255.4073944091797,24.84000015258789,0.6069999933242798,0.10999999940395355,62.055908203125,111.96356201171875
2020-07-22,9525.36328125,38.33802032470703,94.44916534423828,175.6300048828125,9.936381340026855,78.90550231933594,256.3071594238281,24.31999969482422,0.5950000286102295,0.10000000149011612,62.18085861206055,112.32897186279297
2020-07-23,9581.072265625,38.02976608276367,93.40758514404297,177.17999267578125,9.863019943237305,77.6047134399414,249.61241149902344,26.079999923706055,0.5820000171661377,0.10300000011920929,62.13678741455078,112.41020202636719
2020-07-24,9536.892578125,37.994544982910156,92.44971466064453,178.6999969482422,9.846717834472656,76.82422637939453,247.24217224121094,25.84000015258789,0.5889999866485596,0.09799999743700027,62.19557189941406,112.15845489501953
2020-07-25,9677.11328125,37.994544982910156,92.44971466064453,178.6999969482422,9.846717834472656,76.82422637939453,247.24217224121094,25.84000015258789,0.5889999866485596,0.09799999743700027,62.19557189941406,112.15845489501953
2020-07-26,9905.1669921875,37.994544982910156,92.44971466064453,178.6999969482422,9.846717834472656,76.82422637939453,247.24217224121094,25.84000015258789,0.5889999866485596,0.09799999743700027,62.19557189941406,112.15845489501953
2020-07-27,10990.873046875,38.584625244140625,93.10997009277344,182.22999572753906,10.017894744873047,79.92205047607422,251.65370178222656,24.739999771118164,0.609000027179718,0.09300000220537186,62.34261703491211,111.81739044189453
2020-07-28,10912.8232421875,38.26756286621094,92.4031982421875,183.75,9.887475967407227,77.84558868408203,248.45143127441406,25.440000534057617,0.5809999704360962,0.10300000011920929,62.18085861206055,111.70372009277344
2020-07-29,11100.4677734375,38.88407516479492,93.37969207763672,185.1300048828125,9.585877418518066,79.80642700195312,251.31509399414062,24.100000381469727,0.5789999961853027,0.09000000357627869,62.526424407958984,112.31273651123047
2020-07-30,11111.2138671875,38.390865325927734,92.95189666748047,183.75999450683594,9.406550407409668,80.5580062866211,252.63088989257812,24.760000228881836,0.5410000085830688,0.08500000089406967,62.65874481201172,112.19096374511719
2020-07-31,11323.466796875,38.126644134521484,93.62147521972656,185.42999267578125,9.382096290588379,80.08103942871094,257.13922119140625,24.459999084472656,0.5360000133514404,0.08299999684095383,62.7763671875,112.3452377319336
2020-08-01,11759.5927734375,38.126644134521484,93.62147521972656,185.42999267578125,9.382096290588379,80.08103942871094,257.13922119140625,24.459999084472656,0.5360000133514404,0.08299999684095383,62.7763671875,112.3452377319336
2020-08-02,11053.6142578125,38.126644134521484,93.62147521972656,185.42999267578125,9.382096290588379,80.08103942871094,257.13922119140625,24.459999084472656,0.5360000133514404,0.08299999684095383,62.7763671875,112.3452377319336
2020-08-03,11246.3486328125,38.390865325927734,93.94696807861328,185.63999938964844,9.398398399353027,81.50709533691406,260.6123352050781,24.280000686645508,0.5630000233650208,0.07800000160932541,62.791873931884766,112.49577331542969
2020-08-04,11205.892578125,38.901695251464844,94.29106903076172,189.58999633789062,9.561423301696777,82.69227600097656,261.5798034667969,23.760000228881836,0.5149999856948853,0.09000000357627869,62.769737243652344,112.91082000732422
2020-08-05,11747.0224609375,39.32443618774414,95.21174621582031,191.35000610351562,9.610330581665039,82.76454162597656,262.2279968261719,22.989999771118164,0.5429999828338623,0.0949999988079071,62.880428314208984,112.75617980957031
2020-08-06,11779.7734375,39.44773864746094,95.77901458740234,193.88999938964844,9.545121192932129,82.62001037597656,265.701171875,22.649999618530273,0.5360000133514404,0.08799999952316284,63.02066421508789,113.2363052368164
2020-08-07,11601.47265625,38.637474060058594,96.0394515991211,190.80999755859375,9.5125150680542,81.67091369628906,262.63433837890625,22.209999084472656,0.5619999766349792,0.08799999952316284,62.86567687988281,112.9189224243164
2020-08-08,11754.0458984375,38.637474060058594,96.0394515991211,190.80999755859375,9.5125150680542,81.67091369628906,262.63433837890625,22.209999084472656,0.5619999766349792,0.08799999952316284,62.86567687988281,112.9189224243164
2020-08-09,11675.7392578125,38.637474060058594,96.0394515991211,190.80999755859375,9.5125150680542,81.67091369628906,262.63433837890625,22.209999084472656,0.5619999766349792,0.08799999952316284,62.86567687988281,112.9189224243164
2020-08-10,11878.111328125,38.73435592651367,96.27191925048828,190.14999389648438,9.5125150680542,81.72871398925781,261.51202392578125,22.1299991607666,0.5740000009536743,0.08799999952316284,62.89519500732422,112.67481231689453
2020-08-11,11410.525390625,38.628662109375,95.788330078125,179.94000244140625,9.447305679321289,80.57244873046875,256.5587463378906,24.030000686645508,0.6579999923706055,0.10000000149011612,62.32686233520508,111.96680450439453
2020-08-12,11584.9345703125,39.148292541503906,96.988037109375,179.10000610351562,9.6592378616333,83.10659790039062,263.01165771484375,22.280000686645508,0.6700000166893005,0.10000000149011612,62.34162139892578,111.69009399414062
2020-08-13,11784.1376953125,39.0338020324707,96.75553131103516,183.3300018310547,9.610330581665039,82.31649780273438,263.6114196777344,22.1299991607666,0.7160000205039978,0.09000000357627869,62.17183303833008,110.68109893798828
2020-08-14,11768.87109375,38.96334457397461,96.70902252197266,182.5399932861328,9.59402847290039,82.22976684570312,263.3018493652344,22.049999237060547,0.7089999914169312,0.08799999952316284,62.06108856201172,110.19282531738281
2020-08-15,11865.6982421875,38.96334457397461,96.70902252197266,182.5399932861328,9.59402847290039,82.22976684570312,263.3018493652344,22.049999237060547,0.7089999914169312,0.08799999952316284,62.06108856201172,110.19282531738281
2020-08-16,11892.8037109375,38.96334457397461,96.70902252197266,182.5399932861328,9.59402847290039,82.22976684570312,263.3018493652344,22.049999237060547,0.7089999914169312,0.08799999952316284,62.06108856201172,110.19282531738281
2020-08-17,12254.40234375,39.45654296875,97.00662231445312,186.5,9.732600212097168,83.42938995361328,266.3589782714844,21.350000381469727,0.6830000281333923,0.08500000089406967,62.43019104003906,110.42068481445312
2020-08-18,11991.2333984375,39.412506103515625,97.05311584472656,188.17999267578125,9.675541877746582,82.91390228271484,268.9227294921875,21.510000228881836,0.6690000295639038,0.10000000149011612,62.526119232177734,110.73805236816406
2020-08-19,11758.283203125,38.9281005859375,96.75553131103516,182.24000549316406,9.732600212097168,82.40802764892578,267.11370849609375,22.540000915527344,0.675000011920929,0.0949999988079071,62.34898376464844,110.44506072998047
2020-08-20,11878.3720703125,38.8048095703125,96.97870635986328,183.5,9.773355484008789,81.74798583984375,270.8190002441406,22.719999313354492,0.6439999938011169,0.08799999952316284,62.5556640625,110.83570098876953
2020-08-21,11592.4892578125,38.99856948852539,97.26701354980469,182.02999877929688,9.585877418518066,82.34058380126953,272.6957702636719,22.540000915527344,0.6399999856948853,0.08799999952316284,62.54827880859375,111.03910064697266
2020-08-22,11681.8251953125,38.99856948852539,97.26701354980469,182.02999877929688,9.585877418518066,82.34058380126953,272.6957702636719,22.540000915527344,0.6399999856948853,0.08799999952316284,62.54827880859375,111.03910064697266
2020-08-23,11664.84765625,38.99856948852539,97.26701354980469,182.02999877929688,9.585877418518066,82.34058380126953,272.6957702636719,22.540000915527344,0.6399999856948853,0.08799999952316284,62.54827880859375,111.03910064697266
2020-08-24,11774.595703125,39.43012237548828,98.33647918701172,181.0,9.667389869689941,83.0728759765625,274.3985290527344,22.3700008392334,0.6460000276565552,0.08500000089406967,62.83615493774414,110.8438491821289
2020-08-25,11366.134765625,39.826454162597656,98.67129516601562,181.22000122070312,9.822263717651367,84.0123519897461,276.5558776855469,22.030000686645508,0.6819999814033508,0.0949999988079071,62.902587890625,110.36370849609375
2020-08-26,11488.36328125,39.932132720947266,99.57337951660156,183.36000061035156,9.895626068115234,84.47967529296875,282.4574279785156,23.270000457763672,0.6869999766349792,0.09300000220537186,62.89519500732422,110.40434265136719
2020-08-27,11323.3974609375,39.59745788574219,99.6570816040039,181.24000549316406,9.87932300567627,83.29449462890625,281.57696533203125,24.469999313354492,0.7459999918937683,0.0949999988079071,62.79924392700195,109.52552032470703
2020-08-28,11542.5,40.11709213256836,100.64282989501953,184.38999938964844,10.132012367248535,84.619384765625,283.0089111328125,22.959999084472656,0.7289999723434448,0.0949999988079071,62.85090637207031,109.85916900634766
2020-08-29,11506.865234375,40.11709213256836,100.64282989501953,184.38999938964844,10.132012367248535,84.619384765625,283.0089111328125,22.959999084472656,0.7289999723434448,0.0949999988079071,62.85090637207031,109.85916900634766
2020-08-30,11711.505859375,40.11709213256836,100.64282989501953,184.38999938964844,10.132012367248535,84.619384765625,283.0089111328125,22.959999084472656,0.7289999723434448,0.0949999988079071,62.85090637207031,109.85916900634766
2020-08-31,11680.8203125,39.227561950683594,100.04766082763672,184.8300018310547,10.189070701599121,84.48930358886719,285.2823181152344,26.40999984741211,0.6930000185966492,0.0949999988079071,62.7623291015625,110.34742736816406
2020-09-01,11970.478515625,39.89690017700195,100.75445556640625,185.0500030517578,10.213523864746094,86.14662170410156,290.1583557128906,26.1200008392334,0.671999990940094,0.10000000149011612,63.10399627685547,111.04470825195312
2020-09-02,11414.0341796875,39.791221618652344,102.44701385498047,182.6199951171875,10.156465530395508,88.43023681640625,292.9059143066406,26.56999969482422,0.6510000228881836,0.10000000149011612,63.17808151245117,111.48511505126953
2020-09-03,10245.296875,39.0338020324707,99.03398895263672,181.13999938964844,9.830416679382324,83.73291778564453,278.0555114746094,33.599998474121094,0.621999979019165,0.10000000149011612,62.78531265258789,111.2404556274414
2020-09-04,10511.8134765625,39.05141067504883,98.14118957519531,181.63999938964844,9.78965950012207,82.58146667480469,274.3501892089844,30.75,0.7210000157356262,0.10300000011920929,62.61483383178711,110.05787658691406
2020-09-05,10169.5673828125,39.05141067504883,98.14118957519531,181.63999938964844,9.78965950012207,82.58146667480469,274.3501892089844,30.75,0.7210000157356262,0.10300000011920929,62.61483383178711,110.05787658691406
2020-09-06,10280.3515625,39.05141067504883,98.14118957519531,181.63999938964844,9.78965950012207,82.58146667480469,274.3501892089844,30.75,0.7210000157356262,0.10300000011920929,62.61483383178711,110.05787658691406
2020-09-07,10369.5634765625,39.05141067504883,98.14118957519531,181.63999938964844,9.78965950012207,82.58146667480469,274.3501892089844,30.75,0.7210000157356262,0.10300000011920929,62.61483383178711,110.05787658691406
2020-09-08,10131.5166015625,38.373252868652344,95.79763793945312,181.2899932861328,9.488061904907227,78.91995239257812,261.16375732421875,31.459999084472656,0.6840000152587891,0.1080000028014183,62.26654815673828,110.16392517089844
2020-09-09,10242.34765625,38.94572830200195,97.33211517333984,183.0500030517578,9.708146095275879,81.17948150634766,268.8356628417969,28.809999465942383,0.703000009059906,0.10499999672174454,62.75569534301758,110.23735046386719
2020-09-10,10363.138671875,38.320404052734375,95.73255157470703,182.4600067138672,9.585877418518066,80.15811920166016,263.47589111328125,29.709999084472656,0.6850000023841858,0.10300000011920929,62.459224700927734,110.31888580322266
2020-09-11,10400.9150390625,38.69031524658203,95.80695343017578,182.4499969482422,9.62663459777832,80.00395965576172,261.6476135253906,26.8700008392334,0.6690000295639038,0.10300000011920929,62.58522033691406,110.40044403076172
2020-09-12,10442.1708984375,38.69031524658203,95.80695343017578,182.4499969482422,9.62663459777832,80.00395965576172,261.6476135253906,26.8700008392334,0.6690000295639038,0.10300000011920929,62.58522033691406,110.40044403076172
2020-09-13,10323.755859375,38.69031524658203,95.80695343017578,182.4499969482422,9.62663459777832,80.00395965576172,261.6476135253906,26.8700008392334,0.6690000295639038,0.10300000011920929,62.58522033691406,110.40044403076172
2020-09-14,10680.837890625,39.31562805175781,97.06241607666016,183.88999938964844,9.78965950012207,81.8058090209961,266.2041931152344,25.850000381469727,0.6710000038146973,0.10000000149011612,62.51850509643555,110.67769622802734
2020-09-15,10796.951171875,39.72956848144531,97.59251403808594,183.4499969482422,9.830416679382324,83.5257339477539,269.97723388671875,25.59000015258789,0.6790000200271606,0.10000000149011612,62.688961029052734,110.80006408691406
2020-09-16,10974.9052734375,39.676719665527344,97.44373321533203,183.97000122070312,9.797810554504395,82.49957275390625,265.672119140625,26.040000915527344,0.6869999766349792,0.10000000149011612,62.688961029052734,110.87342071533203
2020-09-17,10948.990234375,39.51819610595703,96.5788345336914,182.9600067138672,9.667389869689941,82.31167602539062,261.521728515625,26.459999084472656,0.6840000152587891,0.08500000089406967,62.62226486206055,110.8979263305664
2020-09-18,10944.5859375,39.209938049316406,95.6767349243164,183.1999969482422,9.545121192932129,81.06868743896484,258.1839904785156,25.829999923706055,0.6940000057220459,0.08299999684095383,62.46664047241211,110.69404602050781
2020-09-19,11094.3466796875,39.209938049316406,95.6767349243164,183.1999969482422,9.545121192932129,81.06868743896484,258.1839904785156,25.829999923706055,0.6940000057220459,0.08299999684095383,62.46664047241211,110.69404602050781
2020-09-20,10938.271484375,39.209938049316406,95.6767349243164,183.1999969482422,9.545121192932129,81.06868743896484,258.1839904785156,25.829999923706055,0.6940000057220459,0.08299999684095383,62.46664047241211,110.69404602050781
2020-09-21,10462.259765625,38.84885025024414,94.14225769042969,179.52000427246094,9.3331880569458,81.10723114013672,258.80328369140625,27.780000686645508,0.6710000038146973,0.07999999821186066,61.96271514892578,110.5879898071289
2020-09-22,10538.4599609375,38.55820083618164,95.1466293334961,178.64999389648438,9.365793228149414,81.77207946777344,263.6114196777344,26.860000610351562,0.6639999747276306,0.08799999952316284,62.17760467529297,110.65321350097656
2020-09-23,10246.1865234375,37.95930480957031,93.53266906738281,174.7899932861328,9.015290260314941,79.90278625488281,255.5622100830078,28.579999923706055,0.6759999990463257,0.08799999952316284,61.54769515991211,109.85394287109375
2020-09-24,10760.06640625,37.78317642211914,93.6634292602539,175.44000244140625,9.056044578552246,80.60136413574219,256.7522277832031,28.510000228881836,0.6660000085830688,0.09300000220537186,61.58475112915039,109.57672882080078
2020-09-25,10692.716796875,37.818397521972656,94.98039245605469,174.94000244140625,9.03159236907959,81.53600311279297,262.7213439941406,26.3799991607666,0.6589999794960022,0.09000000357627869,61.47356033325195,109.46256256103516
2020-09-26,10750.7236328125,37.818397521972656,94.98039245605469,174.94000244140625,9.03159236907959,81.53600311279297,262.7213439941406,26.3799991607666,0.6589999794960022,0.09000000357627869,61.47356033325195,109.46256256103516
2020-09-27,10775.26953125,37.818397521972656,94.98039245605469,174.94000244140625,9.03159236907959,81.53600311279297,262.7213439941406,26.3799991607666,0.6589999794960022,0.09000000357627869,61.47356033325195,109.46256256103516
2020-09-28,10709.65234375,38.24113845825195,96.54020690917969,176.6999969482422,9.080499649047852,83.60765075683594,268.17779541015625,26.190000534057617,0.6629999876022339,0.08799999952316284,61.87377166748047,110.01712799072266
2020-09-29,10844.640625,38.2147216796875,96.26000213623047,178.19000244140625,9.121255874633789,84.0508804321289,266.9685363769531,26.270000457763672,0.6449999809265137,0.08500000089406967,61.92563247680664,109.8784408569336
2020-09-30,10784.4912109375,38.83122634887695,96.89512634277344,177.1199951171875,9.072348594665527,83.92562103271484,268.7969055175781,26.3700008392334,0.6769999861717224,0.08500000089406967,62.17760467529297,109.8621597290039
2020-10-01,10619.4521484375,39.192317962646484,97.42752838134766,178.6999969482422,8.795204162597656,85.99727630615234,273.06341552734375,26.700000762939453,0.6769999861717224,0.08299999684095383,62.391231536865234,110.16785430908203
2020-10-02,10575.974609375,38.743160247802734,96.65229034423828,178.5399932861328,8.852264404296875,83.41974639892578,265.3818664550781,27.6299991607666,0.6959999799728394,0.08500000089406967,62.391231536865234,110.1841812133789
2020-10-03,10549.3291015625,38.743160247802734,96.65229034423828,178.5399932861328,8.852264404296875,83.41974639892578,265.3818664550781,27.6299991607666,0.6959999799728394,0.08500000089406967,62.391231536865234,110.1841812133789
2020-10-04,10669.5830078125,38.743160247802734,96.65229034423828,178.5399932861328,8.852264404296875,83.41974639892578,265.3818664550781,27.6299991607666,0.6959999799728394,0.08500000089406967,62.391231536865234,110.1841812133789
2020-10-05,10793.33984375,39.262779235839844,98.24947357177734,179.41000366210938,8.966381072998047,86.26225280761719,271.04150390625,27.959999084472656,0.7620000243186951,0.08500000089406967,62.860103607177734,109.8163833618164
2020-10-06,10604.40625,39.3332405090332,97.10062408447266,177.3000030517578,8.827811241149902,85.50585174560547,266.2041931152344,29.479999542236328,0.7419999837875366,0.08799999952316284,62.71869659423828,109.7264633178711
2020-10-07,10668.96875,39.764801025390625,98.62306213378906,177.22000122070312,8.966381072998047,87.33660888671875,270.80926513671875,28.059999465942383,0.7850000262260437,0.08799999952316284,62.94194793701172,109.75918579101562
2020-10-08,10915.685546875,40.090667724609375,99.5290756225586,177.85000610351562,8.94192886352539,88.4061508178711,272.2507629394531,26.360000610351562,0.7649999856948853,0.08799999952316284,63.083396911621094,110.02889251708984
2020-10-09,11064.4580078125,40.36370086669922,100.49111938476562,181.0800018310547,8.990835189819336,89.92375183105469,276.4108581542969,25.0,0.7749999761581421,0.09300000220537186,63.22478103637695,110.28228759765625
2020-10-10,11296.361328125,40.36370086669922,100.49111938476562,181.0800018310547,8.990835189819336,89.92375183105469,276.4108581542969,25.0,0.7749999761581421,0.09300000220537186,63.22478103637695,110.28228759765625
2020-10-11,11384.181640625,40.36370086669922,100.49111938476562,181.0800018310547,8.990835189819336,89.92375183105469,276.4108581542969,25.0,0.7749999761581421,0.09300000220537186,63.22478103637695,110.28228759765625
2020-10-12,11555.36328125,40.71597671508789,101.77071380615234,180.55999755859375,8.990835189819336,91.50880432128906,284.9438171386719,25.06999969482422,0.7770000100135803,0.09000000357627869,63.544837951660156,110.91978454589844
2020-10-13,11425.8994140625,40.54864501953125,101.07953643798828,177.72000122070312,8.860416412353516,91.23418426513672,284.9340515136719,26.06999969482422,0.7269999980926514,0.09300000220537186,63.26201629638672,110.81351470947266
2020-10-14,11429.5068359375,40.2756233215332,100.48175811767578,178.27000427246094,8.819659233093262,90.75241088867188,282.55413818359375,26.399999618530273,0.722000002861023,0.10000000149011612,63.10572052001953,110.91978454589844
2020-10-15,11495.349609375,39.984981536865234,100.35101318359375,178.9199981689453,8.754448890686035,90.40071868896484,280.6579895019531,26.969999313354492,0.7310000061988831,0.0949999988079071,63.061038970947266,110.80540466308594
2020-10-16,11322.123046875,40.12590408325195,100.33231353759766,178.3000030517578,8.721844673156738,89.83702850341797,279.1196594238281,27.40999984741211,0.7440000176429749,0.09000000357627869,62.986610412597656,110.61735534667969
2020-10-17,11358.1015625,40.12590408325195,100.33231353759766,178.3000030517578,8.721844673156738,89.83702850341797,279.1196594238281,27.40999984741211,0.7440000176429749,0.09000000357627869,62.986610412597656,110.61735534667969
2020-10-18,11483.359375,40.12590408325195,100.33231353759766,178.3000030517578,8.721844673156738,89.83702850341797,279.1196594238281,27.40999984741211,0.7440000176429749,0.09000000357627869,62.986610412597656,110.61735534667969
2020-10-19,11742.037109375,40.01140213012695,98.73516845703125,178.38999938964844,8.868566513061523,89.393798828125,274.5629577636719,29.18000030517578,0.7609999775886536,0.09000000357627869,62.763336181640625,110.40487670898438
2020-10-20,11916.3349609375,40.4517707824707,99.2208480834961,179.25,9.064197540283203,89.46605682373047,275.15313720703125,29.350000381469727,0.796999990940094,0.0949999988079071,62.986610412597656,110.1760482788086
2020-10-21,12823.689453125,40.566261291503906,99.37962341308594,180.60000610351562,9.129406929016113,88.89275360107422,274.9403991699219,28.649999618530273,0.8159999847412109,0.09000000357627869,62.97917938232422,109.99617004394531
2020-10-22,12965.8916015625,40.55744552612305,99.93070220947266,178.8300018310547,9.129406929016113,88.85902404785156,274.93060302734375,28.110000610351562,0.8479999899864197,0.08500000089406967,63.09080505371094,109.75100708007812
2020-10-23,12931.5390625,40.79525375366211,100.44441986083984,178.63999938964844,9.088650703430176,88.64704132080078,275.472412109375,27.549999237060547,0.8410000205039978,0.08299999684095383,63.165245056152344,110.02889251708984
2020-10-24,13108.0625,40.79525375366211,100.44441986083984,178.63999938964844,9.088650703430176,88.64704132080078,275.472412109375,27.549999237060547,0.8410000205039978,0.08299999684095383,63.165245056152344,110.02889251708984
2020-10-25,13031.173828125,40.79525375366211,100.44441986083984,178.63999938964844,9.088650703430176,88.64704132080078,275.472412109375,27.549999237060547,0.8410000205039978,0.08299999684095383,63.165245056152344,110.02889251708984
2020-10-26,13075.248046875,40.26681900024414,98.2961654663086,178.5500030517578,8.966381072998047,86.74884033203125,271.3413391113281,32.459999084472656,0.8009999990463257,0.07999999821186066,62.60704803466797,110.25774383544922
2020-10-27,13654.21875,40.442962646484375,97.85717010498047,179.02000427246094,8.835963249206543,86.45013427734375,273.4601135253906,33.349998474121094,0.777999997138977,0.09000000357627869,62.6368408203125,110.70726776123047
2020-10-28,13271.28515625,39.43012237548828,94.20515441894531,176.1300048828125,8.60772705078125,83.66064453125,262.7987976074219,40.279998779296875,0.781000018119812,0.09000000357627869,62.1158332824707,110.15966796875
2020-10-29,13437.8828125,39.826454162597656,95.2512435913086,175.39999389648438,8.713693618774414,85.72747039794922,267.39422607421875,37.59000015258789,0.8349999785423279,0.08299999684095383,62.2944450378418,109.87362670898438
2020-10-30,13546.5224609375,39.37728500366211,94.38262176513672,176.1999969482422,8.81151008605957,84.28695678710938,260.6123352050781,38.02000045776367,0.8600000143051147,0.08299999684095383,62.42841720581055,109.30149841308594
2020-10-31,13780.9951171875,39.37728500366211,94.38262176513672,176.1999969482422,8.81151008605957,84.28695678710938,260.6123352050781,38.02000045776367,0.8600000143051147,0.08299999684095383,62.42841720581055,109.30149841308594
2020-11-01,13737.109375,39.37728500366211,94.38262176513672,176.1999969482422,8.81151008605957,84.28695678710938,260.6123352050781,38.02000045776367,0.8600000143051147,0.08299999684095383,62.42841720581055,109.30149841308594
2020-11-02,13550.4892578125,39.87928771972656,95.5688247680664,177.91000366210938,8.852264404296875,84.94216918945312,261.1928405761719,37.130001068115234,0.8489999771118164,0.08299999684095383,62.57716369628906,109.7298812866211
2020-11-03,13950.30078125,40.05543899536133,97.36212921142578,178.9199981689453,8.990835189819336,86.7103042602539,265.7108154296875,35.54999923706055,0.8820000290870667,0.09000000357627869,63.11533737182617,109.83635711669922
2020-11-04,14133.70703125,41.314884185791016,99.72522735595703,178.82000732421875,8.762600898742676,89.89002990722656,277.57177734375,29.56999969482422,0.7680000066757202,0.08299999684095383,63.70583724975586,111.4826889038086
2020-11-05,15579.8486328125,42.01945495605469,101.44380950927734,182.92999267578125,9.015290260314941,93.46000671386719,284.8083190917969,27.579999923706055,0.7760000228881836,0.08500000089406967,63.93006134033203,111.90040588378906
2020-11-06,15565.880859375,42.213218688964844,101.26636505126953,183.19000244140625,9.088650703430176,94.91015625,285.0211181640625,24.860000610351562,0.8199999928474426,0.08299999684095383,63.70583724975586,111.54817199707031
2020-11-07,14833.75390625,42.213218688964844,101.26636505126953,183.19000244140625,9.088650703430176,94.91015625,285.0211181640625,24.860000610351562,0.8199999928474426,0.08299999684095383,63.70583724975586,111.54817199707031
2020-11-08,15479.5673828125,42.213218688964844,101.26636505126953,183.19000244140625,9.088650703430176,94.91015625,285.0211181640625,24.860000610351562,0.8199999928474426,0.08299999684095383,63.70583724975586,111.54817199707031
2020-11-09,15332.3154296875,42.50386047363281,103.64810180664062,175.0800018310547,9.235374450683594,93.87432861328125,279.1971130371094,25.75,0.9580000042915344,0.08799999952316284,64.19168090820312,110.70452117919922
2020-11-10,15290.90234375,42.01945495605469,103.47062683105469,175.66000366210938,9.3331880569458,90.9692153930664,274.19537353515625,24.799999237060547,0.972000002861023,0.09000000357627869,64.10199737548828,110.41783905029297
2020-11-11,15701.33984375,42.29248809814453,103.7881851196289,174.89999389648438,9.536970138549805,94.168212890625,280.3290100097656,23.450000762939453,0.9580000042915344,0.09000000357627869,64.07955932617188,110.62263488769531
2020-11-12,16276.34375,41.975425720214844,102.5552978515625,175.9600067138672,9.300583839416504,93.15165710449219,279.01318359375,25.350000381469727,0.8849999904632568,0.08500000089406967,63.646018981933594,111.06491088867188
2020-11-13,16317.80859375,42.56551742553711,104.18048095703125,177.16000366210938,9.349492073059082,94.52472686767578,281.4609680175781,23.100000381469727,0.8930000066757202,0.08299999684095383,63.862789154052734,111.19596099853516
2020-11-14,16068.138671875,42.56551742553711,104.18048095703125,177.16000366210938,9.349492073059082,94.52472686767578,281.4609680175781,23.100000381469727,0.8930000066757202,0.08299999684095383,63.862789154052734,111.19596099853516
2020-11-15,15955.587890625,42.56551742553711,104.18048095703125,177.16000366210938,9.349492073059082,94.52472686767578,281.4609680175781,23.100000381469727,0.8930000066757202,0.08299999684095383,63.862789154052734,111.19596099853516
2020-11-16,16716.111328125,43.09395217895508,105.4787826538086,177.14999389648438,9.341340065002441,97.18413543701172,283.6570129394531,22.450000762939453,0.906000018119812,0.07500000298023224,64.22158813476562,111.55638122558594
2020-11-17,17645.40625,43.049903869628906,105.04911804199219,176.5,9.341340065002441,96.06640625,282.75732421875,22.709999084472656,0.871999979019165,0.07999999821186066,64.24400329589844,111.91676330566406
2020-11-18,17804.005859375,42.90018844604492,103.80686950683594,175.49000549316406,9.325037002563477,95.58946228027344,280.6676330566406,23.84000015258789,0.8820000290870667,0.07500000298023224,64.1244125366211,112.15425109863281
2020-11-19,17817.08984375,42.970645904541016,103.94696807861328,175.16000366210938,9.300583839416504,96.83724975585938,282.8638000488281,23.110000610351562,0.8539999723434448,0.05999999865889549,64.34114837646484,112.77676391601562
2020-11-20,18621.314453125,43.20844268798828,103.17176055908203,175.69000244140625,9.316885948181152,96.34585571289062,280.92877197265625,23.700000762939453,0.8289999961853027,0.057999998331069946,64.22158813476562,112.67845153808594
2020-11-21,18642.232421875,43.20844268798828,103.17176055908203,175.69000244140625,9.316885948181152,96.34585571289062,280.92877197265625,23.700000762939453,0.8289999961853027,0.057999998331069946,64.22158813476562,112.67845153808594
2020-11-22,18370.001953125,43.20844268798828,103.17176055908203,175.69000244140625,9.316885948181152,96.34585571289062,280.92877197265625,23.700000762939453,0.8289999961853027,0.057999998331069946,64.22158813476562,112.67845153808594
2020-11-23,18364.12109375,43.32292938232422,103.89094543457031,172.22999572753906,9.373944282531738,97.8297119140625,280.9385070800781,22.65999984741211,0.8569999933242798,0.07000000029802322,64.3187255859375,112.81774139404297
2020-11-24,19107.46484375,43.904212951660156,105.56282806396484,169.58999633789062,9.6592378616333,98.13805389404297,284.8857421875,21.639999389648438,0.8820000290870667,0.07999999821186066,64.51307678222656,112.5638427734375
2020-11-25,18732.12109375,43.65760803222656,105.18923950195312,169.50999450683594,9.74890422821045,98.13323974609375,286.6368103027344,21.25,0.878000020980835,0.07999999821186066,64.4831771850586,112.62932586669922
2020-11-26,17150.623046875,43.65760803222656,105.18923950195312,169.50999450683594,9.74890422821045,98.13323974609375,286.6368103027344,21.25,0.878000020980835,0.07999999821186066,64.4831771850586,112.62932586669922
2020-11-27,17108.40234375,44.07155227661133,105.43207550048828,167.7899932861328,9.72445011138916,99.448486328125,289.2779235839844,20.84000015258789,0.8420000076293945,0.0729999989271164,64.58785247802734,113.03064727783203
2020-11-28,17717.4140625,44.07155227661133,105.43207550048828,167.7899932861328,9.72445011138916,99.448486328125,289.2779235839844,20.84000015258789,0.8420000076293945,0.0729999989271164,64.58785247802734,113.03064727783203
2020-11-29,18177.484375,44.07155227661133,105.43207550048828,167.7899932861328,9.72445011138916,99.448486328125,289.2779235839844,20.84000015258789,0.8420000076293945,0.0729999989271164,64.58785247802734,113.03064727783203
2020-11-30,19625.8359375,42.91780090332031,105.03978729248047,166.6699981689453,9.642936706542969,100.50358581542969,289.8681335449219,20.56999969482422,0.843999981880188,0.07500000298023224,64.52054595947266,113.42384338378906
2020-12-01,18802.998046875,43.76329803466797,106.48753356933594,170.17999267578125,9.667389869689941,102.32952880859375,293.5831298828125,20.770000457763672,0.9340000152587891,0.07999999821186066,64.68643951416016,112.99376678466797
2020-12-02,19201.091796875,43.824947357177734,106.27267456054688,171.4600067138672,9.928231239318848,102.73902893066406,293.96038818359375,21.170000076293945,0.9480000138282776,0.07500000298023224,64.8664779663086,112.61625671386719
2020-12-03,19445.3984375,44.32696533203125,106.38477325439453,172.80999755859375,10.074953079223633,102.70048522949219,294.37646484375,21.280000686645508,0.9200000166893005,0.07500000298023224,64.90402221679688,113.05941772460938
2020-12-04,18699.765625,44.784934997558594,107.26275634765625,172.32000732421875,10.79226303100586,105.69715118408203,295.5760498046875,20.790000915527344,0.968999981880188,0.07500000298023224,65.1741714477539,112.43570709228516
2020-12-05,19154.23046875,44.784934997558594,107.26275634765625,172.32000732421875,10.79226303100586,105.69715118408203,295.5760498046875,20.790000915527344,0.968999981880188,0.07500000298023224,65.1741714477539,112.43570709228516
2020-12-06,19345.12109375,44.784934997558594,107.26275634765625,172.32000732421875,10.79226303100586,105.69715118408203,295.5760498046875,20.790000915527344,0.968999981880188,0.07500000298023224,65.1741714477539,112.43570709228516
2020-12-07,19191.630859375,44.784934997558594,107.11331176757812,174.88999938964844,11.419909477233887,106.29936218261719,297.249755859375,21.299999237060547,0.9279999732971191,0.07000000029802322,65.1441650390625,112.5342025756836
2020-12-08,18321.14453125,44.802547454833984,107.53358459472656,175.5,11.207977294921875,106.43907165527344,298.25592041015625,20.68000030517578,0.9129999876022339,0.06800000369548798,65.09162139892578,112.40286254882812
2020-12-09,18553.916015625,44.41503143310547,106.73969268798828,172.5,10.865625381469727,103.14372253417969,291.5030822753906,22.270000457763672,0.9409999847412109,0.07000000029802322,64.99405670166016,111.99251556396484
2020-12-10,18264.9921875,44.987510681152344,106.4034423828125,172.1699981689453,11.395455360412598,103.22081756591797,292.67364501953125,22.520000457763672,0.9079999923706055,0.07000000029802322,65.11416625976562,112.55056762695312
2020-12-11,18058.904296875,44.670448303222656,106.422119140625,172.49000549316406,11.697052955627441,102.38252258300781,292.0255126953125,23.309999465942383,0.8930000066757202,0.06499999761581421,65.0466079711914,112.66549682617188
2020-12-12,18803.65625,44.670448303222656,106.422119140625,172.49000549316406,11.697052955627441,102.38252258300781,292.0255126953125,23.309999465942383,0.8930000066757202,0.06499999761581421,65.0466079711914,112.66549682617188
2020-12-13,19142.3828125,44.670448303222656,106.422119140625,172.49000549316406,11.697052955627441,102.38252258300781,292.0255126953125,23.309999465942383,0.8930000066757202,0.06499999761581421,65.0466079711914,112.66549682617188
2020-12-14,19246.64453125,44.438201904296875,105.82970428466797,171.5399932861328,11.982346534729004,103.42797088623047,294.14434814453125,24.719999313354492,0.8920000195503235,0.05999999865889549,65.06163024902344,112.58346557617188
2020-12-15,19417.076171875,44.91870880126953,107.16078186035156,173.94000244140625,12.267641067504883,105.05156707763672,297.2884826660156,22.889999389648438,0.9229999780654907,0.07000000029802322,65.26423645019531,112.80498504638672
2020-12-16,21310.59765625,45.13227081298828,107.16078186035156,174.89999389648438,12.16982650756836,105.00820922851562,298.92352294921875,22.5,0.9200000166893005,0.07500000298023224,65.16667175292969,112.71470642089844
2020-12-17,22805.162109375,45.42591094970703,107.9669418334961,176.74000549316406,12.072011947631836,104.98411560058594,300.8777160644531,21.93000030517578,0.9300000071525574,0.07999999821186066,65.26386260986328,112.87922668457031
2020-12-18,23137.9609375,45.372520446777344,107.57323455810547,176.44000244140625,12.202430725097656,104.62278747558594,299.96826171875,21.56999969482422,0.9480000138282776,0.07999999821186066,65.31664276123047,112.79698181152344
2020-12-19,23869.83203125,45.372520446777344,107.57323455810547,176.44000244140625,12.202430725097656,104.62278747558594,299.96826171875,21.56999969482422,0.9480000138282776,0.07999999821186066,65.31664276123047,112.79698181152344
2020-12-20,23477.294921875,45.372520446777344,107.57323455810547,176.44000244140625,12.202430725097656,104.62278747558594,299.96826171875,21.56999969482422,0.9480000138282776,0.07999999821186066,65.31664276123047,112.79698181152344
2020-12-21,22803.08203125,44.70514678955078,107.03892517089844,175.8800048828125,12.031255722045898,104.09496307373047,299.4071960449219,25.15999984741211,0.9409999847412109,0.07800000160932541,65.0830307006836,112.57491302490234
2020-12-22,23783.029296875,44.349220275878906,106.80457305908203,174.49000549316406,11.982346534729004,103.91060638427734,300.2213439941406,24.229999542236328,0.9179999828338623,0.07800000160932541,65.1659164428711,112.88748168945312
2020-12-23,23241.345703125,44.80302810668945,106.73895263671875,175.64999389648438,12.357305526733398,103.13439178466797,298.7093200683594,23.309999465942383,0.9549999833106995,0.07500000298023224,65.45980072021484,112.91214752197266
2020-12-24,23735.94921875,44.60726547241211,107.29200744628906,176.35000610351562,12.37360668182373,104.24049377441406,300.0274658203125,21.530000686645508,0.9279999732971191,0.07500000298023224,65.59542083740234,113.29866027832031
2020-12-25,24664.791015625,44.60726547241211,107.29200744628906,176.35000610351562,12.37360668182373,104.24049377441406,300.0274658203125,21.530000686645508,0.9279999732971191,0.07500000298023224,65.59542083740234,113.29866027832031
2020-12-26,26437.037109375,44.60726547241211,107.29200744628906,176.35000610351562,12.37360668182373,104.24049377441406,300.0274658203125,21.530000686645508,0.9279999732971191,0.07500000298023224,65.59542083740234,113.29866027832031
2020-12-27,26272.294921875,44.60726547241211,107.29200744628906,176.35000610351562,12.37360668182373,104.24049377441406,300.0274658203125,21.530000686645508,0.9279999732971191,0.07500000298023224,65.59542083740234,113.29866027832031
2020-12-28,27084.80859375,44.731842041015625,108.08878326416016,175.7100067138672,12.626296043395996,104.03189849853516,303.0513000488281,21.700000762939453,0.9330000281333923,0.07999999821186066,65.6783218383789,113.37266540527344
2020-12-29,27362.4375,45.39921951293945,107.98564910888672,176.35000610351562,12.56108570098877,103.7699203491211,303.32275390625,23.079999923706055,0.9350000023841858,0.09000000357627869,65.59542083740234,113.42201232910156
2020-12-30,28840.953125,46.00430679321289,108.23877716064453,177.6999969482422,12.629197120666504,105.68619537353516,303.3323669433594,22.770000457763672,0.9259999990463257,0.07000000029802322,65.7310562133789,113.57002258300781
2020-12-31,29001.720703125,45.97761154174805,108.93241882324219,178.36000061035156,12.579959869384766,105.96272277832031,304.0787353515625,22.75,0.9169999957084656,0.06499999761581421,65.78380584716797,113.59471130371094
2021-01-01,29374.15234375,45.97761154174805,108.93241882324219,178.36000061035156,12.579959869384766,105.96272277832031,304.0787353515625,22.75,0.9169999957084656,0.06499999761581421,65.78380584716797,113.59471130371094
2021-01-02,32127.267578125,45.97761154174805,108.93241882324219,178.36000061035156,12.579959869384766,105.96272277832031,304.0787353515625,22.75,0.9169999957084656,0.06499999761581421,65.78380584716797,113.59471130371094
2021-01-03,32782.0234375,45.97761154174805,108.93241882324219,178.36000061035156,12.579959869384766,105.96272277832031,304.0787353515625,22.75,0.9169999957084656,0.06499999761581421,65.78380584716797,113.59471130371094
2021-01-04,31971.9140625,46.2712516784668,107.19828033447266,182.3300018310547,12.711257934570312,106.17617797851562,299.7851257324219,26.969999313354492,0.9169999957084656,0.06800000369548798,65.64820861816406,113.01903533935547
2021-01-05,33992.4296875,47.38353729248047,107.62947082519531,182.8699951171875,13.48263168334961,108.03424072265625,302.2566223144531,25.34000015258789,0.9549999833106995,0.07800000160932541,65.6707763671875,112.65718841552734
2021-01-06,36824.36328125,46.983123779296875,108.12627410888672,179.89999389648438,13.392364501953125,107.70435333251953,298.069580078125,25.06999969482422,1.0420000553131104,0.07800000160932541,65.55020904541016,111.74434661865234
2021-01-07,39371.04296875,47.428035736083984,109.34487915039062,179.47999572753906,13.876523971557617,112.14816284179688,305.2805480957031,22.3700008392334,1.0709999799728394,0.07999999821186066,65.7386245727539,111.72787475585938
2021-01-08,40797.609375,48.68269729614258,109.87918090820312,173.33999633789062,13.458013534545898,111.74549865722656,309.2057800292969,21.559999465942383,1.1050000190734863,0.07999999821186066,65.83660888671875,111.64566802978516
2021-01-09,40254.546875,48.68269729614258,109.87918090820312,173.33999633789062,13.458013534545898,111.74549865722656,309.2057800292969,21.559999465942383,1.1050000190734863,0.07999999821186066,65.83660888671875,111.64566802978516
2021-01-10,38356.44140625,48.68269729614258,109.87918090820312,173.33999633789062,13.458013534545898,111.74549865722656,309.2057800292969,21.559999465942383,1.1050000190734863,0.07999999821186066,65.83660888671875,111.64566802978516
2021-01-11,35566.65625,48.02421951293945,109.37299346923828,173.0,13.252861022949219,113.4192123413086,304.7377624511719,24.079999923706055,1.1319999694824219,0.07999999821186066,65.48240661621094,111.16869354248047
2021-01-12,33922.9609375,48.49583053588867,109.13864135742188,174.1199951171875,12.84255599975586,113.94801330566406,304.25311279296875,23.329999923706055,1.1380000114440918,0.07999999821186066,65.56533813476562,111.40716552734375
2021-01-13,37316.359375,48.60261535644531,109.17613983154297,173.3699951171875,13.088737487792969,113.3318862915039,306.307861328125,22.209999084472656,1.0880000591278076,0.07999999821186066,65.76121520996094,112.27066040039062
2021-01-14,39187.328125,49.05642318725586,108.55748748779297,173.27999877929688,13.359539985656738,116.1505126953125,304.6699523925781,23.25,1.128999948501587,0.07500000298023224,65.74612426757812,111.78549194335938
2021-01-15,36825.3671875,48.36235427856445,108.00440979003906,171.1300048828125,12.80152416229248,113.88978576660156,302.2566223144531,24.34000015258789,1.097000002861023,0.07500000298023224,65.64065551757812,111.95814514160156
2021-01-16,36178.140625,48.36235427856445,108.00440979003906,171.1300048828125,12.80152416229248,113.88978576660156,302.2566223144531,24.34000015258789,1.097000002861023,0.07500000298023224,65.64065551757812,111.95814514160156
2021-01-17,35791.27734375,48.36235427856445,108.00440979003906,171.1300048828125,12.80152416229248,113.88978576660156,302.2566223144531,24.34000015258789,1.097000002861023,0.07500000298023224,65.64065551757812,111.95814514160156
2021-01-18,36630.07421875,48.36235427856445,108.00440979003906,171.1300048828125,12.80152416229248,113.88978576660156,302.2566223144531,24.34000015258789,1.097000002861023,0.07500000298023224,65.64065551757812,111.95814514160156
2021-01-19,36069.8046875,49.163204193115234,108.85742950439453,172.5800018310547,12.694845199584961,117.79996490478516,306.66650390625,23.239999771118164,1.0920000076293945,0.0729999989271164,65.8290023803711,112.155517578125
2021-01-20,35547.75,50.02634048461914,109.972900390625,175.38999938964844,12.850761413574219,117.30997467041016,313.7998046875,21.579999923706055,1.090000033378601,0.07500000298023224,65.94957733154297,112.12263488769531
2021-01-21,30825.69921875,50.115325927734375,110.05728912353516,175.27999877929688,12.637402534484863,119.12437438964844,316.3100891113281,21.31999969482422,1.1089999675750732,0.0729999989271164,65.91193389892578,111.67852020263672
2021-01-22,33005.76171875,49.6793098449707,109.3917236328125,173.89999389648438,12.399426460266113,116.88306427001953,315.3990173339844,21.90999984741211,1.090999960899353,0.07000000029802322,65.78380584716797,111.5963363647461
2021-01-23,32067.642578125,49.6793098449707,109.3917236328125,173.89999389648438,12.399426460266113,116.88306427001953,315.3990173339844,21.90999984741211,1.090999960899353,0.07000000029802322,65.78380584716797,111.5963363647461
2021-01-24,32289.37890625,49.6793098449707,109.3917236328125,173.89999389648438,12.399426460266113,116.88306427001953,315.3990173339844,21.90999984741211,1.090999960899353,0.07000000029802322,65.78380584716797,111.5963363647461
2021-01-25,32366.392578125,50.053043365478516,109.69169616699219,174.0500030517578,12.530723571777344,117.34394073486328,318.0061340332031,23.190000534057617,1.0399999618530273,0.07000000029802322,65.79888916015625,112.07328796386719
2021-01-26,32569.849609375,49.688201904296875,109.46671295166016,173.6199951171875,12.809730529785156,115.31608581542969,318.47137451171875,23.020000457763672,1.0399999618530273,0.06800000369548798,65.70093536376953,112.06504821777344
2021-01-27,30432.546875,48.30896759033203,106.95455932617188,172.52000427246094,12.16965389251709,109.68368530273438,309.59344482421875,37.209999084472656,1.0140000581741333,0.05999999865889549,65.51253509521484,111.8676986694336
2021-01-28,33466.09765625,48.64710235595703,108.14501953125,172.67999267578125,12.177861213684082,111.97836303710938,311.4252624511719,30.209999084472656,1.0570000410079956,0.054999999701976776,65.70844268798828,111.68680572509766
2021-01-29,34316.38671875,47.436927795410156,105.84845733642578,172.61000061035156,11.915266036987305,109.93596649169922,304.8734436035156,33.09000015258789,1.093000054359436,0.04800000041723251,65.53515625,111.51409149169922
2021-01-30,34269.5234375,47.436927795410156,105.84845733642578,172.61000061035156,11.915266036987305,109.93596649169922,304.8734436035156,33.09000015258789,1.093000054359436,0.04800000041723251,65.53515625,111.51409149169922
2021-01-31,33114.359375,47.436927795410156,105.84845733642578,172.61000061035156,11.915266036987305,109.93596649169922,304.8734436035156,33.09000015258789,1.093000054359436,0.04800000041723251,65.53515625,111.51409149169922
2021-02-01,33537.17578125,48.718292236328125,107.29200744628906,174.22999572753906,13.129767417907715,114.24393463134766,312.4914245605469,30.239999771118164,1.0770000219345093,0.04800000041723251,65.74542999267578,111.73407745361328
2021-02-02,35510.2890625,49.35007095336914,108.91365814208984,172.11000061035156,12.957441329956055,115.80606842041016,317.58941650390625,25.559999465942383,1.1050000190734863,0.05000000074505806,65.90425872802734,111.43744659423828
2021-02-03,37472.08984375,49.599220275878906,108.70745086669922,171.85000610351562,13.031294822692871,113.62782287597656,316.3294372558594,22.90999984741211,1.13100004196167,0.03999999910593033,65.95720672607422,111.17374420166016
2021-02-04,36926.06640625,49.61701583862305,110.0197982788086,168.14999389648438,12.908203125,114.9425277709961,320.070556640625,21.770000457763672,1.1390000581741333,0.029999999329447746,66.09331512451172,111.36325073242188
2021-02-05,38144.30859375,50.04413604736328,110.61969757080078,169.80999755859375,13.375951766967773,114.10810852050781,321.1561279296875,20.8700008392334,1.1699999570846558,0.023000000044703484,66.1916275024414,111.0666732788086
2021-02-06,39266.01171875,50.04413604736328,110.61969757080078,169.80999755859375,13.375951766967773,114.10810852050781,321.1561279296875,20.8700008392334,1.1699999570846558,0.023000000044703484,66.1916275024414,111.0666732788086
2021-02-07,38903.44140625,50.04413604736328,110.61969757080078,169.80999755859375,13.375951766967773,114.10810852050781,321.1561279296875,20.8700008392334,1.1699999570846558,0.023000000044703484,66.1916275024414,111.0666732788086
2021-02-08,46196.46484375,50.133121490478516,111.3977279663086,171.52000427246094,13.999615669250488,117.92124938964844,323.3077392578125,21.239999771118164,1.159999966621399,0.019999999552965164,66.38826751708984,111.5445556640625
2021-02-09,46481.10546875,50.667022705078125,111.32273864746094,172.0800018310547,14.098090171813965,117.57194519042969,323.239990234375,21.6299991607666,1.156999945640564,0.032999999821186066,66.26725769042969,111.37152862548828
2021-02-10,44918.18359375,50.84498596191406,111.41645812988281,172.7100067138672,14.45095157623291,117.87272644042969,322.50335693359375,21.989999771118164,1.1330000162124634,0.03500000014901161,66.25215148925781,111.63519287109375
2021-02-11,47909.33203125,51.387786865234375,112.00699615478516,171.2100067138672,14.541218757629395,122.23893737792969,324.2769470214844,21.25,1.1579999923706055,0.03500000014901161,66.28240966796875,111.33857727050781
2021-02-12,47504.8515625,51.432281494140625,112.2975845336914,170.69000244140625,14.623279571533203,123.49542236328125,326.0893249511719,19.969999313354492,1.2000000476837158,0.03500000014901161,66.38826751708984,110.97598266601562
2021-02-13,47105.515625,51.432281494140625,112.2975845336914,170.69000244140625,14.623279571533203,123.49542236328125,326.0893249511719,19.969999313354492,1.2000000476837158,0.03500000014901161,66.38826751708984,110.97598266601562
2021-02-14,48717.2890625,51.432281494140625,112.2975845336914,170.69000244140625,14.623279571533203,123.49542236328125,326.0893249511719,19.969999313354492,1.2000000476837158,0.03500000014901161,66.38826751708984,110.97598266601562
2021-02-15,47945.05859375,51.432281494140625,112.2975845336914,170.69000244140625,14.623279571533203,123.49542236328125,326.0893249511719,19.969999313354492,1.2000000476837158,0.03500000014901161,66.38826751708984,110.97598266601562
2021-02-16,49199.87109375,51.55685806274414,111.98826599121094,168.24000549316406,15.72289752960205,124.25222778320312,325.2073669433594,21.459999084472656,1.2990000247955322,0.03500000014901161,66.28240966796875,110.19319915771484
2021-02-17,52149.0078125,51.57465362548828,112.1663589477539,166.3300018310547,15.7064847946167,121.8459701538086,323.6468811035156,21.5,1.3009999990463257,0.03500000014901161,66.25968170166016,110.74525451660156
2021-02-18,51679.796875,50.8627815246582,111.91326904296875,166.32000732421875,14.713547706604004,120.55066680908203,322.23193359375,22.489999771118164,1.2869999408721924,0.023000000044703484,66.1689224243164,110.5310287475586
2021-02-19,55888.1328125,51.192020416259766,111.55707550048828,167.00999450683594,15.197708129882812,123.15583038330078,320.82659912109375,22.049999237060547,1.3450000286102295,0.023000000044703484,66.1764907836914,109.73175811767578
2021-02-20,56099.51953125,51.192020416259766,111.55707550048828,167.00999450683594,15.197708129882812,123.15583038330078,320.82659912109375,22.049999237060547,1.3450000286102295,0.023000000044703484,66.1764907836914,109.73175811767578
2021-02-21,57539.9453125,51.192020416259766,111.55707550048828,167.00999450683594,15.197708129882812,123.15583038330078,320.82659912109375,22.049999237060547,1.3450000286102295,0.023000000044703484,66.1764907836914,109.73175811767578
2021-02-22,54207.3203125,49.688201904296875,110.85404205322266,169.50999450683594,15.173086166381836,118.65380096435547,312.5107421875,23.450000762939453,1.3700000047683716,0.02500000037252903,65.97229766845703,109.04786682128906
2021-02-23,48824.42578125,49.91066360473633,111.19151306152344,169.1199951171875,14.976141929626465,117.51373291015625,311.5803527832031,23.110000610351562,1.3619999885559082,0.023000000044703484,66.13111877441406,109.1302490234375
2021-02-24,49705.33203125,49.59032440185547,112.45694732666016,169.0,15.082822799682617,121.29293060302734,314.14874267578125,21.34000015258789,1.3890000581741333,0.02800000086426735,66.19921875,109.29505157470703
2021-02-25,47093.8515625,48.46023178100586,109.71044158935547,165.82000732421875,15.05820369720459,114.5301742553711,303.1966552734375,28.889999389648438,1.5180000066757202,0.032999999821186066,65.57147216796875,107.56464385986328
2021-02-26,46339.76171875,47.8106575012207,109.23237609863281,161.80999755859375,14.36068344116211,116.89276123046875,304.46636962890625,27.950000762939453,1.4600000381469727,0.03500000014901161,65.37480163574219,108.99017333984375
2021-02-27,46188.453125,47.8106575012207,109.23237609863281,161.80999755859375,14.36068344116211,116.89276123046875,304.46636962890625,27.950000762939453,1.4600000381469727,0.03500000014901161,65.37480163574219,108.99017333984375
2021-02-28,45137.76953125,47.8106575012207,109.23237609863281,161.80999755859375,14.36068344116211,116.89276123046875,304.46636962890625,27.950000762939453,1.4600000381469727,0.03500000014901161,65.37480163574219,108.99017333984375
2021-03-01,49631.2421875,49.09202194213867,111.74454498291016,161.52999877929688,14.754576683044434,120.40998840332031,313.6253967285156,23.350000381469727,1.4459999799728394,0.02800000086426735,66.10877227783203,109.09671783447266
2021-03-02,48378.98828125,48.611507415771484,110.91028594970703,162.41000366210938,15.525952339172363,116.70841979980469,308.5950927734375,24.100000381469727,1.4149999618530273,0.03500000014901161,66.01010131835938,108.97281646728516
2021-03-03,50538.2421875,48.51362991333008,109.32611846923828,160.6199951171875,15.517743110656738,113.0311050415039,299.6397705078125,26.670000076293945,1.4700000286102295,0.03500000014901161,65.79759216308594,108.16366577148438
2021-03-04,48561.16796875,47.38353729248047,107.78882598876953,159.0399932861328,14.516603469848633,107.54425048828125,294.7355651855469,28.56999969482422,1.5499999523162842,0.02800000086426735,65.54711151123047,107.2801513671875
2021-03-05,48927.3046875,47.89964294433594,110.33847045898438,159.13999938964844,14.664313316345215,110.99354553222656,299.17449951171875,24.65999984741211,1.5540000200271606,0.02800000086426735,65.74445343017578,107.13981628417969
2021-03-06,48912.3828125,47.89964294433594,110.33847045898438,159.13999938964844,14.664313316345215,110.99354553222656,299.17449951171875,24.65999984741211,1.5540000200271606,0.02800000086426735,65.74445343017578,107.13981628417969
2021-03-07,51206.69140625,47.89964294433594,110.33847045898438,159.13999938964844,14.664313316345215,110.99354553222656,299.17449951171875,24.65999984741211,1.5540000200271606,0.02800000086426735,65.74445343017578,107.13981628417969
2021-03-08,52246.5234375,46.60939025878906,110.17913818359375,157.49000549316406,14.286828994750977,104.89542388916016,290.7036437988281,25.469999313354492,1.5959999561309814,0.03500000014901161,65.26628112792969,106.1407470703125
2021-03-09,54824.1171875,47.63269805908203,111.52894592285156,160.83999633789062,14.582249641418457,111.10997772216797,302.1693115234375,24.030000686645508,1.5460000038146973,0.03500000014901161,65.35736083984375,106.9416732788086
2021-03-10,56008.55078125,47.419132232666016,112.2975845336914,161.66000366210938,14.565837860107422,108.85411071777344,301.30682373046875,22.559999465942383,1.5199999809265137,0.029999999329447746,65.56229400634766,107.44535827636719
2021-03-11,57805.12109375,48.91405487060547,113.2349853515625,161.52000427246094,15.091029167175293,113.42891693115234,308.24627685546875,21.90999984741211,1.5269999504089355,0.02800000086426735,65.80518341064453,107.51139831542969
2021-03-12,57332.08984375,48.04201889038086,113.11312103271484,161.49000549316406,15.534158706665039,112.01232147216797,305.7457275390625,20.690000534057617,1.6349999904632568,0.02500000037252903,65.62301635742188,106.27287292480469
2021-03-13,61243.0859375,48.04201889038086,113.11312103271484,161.49000549316406,15.534158706665039,112.01232147216797,305.7457275390625,20.690000534057617,1.6349999904632568,0.02500000037252903,65.62301635742188,106.27287292480469
2021-03-14,59302.31640625,48.04201889038086,113.11312103271484,161.49000549316406,15.534158706665039,112.01232147216797,305.7457275390625,20.690000534057617,1.6349999904632568,0.02500000037252903,65.62301635742188,106.27287292480469
2021-03-15,55907.19921875,48.157691955566406,114.24732971191406,162.1999969482422,16.24808692932129,114.42828369140625,309.01190185546875,20.030000686645508,1.6069999933242798,0.014999999664723873,65.630615234375,106.6361312866211
2021-03-16,56804.90234375,48.36235427856445,114.2660903930664,162.35000610351562,16.551715850830078,115.67993927001953,310.70806884765625,19.790000915527344,1.621000051498413,0.00800000037997961,65.47882080078125,106.56183624267578
2021-03-17,58870.89453125,48.424644470214844,114.27545928955078,163.50999450683594,16.683012008666992,116.7666244506836,311.9874267578125,19.229999542236328,1.6410000324249268,0.00800000037997961,65.56987762451172,106.6609115600586
2021-03-18,57858.921875,47.53480911254883,112.60693359375,162.55999755859375,16.149616241455078,112.08995056152344,302.4310607910156,21.579999923706055,1.7300000190734863,0.003000000026077032,65.06895446777344,106.04989624023438
2021-03-19,58346.65234375,48.122108459472656,112.2132339477539,163.24000549316406,15.952670097351074,113.3658447265625,303.4971008300781,20.950000762939453,1.7319999933242798,0.004999999888241291,65.31938934326172,106.20680236816406
2021-03-20,58313.64453125,48.122108459472656,112.2132339477539,163.24000549316406,15.952670097351074,113.3658447265625,303.4971008300781,20.950000762939453,1.7319999933242798,0.004999999888241291,65.31938934326172,106.20680236816406
2021-03-21,57523.421875,48.122108459472656,112.2132339477539,163.24000549316406,15.952670097351074,113.3658447265625,303.4971008300781,20.950000762939453,1.7319999933242798,0.004999999888241291,65.31938934326172,106.20680236816406
2021-03-22,54529.14453125,47.9797248840332,113.21623992919922,163.0,15.952670097351074,116.06803894042969,309.188720703125,18.8799991607666,1.684000015258789,0.004999999888241291,65.55469512939453,106.58658599853516
2021-03-23,54738.9453125,47.06319808959961,112.45694732666016,161.80999755859375,15.271561622619629,113.16209411621094,307.8398742675781,20.299999237060547,1.6380000114440918,0.009999999776482582,65.62301635742188,106.900390625
2021-03-24,52774.265625,45.98650360107422,112.0163803100586,162.3699951171875,15.205914497375488,111.2215576171875,302.6480407714844,21.200000762939453,1.6139999628067017,0.014999999664723873,65.66095733642578,107.2223892211914
2021-03-25,51704.16015625,46.2000617980957,112.49662017822266,161.77999877929688,15.107439994812012,111.62906646728516,302.12396240234375,19.809999465942383,1.6139999628067017,0.014999999664723873,65.77482604980469,107.09855651855469
2021-03-26,55137.3125,47.401336669921875,114.88836669921875,162.24000549316406,15.55057144165039,117.2275161743164,306.6559753417969,18.860000610351562,1.659999966621399,0.014999999664723873,65.97215270996094,107.02423095703125
2021-03-27,55973.51171875,47.401336669921875,114.88836669921875,162.24000549316406,15.55057144165039,117.2275161743164,306.6559753417969,18.860000610351562,1.659999966621399,0.014999999664723873,65.97215270996094,107.02423095703125
2021-03-28,55950.74609375,47.401336669921875,114.88836669921875,162.24000549316406,15.55057144165039,117.2275161743164,306.6559753417969,18.860000610351562,1.659999966621399,0.014999999664723873,65.97215270996094,107.02423095703125
2021-03-29,57750.19921875,47.07210159301758,115.02960968017578,160.30999755859375,15.43568229675293,115.35004425048828,306.5684814453125,20.739999771118164,1.7209999561309814,0.00800000037997961,66.01010131835938,106.76827239990234
2021-03-30,58917.69140625,47.22338104248047,114.37045288085938,157.57000732421875,15.271561622619629,114.8552017211914,305.025634765625,19.610000610351562,1.7259999513626099,0.013000000268220901,65.85072326660156,107.09855651855469
2021-03-31,58918.83203125,47.46363067626953,114.67176818847656,159.9600067138672,15.45209789276123,118.15410614013672,309.6934814453125,19.399999618530273,1.746000051498413,0.013000000268220901,66.16949462890625,107.37928771972656
2021-04-01,59095.80859375,47.92633056640625,115.90531921386719,161.97999572753906,16.092174530029297,122.70951080322266,314.97247314453125,17.329999923706055,1.6790000200271606,0.00800000037997961,66.30961608886719,108.05268096923828
2021-04-02,59384.3125,47.92633056640625,115.90531921386719,161.97999572753906,16.092174530029297,122.70951080322266,314.97247314453125,17.329999923706055,1.6790000200271606,0.00800000037997961,66.30961608886719,108.05268096923828
2021-04-03,57603.890625,47.92633056640625,115.90531921386719,161.97999572753906,16.092174530029297,122.70951080322266,314.97247314453125,17.329999923706055,1.6790000200271606,0.00800000037997961,66.30961608886719,108.05268096923828
2021-04-04,58758.5546875,47.92633056640625,115.90531921386719,161.97999572753906,16.092174530029297,122.70951080322266,314.97247314453125,17.329999923706055,1.6790000200271606,0.00800000037997961,66.30961608886719,108.05268096923828
2021-04-05,59057.87890625,48.113197326660156,117.33659362792969,161.9199981689453,16.863544464111328,124.75191497802734,321.2608642578125,17.90999984741211,1.7200000286102295,0.014999999664723873,66.34009552001953,107.52320861816406
2021-04-06,58192.359375,48.38015365600586,117.31775665283203,163.22000122070312,16.732250213623047,123.04425048828125,321.0377197265625,18.1200008392334,1.656000018119812,0.014999999664723873,66.45430755615234,108.24295043945312
2021-04-07,56048.9375,47.66829299926758,117.28009796142578,162.75999450683594,16.43682861328125,122.76287078857422,321.8140869140625,17.15999984741211,1.652999997138977,0.009999999776482582,66.43147277832031,108.02786254882812
2021-04-08,58323.953125,48.059818267822266,117.75089263916016,164.50999450683594,16.732250213623047,124.52389526367188,325.1716613769531,16.950000762939453,1.6319999694824219,0.004999999888241291,66.45430755615234,108.42495727539062
2021-04-09,58245.00390625,47.65049362182617,118.68313598632812,163.27000427246094,16.518890380859375,124.2328109741211,327.1416931152344,16.690000534057617,1.6660000085830688,0.003000000026077032,66.40863037109375,108.20157623291016
2021-04-10,59793.234375,47.65049362182617,118.68313598632812,163.27000427246094,16.518890380859375,124.2328109741211,327.1416931152344,16.690000534057617,1.6660000085830688,0.003000000026077032,66.40863037109375,108.20157623291016
2021-04-11,60204.96484375,47.65049362182617,118.68313598632812,163.27000427246094,16.518890380859375,124.2328109741211,327.1416931152344,16.690000534057617,1.6660000085830688,0.003000000026077032,66.40863037109375,108.20157623291016
2021-04-12,59893.453125,47.365745544433594,118.53245544433594,162.27999877929688,15.903433799743652,122.79197692871094,326.7147216796875,16.90999984741211,1.6749999523162842,0.009999999776482582,66.34009552001953,108.1767578125
2021-04-13,63503.45703125,47.5615119934082,118.56071472167969,163.42999267578125,15.772134780883789,122.5494155883789,330.52850341796875,16.649999618530273,1.6230000257492065,0.014999999664723873,66.38577270507812,108.65662384033203
2021-04-14,63109.6953125,47.801761627197266,118.27821350097656,162.72000122070312,15.714692115783691,121.3753890991211,326.55950927734375,16.989999771118164,1.6380000114440918,0.014999999664723873,66.35530090332031,108.50772094726562
2021-04-15,63314.01171875,48.23777770996094,119.57769012451172,165.35000610351562,15.854194641113281,122.93267059326172,331.5086364746094,16.56999969482422,1.5299999713897705,0.009999999776482582,66.62187194824219,109.17780303955078
2021-04-16,61572.7890625,48.36235427856445,120.14266204833984,166.35000610351562,15.887020111083984,122.452392578125,331.8968200683594,16.25,1.5729999542236328,0.00800000037997961,66.48477172851562,108.43323516845703
2021-04-17,60683.8203125,48.36235427856445,120.14266204833984,166.35000610351562,15.887020111083984,122.452392578125,331.8968200683594,16.25,1.5729999542236328,0.00800000037997961,66.48477172851562,108.43323516845703
2021-04-18,56216.18359375,48.36235427856445,120.14266204833984,166.35000610351562,15.887020111083984,122.452392578125,331.8968200683594,16.25,1.5729999542236328,0.00800000037997961,66.48477172851562,108.43323516845703
2021-04-19,55724.265625,48.184391021728516,119.61534118652344,165.88999938964844,15.714692115783691,119.42030334472656,328.85943603515625,17.290000915527344,1.6009999513626099,0.014999999664723873,66.37818908691406,108.15194702148438
2021-04-20,56473.03125,47.79286575317383,118.84320068359375,166.47999572753906,15.493128776550293,117.74659729003906,326.4623718261719,18.68000030517578,1.562000036239624,0.014999999664723873,66.26393127441406,108.3587875366211
2021-04-21,53906.08984375,48.086509704589844,119.96375274658203,168.1300048828125,15.7064847946167,120.85145568847656,329.25726318359375,17.5,1.5640000104904175,0.013000000268220901,66.48477172851562,108.7310562133789
2021-04-22,51762.2734375,47.91743850708008,119.07862091064453,167.0399932861328,15.40285873413086,118.17837524414062,325.2881774902344,18.709999084472656,1.5540000200271606,0.014999999664723873,66.36293029785156,108.83859252929688
2021-04-23,51093.65234375,48.611507415771484,120.11438751220703,166.39999389648438,15.632631301879883,120.89511108398438,329.3833923339844,17.329999923706055,1.5670000314712524,0.014999999664723873,66.53809356689453,108.92961883544922
2021-04-24,50050.8671875,48.611507415771484,120.11438751220703,166.39999389648438,15.632631301879883,120.89511108398438,329.3833923339844,17.329999923706055,1.5670000314712524,0.014999999664723873,66.53809356689453,108.92961883544922
2021-04-25,49004.25390625,48.611507415771484,120.11438751220703,166.39999389648438,15.632631301879883,120.89511108398438,329.3833923339844,17.329999923706055,1.5670000314712524,0.014999999664723873,66.53809356689453,108.92961883544922
2021-04-26,54021.75390625,48.673797607421875,120.09557342529297,166.83999633789062,15.75572395324707,122.96177673339844,331.5279541015625,17.639999389648438,1.5700000524520874,0.00800000037997961,66.50762939453125,108.8799819946289
2021-04-27,55033.1171875,48.64710235595703,120.00142669677734,166.4199981689453,15.878813743591309,122.24378204345703,330.0917663574219,17.559999465942383,1.621999979019165,0.009999999776482582,66.4162368774414,108.39188385009766
2021-04-28,54824.703125,49.01193618774414,119.94491577148438,166.91000366210938,16.256296157836914,120.28868865966797,328.9757995605469,17.280000686645508,1.6200000047683716,0.00800000037997961,66.54570770263672,108.40841674804688
2021-04-29,53555.109375,48.89625930786133,121.0654525756836,166.22000122070312,16.1988525390625,121.399658203125,330.15972900390625,17.610000610351562,1.6399999856948853,0.00800000037997961,66.62187194824219,108.27606964111328
2021-04-30,57750.17578125,48.03311538696289,120.18031311035156,165.66000366210938,16.092174530029297,117.88729095458984,327.9956359863281,18.610000610351562,1.63100004196167,0.003000000026077032,66.59138488769531,108.4994125366211
2021-05-01,57828.05078125,48.03311538696289,120.18031311035156,165.66000366210938,16.092174530029297,117.88729095458984,327.9956359863281,18.610000610351562,1.63100004196167,0.003000000026077032,66.59138488769531,108.4994125366211
2021-05-02,56631.078125,48.03311538696289,120.18031311035156,165.66000366210938,16.092174530029297,117.88729095458984,327.9956359863281,18.610000610351562,1.63100004196167,0.003000000026077032,66.59138488769531,108.4994125366211
2021-05-03,57200.29296875,48.03311538696289,120.75471496582031,167.80999755859375,16.962020874023438,116.51921081542969,326.2488708496094,18.309999465942383,1.6069999933242798,0.004999999888241291,66.61738586425781,108.76056671142578
2021-05-04,53333.5390625,47.49031448364258,120.20856475830078,166.5800018310547,16.789691925048828,115.07351684570312,320.3778381347656,19.479999542236328,1.5920000076293945,0.009999999776482582,66.57915496826172,108.82684326171875
2021-05-05,57424.0078125,47.7127799987793,120.13323974609375,167.27000427246094,17.454387664794922,115.5829086303711,319.3006286621094,19.149999618530273,1.5839999914169312,0.00800000037997961,66.70904541015625,108.95945739746094
2021-05-06,56396.515625,48.16659164428711,121.0372085571289,170.05999755859375,17.49541664123535,116.53376770019531,321.7073059082031,18.389999389648438,1.5609999895095825,0.00800000037997961,66.68612670898438,109.16669464111328
2021-05-07,57356.40234375,48.664894104003906,121.96940612792969,171.58999633789062,18.225757598876953,118.17837524414062,324.3177490234375,16.690000534057617,1.5770000219345093,0.00800000037997961,66.73201751708984,109.2081298828125
2021-05-08,58803.77734375,48.664894104003906,121.96940612792969,171.58999633789062,18.225757598876953,118.17837524414062,324.3177490234375,16.690000534057617,1.5770000219345093,0.00800000037997961,66.73201751708984,109.2081298828125
2021-05-09,58232.31640625,48.664894104003906,121.96940612792969,171.58999633789062,18.225757598876953,118.17837524414062,324.3177490234375,16.690000534057617,1.5770000219345093,0.00800000037997961,66.73201751708984,109.2081298828125
2021-05-10,55859.796875,47.79286575317383,120.86772155761719,172.11000061035156,18.12728500366211,112.93893432617188,316.1273193359375,19.65999984741211,1.6019999980926514,0.004999999888241291,66.57915496826172,108.61962890625
2021-05-11,56704.57421875,47.65938949584961,119.83189392089844,172.13999938964844,17.85648536682129,113.1572494506836,315.6907043457031,21.84000015258789,1.6239999532699585,0.009999999776482582,66.51039123535156,108.22172546386719
2021-05-12,49150.53515625,46.34243392944336,117.18592834472656,170.42999267578125,17.21640968322754,108.49026489257812,307.51959228515625,27.59000015258789,1.6950000524520874,0.009999999776482582,66.1894760131836,107.63322448730469
2021-05-13,49716.19140625,46.280147552490234,118.83378601074219,171.1300048828125,16.871753692626953,109.72250366210938,309.8971252441406,23.1299991607666,1.6679999828338623,0.00800000037997961,66.42630767822266,108.03935241699219
2021-05-14,49880.53515625,47.1165885925293,120.50048065185547,172.69000244140625,17.413354873657227,113.2009048461914,316.73876953125,18.809999465942383,1.6349999904632568,0.004999999888241291,66.64028930664062,108.62793731689453
2021-05-15,46760.1875,47.1165885925293,120.50048065185547,172.69000244140625,17.413354873657227,113.2009048461914,316.73876953125,18.809999465942383,1.6349999904632568,0.004999999888241291,66.64028930664062,108.62793731689453
2021-05-16,46456.05859375,47.1165885925293,120.50048065185547,172.69000244140625,17.413354873657227,113.2009048461914,316.73876953125,18.809999465942383,1.6349999904632568,0.004999999888241291,66.64028930664062,108.62793731689453
2021-05-17,43537.51171875,47.07210159301758,119.96375274658203,174.6999969482422,17.741600036621094,111.93955993652344,314.8172607421875,19.719999313354492,1.6399999856948853,0.004999999888241291,66.51805114746094,108.50357818603516
2021-05-18,42909.40234375,47.70387649536133,118.97502899169922,175.0399932861328,18.012401580810547,111.32343292236328,312.69207763671875,21.34000015258789,1.6419999599456787,0.009999999776482582,66.35758209228516,108.14713287353516
2021-05-19,37002.44140625,47.5615119934082,118.8055419921875,175.16000366210938,17.57748031616211,113.31734466552734,313.051025390625,22.18000030517578,1.6829999685287476,0.004999999888241291,66.18183898925781,107.95648193359375
2021-05-20,40782.73828125,47.83735656738281,120.17091369628906,175.9600067138672,17.790836334228516,116.13111114501953,319.1065673828125,20.670000076293945,1.6339999437332153,0.003000000026077032,66.46453857421875,108.69422912597656
2021-05-21,37304.69140625,47.28565979003906,119.99198913574219,176.0399932861328,17.520036697387695,115.5440902709961,317.3403625488281,20.149999618530273,1.6319999694824219,0.003000000026077032,66.56389617919922,108.76882934570312
2021-05-22,37536.6328125,47.28565979003906,119.99198913574219,176.0399932861328,17.520036697387695,115.5440902709961,317.3403625488281,20.149999618530273,1.6319999694824219,0.003000000026077032,66.56389617919922,108.76882934570312
2021-05-23,34770.58203125,47.28565979003906,119.99198913574219,176.0399932861328,17.520036697387695,115.5440902709961,317.3403625488281,20.149999618530273,1.6319999694824219,0.003000000026077032,66.56389617919922,108.76882934570312
2021-05-24,38705.98046875,47.67718505859375,121.1313705444336,176.35000610351562,17.421560287475586,118.08133697509766,322.6777038574219,18.399999618530273,1.6080000400543213,0.003000000026077032,66.64028930664062,109.06723022460938
2021-05-25,38402.22265625,48.148799896240234,120.97130584716797,177.9499969482422,17.249231338500977,118.85755157470703,323.1241455078125,18.84000015258789,1.5640000104904175,0.009999999776482582,66.6479263305664,109.473388671875
2021-05-26,39294.19921875,48.504730224609375,121.19728088378906,177.63999938964844,17.536447525024414,118.97882843017578,324.2497863769531,17.360000610351562,1.5740000009536743,0.004999999888241291,66.6708755493164,109.41533660888672
2021-05-27,38436.96875,48.51362991333008,121.25376892089844,177.7100067138672,18.05343246459961,119.5512924194336,323.03680419921875,16.739999771118164,1.6100000143051147,0.004999999888241291,66.64028930664062,109.08380889892578
2021-05-28,35697.60546875,48.82506561279297,121.39502716064453,178.3800048828125,17.954959869384766,120.8902587890625,324.0557556152344,16.760000228881836,1.5809999704360962,0.00800000037997961,66.61738586425781,109.17499542236328
2021-05-29,34616.06640625,48.82506561279297,121.39502716064453,178.3800048828125,17.954959869384766,120.8902587890625,324.0557556152344,16.760000228881836,1.5809999704360962,0.00800000037997961,66.61738586425781,109.17499542236328
2021-05-30,35678.12890625,48.82506561279297,121.39502716064453,178.3800048828125,17.954959869384766,120.8902587890625,324.0557556152344,16.760000228881836,1.5809999704360962,0.00800000037997961,66.61738586425781,109.17499542236328
2021-05-31,37332.85546875,48.82506561279297,121.39502716064453,178.3800048828125,17.954959869384766,120.8902587890625,324.0557556152344,16.760000228881836,1.5809999704360962,0.00800000037997961,66.61738586425781,109.17499542236328
2021-06-01,36684.92578125,49.83058166503906,121.15019226074219,177.89999389648438,18.70171546936035,120.71076965332031,322.978515625,17.899999618530273,1.6150000095367432,0.009999999776482582,66.8175048828125,109.18909454345703
2021-06-02,37575.1796875,49.91066360473633,121.69635009765625,178.77000427246094,18.890453338623047,121.41905212402344,323.609375,17.479999542236328,1.590999960899353,0.014999999664723873,66.9018325805664,109.3635025024414
2021-06-03,39208.765625,49.376766204833984,121.34793853759766,175.27000427246094,18.570415496826172,119.34268188476562,320.2419738769531,18.040000915527344,1.625,0.014999999664723873,66.76383209228516,108.9316635131836
2021-06-04,36894.40625,49.821678161621094,122.5909194946289,177.16000366210938,19.12022590637207,122.00121307373047,325.6763610839844,16.420000076293945,1.559999942779541,0.014999999664723873,66.90950012207031,109.70404815673828
2021-06-05,35551.95703125,49.821678161621094,122.5909194946289,177.16000366210938,19.12022590637207,122.00121307373047,325.6763610839844,16.420000076293945,1.559999942779541,0.014999999664723873,66.90950012207031,109.70404815673828
2021-06-06,35862.37890625,49.821678161621094,122.5909194946289,177.16000366210938,19.12022590637207,122.00121307373047,325.6763610839844,16.420000076293945,1.559999942779541,0.014999999664723873,66.90950012207031,109.70404815673828
2021-06-07,33560.70703125,49.57252883911133,122.65681457519531,177.8699951171875,19.391027450561523,121.3802490234375,326.646728515625,16.420000076293945,1.569000005722046,0.017999999225139618,66.9324951171875,109.6126708984375
2021-06-08,33472.6328125,49.332271575927734,122.5438003540039,177.32000732421875,19.185874938964844,120.3808822631836,326.80206298828125,17.06999969482422,1.527999997138977,0.019999999552965164,66.97848510742188,110.02791595458984
2021-06-09,37345.12109375,49.18989562988281,122.30838775634766,176.97999572753906,19.054574966430664,120.00732421875,326.8796691894531,17.889999389648438,1.4889999628067017,0.019999999552965164,67.03217315673828,110.42659759521484
2021-06-10,36702.59765625,49.58403015136719,123.01480102539062,177.74000549316406,19.251522064208984,121.57430267333984,330.28594970703125,16.100000381469727,1.4589999914169312,0.019999999552965164,67.15483093261719,110.92489624023438
2021-06-11,37334.3984375,49.414222717285156,123.26034545898438,175.74000549316406,19.259727478027344,122.00121307373047,331.1495056152344,15.649999618530273,1.4620000123977661,0.017999999225139618,67.17781066894531,111.0162582397461
2021-06-12,35552.515625,49.414222717285156,123.26034545898438,175.74000549316406,19.259727478027344,122.00121307373047,331.1495056152344,15.649999618530273,1.4620000123977661,0.017999999225139618,67.17781066894531,111.0162582397461
2021-06-13,39097.859375,49.414222717285156,123.26034545898438,175.74000549316406,19.259727478027344,122.00121307373047,331.1495056152344,15.649999618530273,1.4620000123977661,0.017999999225139618,67.17781066894531,111.0162582397461
2021-06-14,40218.4765625,49.548282623291016,123.51528930664062,174.7100067138672,18.004196166992188,123.65066528320312,334.322998046875,16.389999389648438,1.5010000467300415,0.014999999664723873,67.11648559570312,110.60931396484375
2021-06-15,40406.26953125,49.20866775512695,123.19422912597656,174.0500030517578,18.488357543945312,122.5833740234375,332.1393737792969,17.020000457763672,1.4989999532699585,0.019999999552965164,67.10882568359375,110.6923599243164
2021-06-16,38347.0625,48.53837585449219,122.20263671875,171.11000061035156,18.381675720214844,121.55004119873047,330.9263916015625,18.149999618530273,1.569000005722046,0.02800000086426735,67.016845703125,110.37676239013672
2021-06-17,38053.50390625,48.806488037109375,122.41040802001953,165.85000610351562,17.643125534057617,122.92296600341797,335.1282958984375,17.75,1.5110000371932983,0.02800000086426735,67.06283569335938,110.99137115478516
2021-06-18,35787.24609375,48.46686935424805,120.82384490966797,164.92999267578125,17.134349822998047,119.79386138916016,332.49847412109375,20.700000762939453,1.4500000476837158,0.02800000086426735,67.03217315673828,111.57269287109375
2021-06-19,35615.87109375,48.46686935424805,120.82384490966797,164.92999267578125,17.134349822998047,119.79386138916016,332.49847412109375,20.700000762939453,1.4500000476837158,0.02800000086426735,67.03217315673828,111.57269287109375
2021-06-20,35698.296875,48.46686935424805,120.82384490966797,164.92999267578125,17.134349822998047,119.79386138916016,332.49847412109375,20.700000762939453,1.4500000476837158,0.02800000086426735,67.03217315673828,111.57269287109375
2021-06-21,31676.693359375,48.67242431640625,122.52371215820312,166.9499969482422,17.331295013427734,120.10919189453125,334.5649108886719,17.889999389648438,1.4839999675750732,0.029999999329447746,67.16250610351562,110.92489624023438
2021-06-22,32505.66015625,48.448997497558594,123.28865814208984,166.25,17.6595401763916,120.89511108398438,337.6837158203125,16.65999984741211,1.472000002861023,0.03799999877810478,67.20848083496094,111.10762786865234
2021-06-23,33723.02734375,48.74393081665039,122.91091918945312,166.13999938964844,17.561067581176758,121.50638580322266,337.848876953125,16.31999969482422,1.4869999885559082,0.03999999910593033,67.13949584960938,110.93319702148438
2021-06-24,34662.4375,49.190792083740234,123.69473266601562,166.0399932861328,18.012401580810547,123.49057006835938,339.9376525878906,15.970000267028809,1.4869999885559082,0.0430000014603138,67.34650421142578,111.14913177490234
2021-06-25,31637.779296875,49.60190963745117,124.85633850097656,166.58999633789062,18.12728500366211,123.00543975830078,339.51983642578125,15.619999885559082,1.5360000133514404,0.0430000014603138,67.41551971435547,110.8584213256836
2021-06-26,32186.27734375,49.60190963745117,124.85633850097656,166.58999633789062,18.12728500366211,123.00543975830078,339.51983642578125,15.619999885559082,1.5360000133514404,0.0430000014603138,67.41551971435547,110.8584213256836
2021-06-27,34649.64453125,49.60190963745117,124.85633850097656,166.58999633789062,18.12728500366211,123.00543975830078,339.51983642578125,15.619999885559082,1.5360000133514404,0.0430000014603138,67.41551971435547,110.8584213256836
2021-06-28,34434.3359375,49.64658737182617,125.41352081298828,166.5800018310547,17.807252883911133,125.989013671875,343.6489562988281,15.760000228881836,1.4780000448226929,0.03999999910593033,67.40782165527344,111.33187103271484
2021-06-29,35867.77734375,49.61083984375,125.61187744140625,164.8300018310547,17.318424224853516,127.08541870117188,344.8925476074219,16.020000457763672,1.4800000190734863,0.03999999910593033,67.49214935302734,111.4647445678711
2021-06-30,35040.8359375,49.28910446166992,125.47962188720703,165.6300048828125,17.417011260986328,127.22122955322266,344.3485412597656,15.829999923706055,1.4429999589920044,0.03999999910593033,67.49986267089844,111.58934783935547
2021-07-01,33572.1171875,49.01205062866211,126.2351303100586,166.1999969482422,17.52381134033203,125.34378051757812,344.48455810546875,15.479999542236328,1.4800000190734863,0.03999999910593033,67.63216400146484,111.49198913574219
2021-07-02,33897.046875,48.95842361450195,127.35895538330078,167.2899932861328,17.53203010559082,126.03751373291016,348.4387512207031,15.069999694824219,1.430999994277954,0.03799999877810478,67.73986053466797,111.80813598632812
2021-07-03,34668.546875,48.95842361450195,127.35895538330078,167.2899932861328,17.53203010559082,126.03751373291016,348.4387512207031,15.069999694824219,1.430999994277954,0.03799999877810478,67.73986053466797,111.80813598632812
2021-07-04,35287.78125,48.95842361450195,127.35895538330078,167.2899932861328,17.53203010559082,126.03751373291016,348.4387512207031,15.069999694824219,1.430999994277954,0.03799999877810478,67.73986053466797,111.80813598632812
2021-07-05,33746.00390625,48.95842361450195,127.35895538330078,167.2899932861328,17.53203010559082,126.03751373291016,348.4387512207031,15.069999694824219,1.430999994277954,0.03799999877810478,67.73986053466797,111.80813598632812
2021-07-06,34235.1953125,48.10044479370117,127.04728698730469,168.1199951171875,17.104816436767578,125.99871063232422,349.9447326660156,16.440000534057617,1.3700000047683716,0.03999999910593033,67.70138549804688,112.21588897705078
2021-07-07,33855.328125,48.04682159423828,127.68001556396484,168.75999450683594,16.98979949951172,124.25222778320312,350.6830749511719,16.200000762939453,1.3209999799728394,0.0430000014603138,67.72447967529297,112.59866333007812
2021-07-08,32877.37109375,47.04584503173828,126.63177490234375,168.64999389648438,16.546159744262695,122.5882339477539,348.5650329589844,19.0,1.2879999876022339,0.0430000014603138,67.57830047607422,112.65689849853516
2021-07-09,33798.01171875,47.8591423034668,127.74615478515625,169.2100067138672,16.776195526123047,124.67914581298828,350.7413635253906,16.18000030517578,1.3559999465942383,0.0430000014603138,67.69369506835938,112.18262481689453
2021-07-10,33520.51953125,47.8591423034668,127.74615478515625,169.2100067138672,16.776195526123047,124.67914581298828,350.7413635253906,16.18000030517578,1.3559999465942383,0.0430000014603138,67.69369506835938,112.18262481689453
2021-07-11,34240.1875,47.8591423034668,127.74615478515625,169.2100067138672,16.776195526123047,124.67914581298828,350.7413635253906,16.18000030517578,1.3559999465942383,0.0430000014603138,67.69369506835938,112.18262481689453
2021-07-12,33155.84765625,47.90382766723633,128.1333465576172,169.0,16.68582534790039,126.31403350830078,352.111328125,16.170000076293945,1.3630000352859497,0.0430000014603138,67.67060852050781,112.12437438964844
2021-07-13,32702.025390625,47.94851303100586,127.89720916748047,169.22000122070312,16.472217559814453,126.0423812866211,352.111328125,17.1200008392334,1.4149999618530273,0.04500000178813934,67.47061157226562,111.70831298828125
2021-07-14,32822.34765625,48.154075622558594,128.02003479003906,171.0399932861328,16.464004516601562,125.76582336425781,352.7427978515625,16.329999923706055,1.3559999465942383,0.04500000178813934,67.57830047607422,112.22416687011719
2021-07-15,31780.73046875,48.27025604248047,127.53839111328125,171.07000732421875,16.496864318847656,122.3165512084961,350.265380859375,17.010000228881836,1.2970000505447388,0.03799999877810478,67.53215789794922,112.4654769897461
2021-07-16,31421.5390625,47.89487838745117,126.82066345214844,169.41000366210938,15.954638481140137,119.75505065917969,347.4283447265625,18.450000762939453,1.2999999523162842,0.03799999877810478,67.43984985351562,112.30741119384766
2021-07-17,31533.068359375,47.89487838745117,126.82066345214844,169.41000366210938,15.954638481140137,119.75505065917969,347.4283447265625,18.450000762939453,1.2999999523162842,0.03799999877810478,67.43984985351562,112.30741119384766
2021-07-18,31796.810546875,47.89487838745117,126.82066345214844,169.41000366210938,15.954638481140137,119.75505065917969,347.4283447265625,18.450000762939453,1.2999999523162842,0.03799999877810478,67.43984985351562,112.30741119384766
2021-07-19,30817.83203125,47.09053039550781,125.20578002929688,169.61000061035156,15.371333122253418,119.73079681396484,344.5817565917969,22.5,1.180999994277954,0.03999999910593033,66.98599243164062,113.1145248413086
2021-07-20,29807.34765625,47.24246597290039,126.83951568603516,169.38999938964844,15.552075386047363,121.1958999633789,348.58447265625,19.729999542236328,1.2089999914169312,0.04500000178813934,67.32445526123047,112.95645141601562
2021-07-21,32110.693359375,47.54633712768555,127.78390502929688,168.75999450683594,16.143596649169922,124.67914581298828,351.2757263183594,17.90999984741211,1.2799999713897705,0.04500000178813934,67.48600006103516,112.55704498291016
2021-07-22,32313.10546875,47.63570785522461,128.0672607421875,169.08999633789062,16.110734939575195,123.92719268798828,353.5977783203125,17.690000534057617,1.2649999856948853,0.0430000014603138,67.52444458007812,113.0230484008789
2021-07-23,33581.55078125,46.929656982421875,129.8804473876953,168.55999755859375,15.921775817871094,124.82953643798828,357.7268371582031,17.200000762939453,1.2860000133514404,0.04500000178813934,67.65523529052734,112.97308349609375
2021-07-24,34292.4453125,46.929656982421875,129.8804473876953,168.55999755859375,15.921775817871094,124.82953643798828,357.7268371582031,17.200000762939453,1.2860000133514404,0.04500000178813934,67.65523529052734,112.97308349609375
2021-07-25,35350.1875,46.929656982421875,129.8804473876953,168.55999755859375,15.921775817871094,124.82953643798828,357.7268371582031,17.200000762939453,1.2860000133514404,0.04500000178813934,67.65523529052734,112.97308349609375
2021-07-26,37337.53515625,46.03593444824219,129.94656372070312,168.16000366210938,16.069656372070312,124.68885040283203,358.0086364746094,17.579999923706055,1.2760000228881836,0.03999999910593033,67.55525207519531,112.72345733642578
2021-07-27,39406.94140625,45.10645294189453,129.4271240234375,168.44000244140625,15.90534496307373,122.48634338378906,354.0640869140625,19.360000610351562,1.2339999675750732,0.04500000178813934,67.46289825439453,113.20606994628906
2021-07-28,39995.90625,46.33086395263672,129.4649200439453,169.2899932861328,16.603668212890625,124.6742935180664,355.42425537109375,18.309999465942383,1.2610000371932983,0.04500000178813934,67.51676940917969,113.40577697753906
2021-07-29,40008.421875,46.563236236572266,130.0692596435547,171.1699981689453,16.751550674438477,127.01264953613281,356.0557556152344,17.700000762939453,1.2690000534057617,0.03999999910593033,67.66291046142578,113.08130645751953
2021-07-30,42235.546875,46.11635971069336,129.71987915039062,169.82000732421875,16.43935775756836,127.65787506103516,354.2002258300781,18.239999771118164,1.2389999628067017,0.03999999910593033,67.57060241699219,113.17279815673828
2021-07-31,41626.1953125,46.11635971069336,129.71987915039062,169.82000732421875,16.43935775756836,127.65787506103516,354.2002258300781,18.239999771118164,1.2389999628067017,0.03999999910593033,67.57060241699219,113.17279815673828
2021-08-01,39974.89453125,46.11635971069336,129.71987915039062,169.82000732421875,16.43935775756836,127.65787506103516,354.2002258300781,18.239999771118164,1.2389999628067017,0.03999999910593033,67.57060241699219,113.17279815673828
2021-08-02,39201.9453125,46.44704818725586,129.51210021972656,169.61000061035156,16.258615493774414,128.56021118164062,354.22930908203125,19.459999084472656,1.1740000247955322,0.03799999877810478,67.40314483642578,113.50038146972656
2021-08-03,38152.98046875,46.64366149902344,130.4753875732422,169.49000549316406,16.192888259887695,129.7245330810547,356.37640380859375,18.040000915527344,1.1759999990463257,0.04500000178813934,67.4803237915039,113.61714172363281
2021-08-04,39747.50390625,46.88497543334961,130.2770538330078,169.52999877929688,15.782109260559082,131.14112854003906,356.89129638671875,17.969999313354492,1.184000015258789,0.04500000178813934,67.35685729980469,113.64208984375
2021-08-05,40869.5546875,46.8134765625,131.1270294189453,168.86000061035156,15.93820858001709,130.9955596923828,359.1550598144531,17.280000686645508,1.2170000076293945,0.0430000014603138,67.51116943359375,113.17528533935547
2021-08-06,42816.5,46.42023468017578,131.13645935058594,164.63999938964844,15.93820858001709,130.29214477539062,357.5811462402344,16.149999618530273,1.2899999618530273,0.0430000014603138,67.43401336669922,112.25003814697266
2021-08-07,44555.80078125,46.42023468017578,131.13645935058594,164.63999938964844,15.93820858001709,130.29214477539062,357.5811462402344,16.149999618530273,1.2899999618530273,0.0430000014603138,67.43401336669922,112.25003814697266
2021-08-08,43798.1171875,46.42023468017578,131.13645935058594,164.63999938964844,15.93820858001709,130.29214477539062,357.5811462402344,16.149999618530273,1.2899999618530273,0.0430000014603138,67.43401336669922,112.25003814697266
2021-08-09,46365.40234375,46.572174072265625,131.0042724609375,161.72000122070312,15.650659561157227,129.89918518066406,358.2417297363281,16.719999313354492,1.3170000314712524,0.04500000178813934,67.2796859741211,111.76653289794922
2021-08-10,45585.03125,46.634735107421875,131.04202270507812,161.77000427246094,16.020360946655273,128.2351837158203,356.40545654296875,16.790000915527344,1.3420000076293945,0.05000000074505806,67.12530517578125,111.51649475097656
2021-08-11,45593.63671875,46.75985336303711,131.2025146484375,164.0,16.02857780456543,127.89556884765625,355.79345703125,16.170000076293945,1.3289999961853027,0.04500000178813934,67.23336029052734,111.69153594970703
2021-08-12,44428.2890625,46.34873962402344,131.32533264160156,164.0399932861328,15.93820858001709,126.4983901977539,357.07586669921875,15.59000015258789,1.3669999837875366,0.0430000014603138,67.34913635253906,111.84989166259766
2021-08-13,47793.3203125,46.232547760009766,131.8447265625,166.38999938964844,15.584935188293457,127.32313537597656,358.3292541503906,15.449999809265137,1.2970000505447388,0.04500000178813934,67.49571990966797,112.60013580322266
2021-08-14,47096.9453125,46.232547760009766,131.8447265625,166.38999938964844,15.584935188293457,127.32313537597656,358.3292541503906,15.449999809265137,1.2970000505447388,0.04500000178813934,67.49571990966797,112.60013580322266
2021-08-15,47047.00390625,46.232547760009766,131.8447265625,166.38999938964844,15.584935188293457,127.32313537597656,358.3292541503906,15.449999809265137,1.2970000505447388,0.04500000178813934,67.49571990966797,112.60013580322266
2021-08-16,46004.484375,45.812503814697266,132.6286163330078,167.22000122070312,15.198805809020996,126.7749252319336,358.4846496582031,16.1200008392334,1.2569999694824219,0.057999998331069946,67.5189208984375,112.66680145263672
2021-08-17,44695.359375,44.97239303588867,131.51417541503906,166.97000122070312,14.878399848937988,124.37350463867188,355.3271789550781,17.90999984741211,1.2580000162124634,0.06300000101327896,67.36455535888672,112.46676635742188
2021-08-18,44801.1875,45.04389572143555,129.94656372070312,167.10000610351562,14.960554122924805,122.76773071289062,351.9073181152344,21.56999969482422,1.2730000019073486,0.054999999701976776,67.21021270751953,112.39173126220703
2021-08-19,46717.578125,44.275291442871094,130.50372314453125,166.61000061035156,14.410113334655762,123.84471130371094,353.6074523925781,21.670000076293945,1.2419999837875366,0.0430000014603138,67.20249938964844,112.65013122558594
2021-08-20,49339.17578125,44.23953628540039,131.78810119628906,166.6999969482422,14.631932258605957,124.37836456298828,357.270263671875,18.559999465942383,1.2599999904632568,0.0430000014603138,67.36455535888672,112.7251205444336
2021-08-21,48905.4921875,44.23953628540039,131.78810119628906,166.6999969482422,14.631932258605957,124.37836456298828,357.270263671875,18.559999465942383,1.2599999904632568,0.0430000014603138,67.36455535888672,112.7251205444336
2021-08-22,49321.65234375,44.23953628540039,131.78810119628906,166.6999969482422,14.631932258605957,124.37836456298828,357.270263671875,18.559999465942383,1.2599999904632568,0.0430000014603138,67.36455535888672,112.7251205444336
2021-08-23,49546.1484375,44.90983200073242,132.6096649169922,168.72999572753906,15.412410736083984,127.95379638671875,362.6137390136719,17.149999618530273,1.2549999952316284,0.03999999910593033,67.57293701171875,112.80853271484375
2021-08-24,47706.1171875,45.92868423461914,132.6947021484375,168.64999389648438,15.708172798156738,128.04112243652344,363.7213439941406,17.219999313354492,1.2899999618530273,0.04800000041723251,67.6655502319336,112.55007934570312
2021-08-25,48960.7890625,45.98231506347656,132.91192626953125,167.47999572753906,15.85605239868164,129.43344116210938,364.13909912109375,16.790000915527344,1.3420000076293945,0.04500000178813934,67.73499298095703,112.25837707519531
2021-08-26,46942.21875,45.54438018798828,132.01473999023438,167.6699981689453,15.64244556427002,129.6323699951172,361.8268737792969,18.84000015258789,1.3420000076293945,0.0430000014603138,67.69639587402344,112.22502899169922
2021-08-27,49058.66796875,46.1074333190918,133.3463134765625,170.19000244140625,16.283262252807617,131.9755401611328,365.3438415527344,16.389999389648438,1.312000036239624,0.0430000014603138,67.88159942626953,112.85018157958984
2021-08-28,48902.40234375,46.1074333190918,133.3463134765625,170.19000244140625,16.283262252807617,131.9755401611328,365.3438415527344,16.389999389648438,1.312000036239624,0.0430000014603138,67.88159942626953,112.85018157958984
2021-08-29,48829.83203125,46.1074333190918,133.3463134765625,170.19000244140625,16.283262252807617,131.9755401611328,365.3438415527344,16.389999389648438,1.312000036239624,0.0430000014603138,67.88159942626953,112.85018157958984
2021-08-30,47054.984375,46.205745697021484,133.89404296875,169.35000610351562,16.628313064575195,132.39276123046875,369.44378662109375,16.190000534057617,1.284999966621399,0.03799999877810478,67.96651458740234,113.04192352294922
2021-08-31,47166.6875,46.84028625488281,133.39353942871094,169.69000244140625,17.211618423461914,131.38853454589844,369.1426696777344,16.479999542236328,1.3040000200271606,0.03999999910593033,67.9819564819336,112.78352355957031
2021-09-01,48847.02734375,47.439083099365234,133.4690704345703,169.6999969482422,17.7127685546875,131.1847686767578,369.7547302246094,16.110000610351562,1.3020000457763672,0.03999999910593033,68.03998565673828,112.92881774902344
2021-09-02,49327.72265625,47.22459030151367,133.53515625,169.25,18.84651756286621,131.50497436523438,369.5798034667969,16.40999984741211,1.2940000295639038,0.03999999910593033,68.12517547607422,113.1291732788086
2021-09-03,50025.375,47.47483444213867,133.5257110595703,171.05999755859375,19.659862518310547,132.58197021484375,370.716552734375,16.40999984741211,1.3220000267028809,0.03999999910593033,68.1329116821289,112.72001647949219
2021-09-04,49944.625,47.47483444213867,133.5257110595703,171.05999755859375,19.659862518310547,132.58197021484375,370.716552734375,16.40999984741211,1.3220000267028809,0.03999999910593033,68.1329116821289,112.72001647949219
2021-09-05,51753.41015625,47.47483444213867,133.5257110595703,171.05999755859375,19.659862518310547,132.58197021484375,370.716552734375,16.40999984741211,1.3220000267028809,0.03999999910593033,68.1329116821289,112.72001647949219
2021-09-06,52633.53515625,47.47483444213867,133.5257110595703,171.05999755859375,19.659862518310547,132.58197021484375,370.716552734375,16.40999984741211,1.3220000267028809,0.03999999910593033,68.1329116821289,112.72001647949219
2021-09-07,46811.12890625,47.751888275146484,132.4774627685547,167.7100067138672,20.481420516967773,132.31028747558594,371.2412109375,18.139999389648438,1.3700000047683716,0.03500000014901161,67.95482635498047,112.18563079833984
2021-09-08,46091.390625,47.05478286743164,132.27915954589844,167.2899932861328,20.259597778320312,130.56381225585938,369.9490966796875,17.959999084472656,1.3339999914169312,0.03999999910593033,68.03225708007812,112.54466247558594
2021-09-09,46391.421875,46.96540832519531,131.77862548828125,168.02999877929688,19.996700286865234,131.102294921875,368.67626953125,18.799999237060547,1.2990000247955322,0.03799999877810478,68.09418487548828,113.27950286865234
2021-09-10,44883.91015625,46.91178894042969,131.0986785888672,167.17999267578125,21.639814376831055,132.09197998046875,365.87823486328125,20.950000762939453,1.340999960899353,0.03799999877810478,67.99354553222656,112.95384216308594
2021-09-11,45201.45703125,46.91178894042969,131.0986785888672,167.17999267578125,21.639814376831055,132.09197998046875,365.87823486328125,20.950000762939453,1.340999960899353,0.03799999877810478,67.99354553222656,112.95384216308594
2021-09-12,46063.26953125,46.91178894042969,131.0986785888672,167.17999267578125,21.639814376831055,132.09197998046875,365.87823486328125,20.950000762939453,1.340999960899353,0.03799999877810478,67.99354553222656,112.95384216308594
2021-09-13,44963.07421875,47.03691101074219,130.96644592285156,167.74000549316406,22.32170867919922,133.08164978027344,365.6257019042969,19.3700008392334,1.3240000009536743,0.03799999877810478,68.16389465332031,113.2294692993164
2021-09-14,47092.4921875,46.64366149902344,130.3715057373047,168.82000732421875,22.12453269958496,133.16896057128906,364.5860595703125,19.459999084472656,1.2769999504089355,0.03500000014901161,68.1329116821289,113.57176208496094
2021-09-15,48176.34765625,46.634735107421875,131.193115234375,167.8300018310547,23.562255859375,133.63470458984375,367.2966613769531,18.18000030517578,1.3040000200271606,0.03500000014901161,68.23355865478516,113.43816375732422
2021-09-16,47783.359375,46.1074333190918,130.99481201171875,164.02999877929688,22.78177833557129,133.82875061035156,367.5493469238281,18.690000534057617,1.3309999704360962,0.029999999329447746,68.21029663085938,113.27950286865234
2021-09-17,47267.51953125,45.91080856323242,129.59713745117188,163.77000427246094,20.998998641967773,131.4709930419922,363.1966857910156,20.809999465942383,1.3700000047683716,0.02800000086426735,68.12517547607422,113.02904510498047
2021-09-18,48278.36328125,45.91080856323242,129.59713745117188,163.77000427246094,20.998998641967773,131.4709930419922,363.1966857910156,20.809999465942383,1.3700000047683716,0.02800000086426735,68.12517547607422,113.02904510498047
2021-09-19,47260.21875,45.91080856323242,129.59713745117188,163.77000427246094,20.998998641967773,131.4709930419922,363.1966857910156,20.809999465942383,1.3700000047683716,0.02800000086426735,68.12517547607422,113.02904510498047
2021-09-20,42843.80078125,44.67746353149414,127.51948547363281,164.94000244140625,19.618783950805664,128.26913452148438,355.69195556640625,25.709999084472656,1.309000015258789,0.02500000037252903,67.88517761230469,113.37973022460938
2021-09-21,40693.67578125,45.00814437866211,127.41561126708984,166.0399932861328,20.037778854370117,128.54080200195312,356.12957763671875,24.360000610351562,1.3240000009536743,0.019999999552965164,68.00128173828125,113.37134552001953
2021-09-22,43574.5078125,45.57119369506836,128.25611877441406,165.4199981689453,20.095285415649414,130.8597412109375,359.4559631347656,20.8700008392334,1.3359999656677246,0.02500000037252903,68.12517547607422,113.68865966796875
2021-09-23,44895.09765625,45.92868423461914,129.57826232910156,163.50999450683594,20.202089309692383,132.5043487548828,362.7726745605469,18.6299991607666,1.409999966621399,0.02500000037252903,68.1561279296875,112.90377044677734
2021-09-24,42839.75,45.383514404296875,129.557373046875,163.3000030517578,18.977970123291016,132.1453399658203,363.11309814453125,17.75,1.4600000381469727,0.02500000037252903,68.05552673339844,112.66162872314453
2021-09-25,42716.59375,45.383514404296875,129.557373046875,163.3000030517578,18.977970123291016,132.1453399658203,363.11309814453125,17.75,1.4600000381469727,0.02500000037252903,68.05552673339844,112.66162872314453
2021-09-26,43208.5390625,45.383514404296875,129.557373046875,163.3000030517578,18.977970123291016,132.1453399658203,363.11309814453125,17.75,1.4600000381469727,0.02500000037252903,68.05552673339844,112.66162872314453
2021-09-27,42235.73046875,45.678443908691406,128.752197265625,163.63999938964844,20.013132095336914,131.67477416992188,360.2145690917969,18.760000228881836,1.4839999675750732,0.02500000037252903,67.99354553222656,112.60316467285156
2021-09-28,41034.54296875,45.088584899902344,126.0051498413086,162.0500030517578,19.4544734954834,126.37224578857422,350.02142333984375,23.25,1.534000039100647,0.029999999329447746,67.68389892578125,111.40068817138672
2021-09-29,41564.36328125,44.66853332519531,126.17564392089844,161.32000732421875,19.166927337646484,124.4656753540039,349.44757080078125,22.559999465942383,1.5410000085830688,0.029999999329447746,67.80774688720703,111.37565612792969
2021-09-30,43790.89453125,45.02602005004883,124.7831802368164,164.22000122070312,19.544845581054688,124.32498931884766,348.16363525390625,23.139999389648438,1.5290000438690186,0.02800000086426735,67.73035430908203,111.0833969116211
2021-10-01,48116.94140625,44.98133850097656,126.0525131225586,164.58999633789062,19.947406768798828,124.43172454833984,350.3229675292969,21.100000381469727,1.4789999723434448,0.02800000086426735,67.8927001953125,111.89075469970703
2021-10-02,47711.48828125,44.98133850097656,126.0525131225586,164.58999633789062,19.947406768798828,124.43172454833984,350.3229675292969,21.100000381469727,1.4789999723434448,0.02800000086426735,67.8927001953125,111.89075469970703
2021-10-03,48199.953125,44.98133850097656,126.0525131225586,164.58999633789062,19.947406768798828,124.43172454833984,350.3229675292969,21.100000381469727,1.4789999723434448,0.02800000086426735,67.8927001953125,111.89075469970703
2021-10-04,49112.90234375,44.319969177246094,123.98746490478516,165.36000061035156,19.79952621459961,121.1910400390625,342.96978759765625,22.959999084472656,1.4809999465942383,0.02800000086426735,67.65186309814453,111.70672607421875
2021-10-05,51514.8125,44.632781982421875,125.44625091552734,164.58999633789062,20.02134895324707,122.89385986328125,347.59954833984375,21.299999237060547,1.5290000438690186,0.03500000014901161,67.62081146240234,111.24657440185547
2021-10-06,55361.44921875,44.382530212402344,125.82516479492188,165.02999877929688,19.33123779296875,123.26741027832031,349.826904296875,21.0,1.5240000486373901,0.03999999910593033,67.58200073242188,111.27996826171875
2021-10-07,53805.984375,45.249454498291016,127.0376968383789,164.16000366210938,20.078857421875,124.80043029785156,353.0366516113281,19.540000915527344,1.5709999799728394,0.03999999910593033,67.58975219726562,110.78641510009766
2021-10-08,53967.84765625,45.41926193237305,126.91451263427734,164.22999572753906,19.396963119506836,123.58759307861328,351.2761535644531,18.770000457763672,1.6050000190734863,0.03999999910593033,67.3877944946289,110.27603912353516
2021-10-09,54968.22265625,45.41926193237305,126.91451263427734,164.22999572753906,19.396963119506836,123.58759307861328,351.2761535644531,18.770000457763672,1.6050000190734863,0.03999999910593033,67.3877944946289,110.27603912353516
2021-10-10,54771.578125,45.41926193237305,126.91451263427734,164.22999572753906,19.396963119506836,123.58759307861328,351.2761535644531,18.770000457763672,1.6050000190734863,0.03999999910593033,67.3877944946289,110.27603912353516
2021-10-11,57484.7890625,45.329891204833984,126.1567153930664,163.9199981689453,19.807741165161133,122.8501968383789,348.5819396972656,20.0,1.6139999628067017,0.03999999910593033,67.17809295654297,110.06690216064453
2021-10-12,56041.05859375,45.09751892089844,125.88200378417969,164.66000366210938,22.116315841674805,121.60826110839844,347.36614990234375,19.850000381469727,1.5800000429153442,0.03999999910593033,67.30237579345703,110.76963806152344
2021-10-13,57401.09765625,45.72312927246094,126.81977844238281,167.58999633789062,23.62798309326172,122.64643859863281,350.1478576660156,18.639999389648438,1.5490000247955322,0.04500000178813934,67.48103332519531,111.33021545410156
2021-10-14,57321.5234375,45.866127014160156,129.1121826171875,168.0,22.946088790893555,126.3285903930664,356.5964660644531,16.860000610351562,1.5190000534057617,0.03999999910593033,67.86161804199219,111.8572998046875
2021-10-15,61593.94921875,46.42023468017578,129.8321075439453,165.3300018310547,22.609249114990234,127.38618469238281,358.8431701660156,16.299999237060547,1.5759999752044678,0.03799999877810478,67.74507141113281,111.45572662353516
2021-10-16,60892.1796875,46.42023468017578,129.8321075439453,165.3300018310547,22.609249114990234,127.38618469238281,358.8431701660156,16.299999237060547,1.5759999752044678,0.03799999877810478,67.74507141113281,111.45572662353516
2021-10-17,61553.6171875,46.42023468017578,129.8321075439453,165.3300018310547,22.609249114990234,127.38618469238281,358.8431701660156,16.299999237060547,1.5759999752044678,0.03799999877810478,67.74507141113281,111.45572662353516
2021-10-18,62026.078125,46.30405044555664,130.552001953125,164.9199981689453,23.67727279663086,128.39041137695312,362.4516296386719,16.309999465942383,1.5839999914169312,0.0430000014603138,67.71406555175781,111.36368560791016
2021-10-19,64261.9921875,46.920719146728516,131.66976928710938,165.4499969482422,23.825157165527344,129.8603515625,365.1944580078125,15.699999809265137,1.6349999904632568,0.05000000074505806,67.7606201171875,110.7529525756836
2021-10-20,65992.8359375,46.91178894042969,132.1055450439453,166.89999389648438,24.326305389404297,129.28790283203125,364.71795654296875,15.489999771118164,1.6360000371932983,0.05000000074505806,67.78395080566406,110.48519897460938
2021-10-21,62210.171875,46.60791778564453,132.7970428466797,166.75,23.496532440185547,130.76271057128906,366.9452819824219,15.010000228881836,1.6759999990463257,0.05000000074505806,67.61305236816406,110.25101470947266
2021-10-22,60692.265625,46.509613037109375,132.74969482421875,167.77000427246094,23.266496658325195,129.60809326171875,363.8620300292969,15.430000305175781,1.6549999713897705,0.05000000074505806,67.44994354248047,110.69435119628906
2021-10-23,61393.6171875,46.509613037109375,132.74969482421875,167.77000427246094,23.266496658325195,129.60809326171875,363.8620300292969,15.430000305175781,1.6549999713897705,0.05000000074505806,67.44994354248047,110.69435119628906
2021-10-24,60930.8359375,46.509613037109375,132.74969482421875,167.77000427246094,23.266496658325195,129.60809326171875,363.8620300292969,15.430000305175781,1.6549999713897705,0.05000000074505806,67.44994354248047,110.69435119628906
2021-10-25,63039.82421875,46.750919342041016,133.46958923339844,168.92999267578125,23.775863647460938,130.26304626464844,367.587158203125,15.239999771118164,1.6349999904632568,0.05000000074505806,67.56646728515625,110.74456024169922
2021-10-26,60363.79296875,46.509613037109375,133.10964965820312,167.67999267578125,23.78407859802246,131.00527954101562,368.74462890625,15.979999542236328,1.61899995803833,0.05000000074505806,67.58200073242188,111.22142791748047
2021-10-27,58482.38671875,46.134246826171875,132.13397216796875,168.1199951171875,22.50244903564453,129.89918518066406,369.6004943847656,16.979999542236328,1.5290000438690186,0.05000000074505806,67.52764129638672,111.89910888671875
2021-10-28,60622.13671875,46.178932189941406,133.3748779296875,168.0800018310547,22.543529510498047,132.3733367919922,373.705078125,16.530000686645508,1.5679999589920044,0.04800000041723251,67.69850158691406,111.73182678222656
2021-10-29,62227.96484375,45.508636474609375,134.4073944091797,166.64999389648438,22.06702423095703,132.7517547607422,375.54327392578125,16.260000228881836,1.5570000410079956,0.04800000041723251,67.51986694335938,111.67323303222656
2021-10-30,61888.83203125,45.508636474609375,134.4073944091797,166.64999389648438,22.06702423095703,132.7517547607422,375.54327392578125,16.260000228881836,1.5570000410079956,0.04800000041723251,67.51986694335938,111.67323303222656
2021-10-31,61318.95703125,45.508636474609375,134.4073944091797,166.64999389648438,22.06702423095703,132.7517547607422,375.54327392578125,16.260000228881836,1.5570000410079956,0.04800000041723251,67.51986694335938,111.67323303222656
2021-11-01,61004.40625,45.866127014160156,134.1421356201172,167.52000427246094,22.732484817504883,134.2750701904297,376.8271484375,16.40999984741211,1.5750000476837158,0.03999999910593033,67.44738006591797,111.47372436523438
2021-11-02,63226.40234375,45.455013275146484,134.9094696044922,167.16000366210938,22.65854263305664,135.7547149658203,378.40283203125,16.030000686645508,1.5490000247955322,0.04500000178813934,67.61100769042969,111.90122985839844
2021-11-03,62970.046875,45.66950225830078,135.5535888671875,165.77000427246094,24.260578155517578,137.09852600097656,382.4198303222656,15.100000381469727,1.5789999961853027,0.04500000178813934,67.74349212646484,111.61622619628906
2021-11-04,61452.23046875,45.562255859375,137.07870483398438,167.64999389648438,24.293441772460938,142.77459716796875,387.3218994140625,15.4399995803833,1.5240000486373901,0.03500000014901161,67.92269897460938,112.2030029296875
2021-11-05,61125.67578125,45.508636474609375,137.16392517089844,169.83999633789062,23.874448776245117,143.89039611816406,387.6914978027344,16.479999542236328,1.4529999494552612,0.03999999910593033,68.17984008789062,113.0245361328125
2021-11-06,61527.48046875,45.508636474609375,137.16392517089844,169.83999633789062,23.874448776245117,143.89039611816406,387.6914978027344,16.479999542236328,1.4529999494552612,0.03999999910593033,68.17984008789062,113.0245361328125
2021-11-07,63326.98828125,45.508636474609375,137.16392517089844,169.83999633789062,23.874448776245117,143.89039611816406,387.6914978027344,16.479999542236328,1.4529999494552612,0.03999999910593033,68.17984008789062,113.0245361328125
2021-11-08,67566.828125,45.92868423461914,137.3344268798828,170.4499969482422,25.328603744506836,146.4810028076172,387.1662902832031,17.219999313354492,1.496999979019165,0.03500000014901161,68.09413146972656,112.76470184326172
2021-11-09,66971.828125,45.749942779541016,137.4386444091797,171.2899932861328,25.36968231201172,146.67506408691406,384.50128173828125,17.780000686645508,1.4320000410079956,0.03999999910593033,68.14864349365234,113.06643676757812
2021-11-10,64995.23046875,45.562255859375,136.1124725341797,173.14999389648438,23.964818954467773,142.04690551757812,378.8502502441406,18.729999542236328,1.559999942779541,0.04500000178813934,67.76683044433594,111.90962982177734
2021-11-11,64949.9609375,46.34873962402344,136.32081604003906,174.1199951171875,24.811023712158203,144.6035614013672,379.9007263183594,17.65999984741211,1.559999942779541,0.03999999910593033,67.6500015258789,111.5910873413086
2021-11-12,64155.94140625,46.47385787963867,137.77017211914062,174.4499969482422,24.761728286743164,146.07350158691406,383.89825439453125,16.290000915527344,1.5820000171661377,0.0430000014603138,67.67333221435547,111.47372436523438
2021-11-13,64469.52734375,46.47385787963867,137.77017211914062,174.4499969482422,24.761728286743164,146.07350158691406,383.89825439453125,16.290000915527344,1.5820000171661377,0.0430000014603138,67.67333221435547,111.47372436523438
2021-11-14,65466.83984375,46.47385787963867,137.77017211914062,174.4499969482422,24.761728286743164,146.07350158691406,383.89825439453125,16.290000915527344,1.5820000171661377,0.0430000014603138,67.67333221435547,111.47372436523438
2021-11-15,63557.87109375,46.321922302246094,137.82701110839844,174.17999267578125,24.23593521118164,145.87945556640625,383.8106994628906,16.489999771118164,1.6230000257492065,0.03799999877810478,67.59542846679688,110.62710571289062
2021-11-16,60161.24609375,46.38448715209961,138.38589477539062,172.9199981689453,23.33222198486328,147.77145385742188,386.5437927246094,16.3700008392334,1.6339999437332153,0.03999999910593033,67.62659454345703,110.44266510009766
2021-11-17,60368.01171875,46.14318084716797,137.27761840820312,174.5,23.15969467163086,146.8933868408203,386.748046875,17.110000610351562,1.6039999723434448,0.04500000178813934,67.55648803710938,110.88692474365234
2021-11-18,56942.13671875,45.58013153076172,137.44813537597656,173.94000244140625,23.46367073059082,150.5076141357422,390.75537109375,17.59000015258789,1.5889999866485596,0.04500000178813934,67.50190734863281,111.1384048461914
2021-11-19,58119.578125,45.508636474609375,137.76068115234375,172.61000061035156,22.379215240478516,151.45849609375,392.9339599609375,17.90999984741211,1.5360000133514404,0.04500000178813934,67.44738006591797,111.55754852294922
2021-11-20,59697.1953125,45.508636474609375,137.76068115234375,172.61000061035156,22.379215240478516,151.45849609375,392.9339599609375,17.90999984741211,1.5360000133514404,0.04500000178813934,67.44738006591797,111.55754852294922
2021-11-21,58730.4765625,45.508636474609375,137.76068115234375,172.61000061035156,22.379215240478516,151.45849609375,392.9339599609375,17.90999984741211,1.5360000133514404,0.04500000178813934,67.44738006591797,111.55754852294922
2021-11-22,56289.2890625,45.14220428466797,136.70925903320312,168.74000549316406,21.459070205688477,149.1735076904297,388.3723449707031,19.170000076293945,1.625,0.03999999910593033,67.19026184082031,110.58514404296875
2021-11-23,57569.07421875,45.09751892089844,136.9081573486328,167.27999877929688,22.469587326049805,148.09165954589844,386.6021728515625,19.3799991607666,1.6670000553131104,0.04500000178813934,67.09675598144531,109.79717254638672
2021-11-24,56280.42578125,45.03495788574219,137.4386444091797,167.1199951171875,22.379215240478516,149.58587646484375,387.8471374511719,18.579999923706055,1.6449999809265137,0.05000000074505806,67.08116912841797,110.32527923583984
2021-11-25,57274.6796875,45.03495788574219,137.4386444091797,167.1199951171875,22.379215240478516,149.58587646484375,387.8471374511719,18.579999923706055,1.6449999809265137,0.05000000074505806,67.08116912841797,110.32527923583984
2021-11-26,53569.765625,43.52455139160156,134.57789611816406,166.85000610351562,21.27832794189453,145.248779296875,380.4941101074219,28.6200008392334,1.4819999933242798,0.0430000014603138,66.59806060791016,111.22220611572266
2021-11-27,54815.078125,43.52455139160156,134.57789611816406,166.85000610351562,21.27832794189453,145.248779296875,380.4941101074219,28.6200008392334,1.4819999933242798,0.0430000014603138,66.59806060791016,111.22220611572266
2021-11-28,57248.45703125,43.52455139160156,134.57789611816406,166.85000610351562,21.27832794189453,145.248779296875,380.4941101074219,28.6200008392334,1.4819999933242798,0.0430000014603138,66.59806060791016,111.22220611572266
2021-11-29,57806.56640625,43.69436264038086,136.25453186035156,166.6199951171875,21.68910789489746,151.08006286621094,388.7516784667969,22.959999084472656,1.5299999713897705,0.03799999877810478,67.01103973388672,111.29768371582031
2021-11-30,57005.42578125,43.64967727661133,133.59274291992188,165.5,20.571788787841797,147.91702270507812,383.0423583984375,27.190000534057617,1.4429999589920044,0.04800000041723251,66.73054504394531,111.54080200195312
2021-12-01,57229.828125,43.810550689697266,131.72662353515625,166.16000366210938,20.00491714477539,147.39308166503906,376.5257873535156,31.1200008392334,1.434000015258789,0.05000000074505806,66.73992156982422,111.5567398071289
2021-12-02,56477.81640625,44.34678268432617,133.5453643798828,165.24000549316406,20.621082305908203,147.7763214111328,379.23931884765625,27.950000762939453,1.4479999542236328,0.0430000014603138,67.23242950439453,111.81705474853516
2021-12-03,53598.24609375,43.7211799621582,132.32342529296875,166.6300048828125,19.709152221679688,146.09774780273438,372.64483642578125,30.670000076293945,1.343000054359436,0.0430000014603138,67.23242950439453,112.74923706054688
2021-12-04,49200.703125,43.7211799621582,132.32342529296875,166.6300048828125,19.709152221679688,146.09774780273438,372.64483642578125,30.670000076293945,1.343000054359436,0.0430000014603138,67.23242950439453,112.74923706054688
2021-12-05,49368.84765625,43.7211799621582,132.32342529296875,166.6300048828125,19.709152221679688,146.09774780273438,372.64483642578125,30.670000076293945,1.343000054359436,0.0430000014603138,67.23242950439453,112.74923706054688
2021-12-06,50582.625,44.060791015625,133.3369903564453,166.22000122070312,19.544845581054688,145.53985595703125,375.6308898925781,27.18000030517578,1.434000015258789,0.0430000014603138,67.52947998046875,112.17818450927734
2021-12-07,50700.0859375,44.75790786743164,136.48190307617188,166.80999755859375,21.007213592529297,152.59854125976562,386.9424743652344,21.889999389648438,1.4800000190734863,0.057999998331069946,67.88910675048828,112.22858428955078
2021-12-08,50504.796875,44.9366455078125,136.65237426757812,166.89999389648438,20.933271408081055,151.93875122070312,388.673828125,19.899999618530273,1.5089999437332153,0.05999999865889549,67.87348175048828,111.48111724853516
2021-12-09,47672.12109375,44.72214889526367,135.5441131591797,165.8800048828125,20.300674438476562,148.26144409179688,382.9548645019531,21.579999923706055,1.4869999885559082,0.05299999937415123,67.5685806274414,111.3887710571289
2021-12-10,47243.3046875,44.75790786743164,136.64291381835938,166.5800018310547,19.865249633789062,149.20260620117188,387.11767578125,18.690000534057617,1.4889999628067017,0.05000000074505806,67.72493743896484,111.51473999023438
2021-12-11,49362.5078125,44.75790786743164,136.64291381835938,166.5800018310547,19.865249633789062,149.20260620117188,387.11767578125,18.690000534057617,1.4889999628067017,0.05000000074505806,67.72493743896484,111.51473999023438
2021-12-12,50098.3359375,44.75790786743164,136.64291381835938,166.5800018310547,19.865249633789062,149.20260620117188,387.11767578125,18.690000534057617,1.4889999628067017,0.05000000074505806,67.72493743896484,111.51473999023438
2021-12-13,46737.48046875,44.04808807373047,135.63316345214844,167.0,19.25729751586914,145.33123779296875,381.5250244140625,20.309999465942383,1.4240000247955322,0.0430000014603138,67.72493743896484,112.01863861083984
2021-12-14,46612.6328125,43.94837188720703,134.53123474121094,165.44000244140625,18.912240982055664,144.4919891357422,377.5760803222656,21.889999389648438,1.437999963760376,0.04800000041723251,67.60767364501953,111.51473999023438
2021-12-15,48896.72265625,43.82146072387695,137.22906494140625,166.14999389648438,19.963834762573242,150.46881103515625,386.18389892578125,19.290000915527344,1.4630000591278076,0.04500000178813934,67.86567687988281,111.65752410888672
2021-12-16,47665.42578125,43.875858306884766,135.50961303710938,168.16000366210938,19.59413719177246,143.92921447753906,376.2533874511719,20.56999969482422,1.4220000505447388,0.03500000014901161,67.8154525756836,111.65416717529297
2021-12-17,46202.14453125,43.65828323364258,133.96124267578125,167.8000030517578,19.273727416992188,143.2548828125,374.3761291503906,21.56999969482422,1.4019999504089355,0.029999999329447746,67.75271606445312,111.91494750976562
2021-12-18,46848.77734375,43.65828323364258,133.96124267578125,167.8000030517578,19.273727416992188,143.2548828125,374.3761291503906,21.56999969482422,1.4019999504089355,0.029999999329447746,67.75271606445312,111.91494750976562
2021-12-19,46707.015625,43.65828323364258,133.96124267578125,167.8000030517578,19.273727416992188,143.2548828125,374.3761291503906,21.56999969482422,1.4019999504089355,0.029999999329447746,67.75271606445312,111.91494750976562
2021-12-20,46880.27734375,43.005584716796875,132.13734436035156,167.08999633789062,18.895811080932617,142.17848205566406,370.7445068359375,22.8700008392334,1.4190000295639038,0.03799999877810478,67.6350326538086,111.42694854736328
2021-12-21,48936.61328125,43.73080825805664,134.6261749267578,167.02000427246094,20.054208755493164,147.31427001953125,379.0419921875,21.010000228881836,1.4869999885559082,0.06499999761581421,67.99589538574219,111.6457290649414
2021-12-22,48628.51171875,43.939308166503906,135.75660705566406,168.58999633789062,19.824169158935547,149.0652313232422,383.6580810546875,18.6299991607666,1.4570000171661377,0.06499999761581421,68.17630004882812,111.82242584228516
2021-12-23,50784.5390625,44.16594314575195,136.67807006835938,168.97000122070312,20.136363983154297,150.34796142578125,386.5505676269531,17.959999084472656,1.4930000305175781,0.057999998331069946,68.37240600585938,111.65416717529297
2021-12-24,50822.1953125,44.16594314575195,136.67807006835938,168.97000122070312,20.136363983154297,150.34796142578125,386.5505676269531,17.959999084472656,1.4930000305175781,0.057999998331069946,68.37240600585938,111.65416717529297
2021-12-25,50429.859375,44.16594314575195,136.67807006835938,168.97000122070312,20.136363983154297,150.34796142578125,386.5505676269531,17.959999084472656,1.4930000305175781,0.057999998331069946,68.37240600585938,111.65416717529297
2021-12-26,50809.515625,44.16594314575195,136.67807006835938,168.97000122070312,20.136363983154297,150.34796142578125,386.5505676269531,17.959999084472656,1.4930000305175781,0.057999998331069946,68.37240600585938,111.65416717529297
2021-12-27,50640.41796875,44.36537551879883,138.95791625976562,169.3699951171875,20.941490173339844,154.3961181640625,392.939208984375,17.68000030517578,1.4809999465942383,0.0430000014603138,68.4430160522461,111.98229217529297
2021-12-28,47588.85546875,44.220333099365234,138.60647583007812,168.63999938964844,20.111717224121094,152.87440490722656,391.1180419921875,17.540000915527344,1.4809999465942383,0.05000000074505806,68.41165161132812,111.83922576904297
2021-12-29,46444.7109375,44.02090072631836,138.9769744873047,168.58999633789062,19.832387924194336,152.8500213623047,391.0596008300781,16.950000762939453,1.5429999828338623,0.04500000178813934,68.30183410644531,111.22502136230469
2021-12-30,47178.125,44.52519607543945,138.60647583007812,169.8000030517578,19.510114669799805,151.11370849609375,389.8909606933594,17.329999923706055,1.5149999856948853,0.02500000037252903,68.27042388916016,111.67097473144531
2021-12-31,46306.4453125,44.30751037597656,138.27398681640625,170.9600067138672,19.822830200195312,150.60646057128906,387.45623779296875,17.219999313354492,1.5119999647140503,0.032999999821186066,68.2547607421875,111.50272369384766
2022-01-01,47686.8125,44.30751037597656,138.27398681640625,170.9600067138672,19.822830200195312,150.60646057128906,387.45623779296875,17.219999313354492,1.5119999647140503,0.032999999821186066,68.2547607421875,111.50272369384766
2022-01-02,47345.21875,44.30751037597656,138.27398681640625,170.9600067138672,19.822830200195312,150.60646057128906,387.45623779296875,17.219999313354492,1.5119999647140503,0.032999999821186066,68.2547607421875,111.50272369384766
2022-01-03,46458.1171875,44.62496566772461,137.90353393554688,168.3300018310547,20.99552345275879,153.9279022216797,391.1861877441406,16.600000381469727,1.628000020980835,0.05299999937415123,68.22335815429688,110.31631469726562
2022-01-04,45897.57421875,44.47077178955078,137.7420196533203,169.57000732421875,21.36904525756836,153.1280059814453,386.1123046875,16.90999984741211,1.6679999828338623,0.07999999821186066,68.05078125,110.40887451171875
2022-01-05,43569.00390625,43.74516677856445,134.4267120361328,169.05999755859375,21.499345779418945,147.8751678466797,374.2505798339844,19.729999542236328,1.7050000429153442,0.08500000089406967,67.52523803710938,109.76097869873047
2022-01-06,43160.9296875,43.944705963134766,134.55023193359375,166.99000549316406,20.317970275878906,149.34323120117188,373.9875183105469,19.610000610351562,1.7330000400543213,0.09000000357627869,67.5330581665039,109.61792755126953
2022-01-07,41557.90234375,44.343788146972656,133.2867431640625,167.75,21.030269622802734,144.80245971679688,369.9362487792969,18.760000228881836,1.7710000276565552,0.08799999952316284,67.36048889160156,109.14674377441406
2022-01-08,41733.94140625,44.343788146972656,133.2867431640625,167.75,21.030269622802734,144.80245971679688,369.9362487792969,18.760000228881836,1.7710000276565552,0.08799999952316284,67.36048889160156,109.14674377441406
2022-01-09,41911.6015625,44.343788146972656,133.2867431640625,167.75,21.030269622802734,144.80245971679688,369.9362487792969,18.760000228881836,1.7710000276565552,0.08799999952316284,67.36048889160156,109.14674377441406
2022-01-10,41821.26171875,44.343788146972656,132.6883087158203,168.25999450683594,20.656747817993164,144.98779296875,370.1797790527344,19.399999618530273,1.7799999713897705,0.09000000357627869,67.4154052734375,109.04583740234375
2022-01-11,42735.85546875,45.368717193603516,133.92323303222656,170.2899932861328,20.917346954345703,147.9141845703125,375.74053955078125,18.40999984741211,1.746000051498413,0.11800000071525574,67.72919464111328,109.37396240234375
2022-01-12,43949.1015625,46.12153244018555,134.11325073242188,170.74000549316406,21.004209518432617,149.17738342285156,377.2306213378906,17.6200008392334,1.725000023841858,0.11500000208616257,67.83900451660156,109.29821014404297
2022-01-13,42591.5703125,45.46848678588867,132.19435119628906,170.16000366210938,20.152923583984375,146.5826873779297,367.7937316894531,20.309999465942383,1.7109999656677246,0.10999999940395355,67.59581756591797,109.64320373535156
2022-01-14,43099.69921875,45.45035171508789,131.95684814453125,169.6699981689453,20.01393699645996,149.6895294189453,370.0823669433594,19.190000534057617,1.7719999551773071,0.11800000071525574,67.5330581665039,108.67559051513672
2022-01-15,43177.3984375,45.45035171508789,131.95684814453125,169.6699981689453,20.01393699645996,149.6895294189453,370.0823669433594,19.190000534057617,1.7719999551773071,0.11800000071525574,67.5330581665039,108.67559051513672
2022-01-16,43113.87890625,45.45035171508789,131.95684814453125,169.6699981689453,20.01393699645996,149.6895294189453,370.0823669433594,19.190000534057617,1.7719999551773071,0.11800000071525574,67.5330581665039,108.67559051513672
2022-01-17,42250.55078125,45.45035171508789,131.95684814453125,169.6699981689453,20.01393699645996,149.6895294189453,370.0823669433594,19.190000534057617,1.7719999551773071,0.11800000071525574,67.5330581665039,108.67559051513672
2022-01-18,42375.6328125,44.643104553222656,129.60098266601562,169.38999938964844,19.13658905029297,142.99298095703125,360.8695373535156,22.790000915527344,1.8650000095367432,0.12999999523162842,67.20361328125,107.64066314697266
2022-01-19,41744.328125,44.83357620239258,128.41355895996094,172.0800018310547,19.59697914123535,139.0423583984375,356.90576171875,23.850000381469727,1.8270000219345093,0.16500000655651093,67.14082336425781,107.80894470214844
2022-01-20,40680.41796875,45.096614837646484,126.74165344238281,171.64999389648438,19.223453521728516,134.7844696044922,352.27008056640625,25.59000015258789,1.8329999446868896,0.1679999977350235,67.01531219482422,107.75003051757812
2022-01-21,36457.31640625,44.44356918334961,124.65174865722656,171.08999633789062,18.02470588684082,132.54090881347656,342.5022277832031,28.850000381469727,1.746999979019165,0.15800000727176666,67.02316284179688,108.45682525634766
2022-01-22,35030.25,44.44356918334961,124.65174865722656,171.08999633789062,18.02470588684082,132.54090881347656,342.5022277832031,28.850000381469727,1.746999979019165,0.15800000727176666,67.02316284179688,108.45682525634766
2022-01-23,36276.8046875,44.44356918334961,124.65174865722656,171.08999633789062,18.02470588684082,132.54090881347656,342.5022277832031,28.850000381469727,1.746999979019165,0.15800000727176666,67.02316284179688,108.45682525634766
2022-01-24,36654.328125,43.81773376464844,125.48772430419922,172.02999877929688,18.04207992553711,134.2382049560547,344.0700988769531,29.899999618530273,1.7350000143051147,0.1550000011920929,66.95256042480469,108.12024688720703
2022-01-25,36954.00390625,43.73609161376953,123.68283081054688,172.5800018310547,18.076826095581055,128.9219207763672,336.09405517578125,31.15999984741211,1.7829999923706055,0.1850000023841858,66.75646209716797,107.81734466552734
2022-01-26,36852.12109375,43.18281936645508,123.38835144042969,169.7899932861328,17.34714698791504,130.78018188476562,335.56817626953125,31.959999084472656,1.8480000495910645,0.17800000309944153,66.52894592285156,107.08534240722656
2022-01-27,37138.234375,42.683963775634766,122.84689331054688,167.60000610351562,16.7043399810791,125.1956787109375,332.1888122558594,30.489999771118164,1.8070000410079956,0.1850000023841858,66.23870849609375,107.32933044433594
2022-01-28,37784.33203125,42.892578125,126.16218566894531,167.10000610351562,17.34714698791504,127.63433837890625,342.609375,27.65999984741211,1.781999945640564,0.17299999296665192,66.42698669433594,107.44713592529297
2022-01-29,38138.1796875,42.892578125,126.16218566894531,167.10000610351562,17.34714698791504,127.63433837890625,342.609375,27.65999984741211,1.781999945640564,0.17299999296665192,66.42698669433594,107.44713592529297
2022-01-30,37917.6015625,42.892578125,126.16218566894531,167.10000610351562,17.34714698791504,127.63433837890625,342.609375,27.65999984741211,1.781999945640564,0.17299999296665192,66.42698669433594,107.44713592529297
2022-01-31,38483.125,44.29844284057617,128.66053771972656,168.08999633789062,17.94652557373047,134.32113647460938,353.5653991699219,24.829999923706055,1.781999945640564,0.17299999296665192,66.44268035888672,107.49761962890625
2022-02-01,38743.2734375,44.57054138183594,129.39199829101562,168.22999572753906,18.441659927368164,134.89662170410156,355.9709167480469,21.959999084472656,1.7999999523162842,0.2029999941587448,66.70640563964844,107.67632293701172
2022-02-02,36952.984375,44.49798583984375,131.15887451171875,168.83999633789062,18.146318435668945,138.34002685546875,358.8632507324219,22.09000015258789,1.7660000324249268,0.1850000023841858,66.80876922607422,107.68477630615234
2022-02-03,37154.6015625,44.02634048461914,127.1501235961914,168.60000610351562,17.3037166595459,132.20436096191406,344.3135986328125,24.350000381469727,1.8270000219345093,0.19300000369548798,66.21043395996094,106.81646728515625
2022-02-04,41500.875,44.13517379760742,126.71314239501953,168.86000061035156,17.816226959228516,132.92132568359375,348.6571044921875,23.219999313354492,1.9299999475479126,0.22300000488758087,65.95061492919922,105.7542953491211
2022-02-05,41441.1640625,44.13517379760742,126.71314239501953,168.86000061035156,17.816226959228516,132.92132568359375,348.6571044921875,23.219999313354492,1.9299999475479126,0.22300000488758087,65.95061492919922,105.7542953491211
2022-02-06,42412.43359375,44.13517379760742,126.71314239501953,168.86000061035156,17.816226959228516,132.92132568359375,348.6571044921875,23.219999313354492,1.9299999475479126,0.22300000488758087,65.95061492919922,105.7542953491211
2022-02-07,43840.28515625,44.04448318481445,126.19068145751953,170.11000061035156,18.224496841430664,133.13104248046875,345.8523864746094,22.860000610351562,1.9160000085830688,0.2029999941587448,65.90338897705078,105.94818115234375
2022-02-08,44118.4453125,44.47077178955078,126.74165344238281,170.6300048828125,18.285301208496094,135.8574676513672,349.73809814453125,21.440000534057617,1.9539999961853027,0.2750000059604645,65.83253479003906,105.552001953125
2022-02-09,44338.796875,45.16917419433594,129.1735076904297,171.2100067138672,19.59697914123535,140.5884552001953,357.1493225097656,19.959999084472656,1.9290000200271606,0.27000001072883606,66.17893981933594,105.9060287475586
2022-02-10,43565.11328125,44.869869232177734,126.34266662597656,170.55999755859375,19.197397232055664,136.37933349609375,349.06610107421875,23.90999984741211,2.0309998989105225,0.3700000047683716,65.3050537109375,104.46451568603516
2022-02-11,42407.9375,44.18960189819336,123.72084045410156,173.80999755859375,18.97154426574707,129.3706512451172,337.99310302734375,27.360000610351562,1.9550000429153442,0.33799999952316284,65.07675170898438,105.24008178710938
2022-02-12,42244.46875,44.18960189819336,123.72084045410156,173.80999755859375,18.97154426574707,129.3706512451172,337.99310302734375,27.360000610351562,1.9550000429153442,0.33799999952316284,65.07675170898438,105.24008178710938
2022-02-13,42197.515625,44.18960189819336,123.72084045410156,173.80999755859375,18.97154426574707,129.3706512451172,337.99310302734375,27.360000610351562,1.9550000429153442,0.33799999952316284,65.07675170898438,105.24008178710938
2022-02-14,42586.91796875,43.88121795654297,123.04637145996094,174.74000549316406,18.528526306152344,129.28286743164062,338.4119567871094,28.329999923706055,1.996000051498413,0.36000001430511475,64.96650695800781,104.30433654785156
2022-02-15,44575.203125,44.83357620239258,125.24073791503906,173.0800018310547,18.91073989868164,136.31594848632812,346.82611083984375,25.700000762939453,2.0450000762939453,0.4000000059604645,65.07675170898438,103.78166198730469
2022-02-16,43961.859375,45.16010665893555,125.48772430419922,174.86000061035156,18.780439376831055,136.2866668701172,346.7386169433594,24.290000915527344,2.046999931335449,0.37299999594688416,65.43889617919922,103.93344116210938
2022-02-17,40538.01171875,44.634037017822266,122.70439147949219,177.25,18.40691566467285,130.8240966796875,336.4252624511719,28.110000610351562,1.972000002861023,0.3449999988079071,65.16333770751953,104.00928497314453
2022-02-18,40030.9765625,44.18960189819336,121.93495178222656,177.1199951171875,18.10288429260254,129.3706512451172,332.5881042480469,27.75,1.9320000410079956,0.3179999887943268,65.2578353881836,104.26219177246094
2022-02-19,40122.15625,44.18960189819336,121.93495178222656,177.1199951171875,18.10288429260254,129.3706512451172,332.5881042480469,27.75,1.9320000410079956,0.3179999887943268,65.2578353881836,104.26219177246094
2022-02-20,38431.37890625,44.18960189819336,121.93495178222656,177.1199951171875,18.10288429260254,129.3706512451172,332.5881042480469,27.75,1.9320000410079956,0.3179999887943268,65.2578353881836,104.26219177246094
2022-02-21,37075.28125,44.18960189819336,121.93495178222656,177.1199951171875,18.10288429260254,129.3706512451172,332.5881042480469,27.75,1.9320000410079956,0.3179999887943268,65.2578353881836,104.26219177246094
2022-02-22,38286.02734375,43.56376647949219,120.35803985595703,177.49000549316406,18.1636905670166,128.4829864501953,329.24774169921875,28.809999465942383,1.9479999542236328,0.33000001311302185,65.10823822021484,104.12731170654297
2022-02-23,37296.5703125,43.05583953857422,118.40113830566406,178.2899932861328,18.267929077148438,125.79071044921875,320.81396484375,31.020000457763672,1.9769999980926514,0.3400000035762787,64.9901351928711,103.18315124511719
2022-02-24,38332.609375,42.16696548461914,120.64300537109375,177.13999938964844,18.962858200073242,130.10711669921875,331.5947570800781,30.31999969482422,1.968999981880188,0.28299999237060547,65.45464324951172,103.67208862304688
2022-02-25,39214.21875,42.946990966796875,123.61637878417969,176.5500030517578,19.727275848388672,131.92147827148438,336.7368469238281,27.59000015258789,1.9859999418258667,0.2980000078678131,65.82464599609375,104.09359741210938
2022-02-26,39105.1484375,42.946990966796875,123.61637878417969,176.5500030517578,19.727275848388672,131.92147827148438,336.7368469238281,27.59000015258789,1.9859999418258667,0.2980000078678131,65.82464599609375,104.09359741210938
2022-02-27,37709.78515625,42.946990966796875,123.61637878417969,176.5500030517578,19.727275848388672,131.92147827148438,336.7368469238281,27.59000015258789,1.9859999418258667,0.2980000078678131,65.82464599609375,104.09359741210938
2022-02-28,43193.234375,42.3846435546875,123.37885284423828,178.3800048828125,20.943405151367188,130.78504943847656,337.73992919921875,30.149999618530273,1.8389999866485596,0.2879999876022339,65.87190246582031,105.20634460449219
2022-03-01,44354.63671875,41.82229232788086,121.74494934082031,181.6199951171875,20.908658981323242,126.65886688232422,332.5686950683594,33.31999969482422,1.7070000171661377,0.31299999356269836,65.68778991699219,105.56620788574219
2022-03-02,43924.1171875,41.89485549926758,124.05332946777344,179.72999572753906,21.438541412353516,130.80458068847656,338.14892578125,30.739999771118164,1.8650000095367432,0.32499998807907104,65.84581756591797,103.9612045288086
2022-03-03,42451.7890625,41.305301666259766,123.54984283447266,180.8000030517578,21.047643661499023,127.9854965209961,333.31854248046875,30.479999542236328,1.843999981880188,0.33500000834465027,65.64827728271484,104.34133911132812
2022-03-04,39137.60546875,40.47085189819336,122.40990447998047,183.67999267578125,20.213729858398438,124.54212188720703,328.4880676269531,31.979999542236328,1.7239999771118164,0.3050000071525574,65.22157287597656,104.44271850585938
2022-03-05,39400.5859375,40.47085189819336,122.40990447998047,183.67999267578125,20.213729858398438,124.54212188720703,328.4880676269531,31.979999542236328,1.7239999771118164,0.3050000071525574,65.22157287597656,104.44271850585938
2022-03-06,38419.984375,40.47085189819336,122.40990447998047,183.67999267578125,20.213729858398438,124.54212188720703,328.4880676269531,31.979999542236328,1.7239999771118164,0.3050000071525574,65.22157287597656,104.44271850585938
2022-03-07,38062.0390625,38.95614242553711,118.79060363769531,186.41000366210938,20.639375686645508,118.34305572509766,316.37310791015625,36.45000076293945,1.7510000467300415,0.3050000071525574,64.65264892578125,103.17562866210938
2022-03-08,38737.26953125,39.0831298828125,117.91666412353516,191.50999450683594,21.421165466308594,120.12814331054688,314.9026184082031,35.130001068115234,1.871999979019165,0.36000001430511475,64.42349243164062,102.5589599609375
2022-03-09,41982.92578125,40.18967819213867,121.07049560546875,185.82000732421875,22.619916915893555,125.34686279296875,326.23846435546875,32.45000076293945,1.9479999542236328,0.3700000047683716,64.9608154296875,102.73636627197266
2022-03-10,39437.4609375,39.436859130859375,120.28204345703125,186.39999389648438,22.923948287963867,122.63509368896484,322.61566162109375,30.229999542236328,2.010999917984009,0.36000001430511475,64.41558837890625,101.56217193603516
2022-03-11,38794.97265625,38.61147689819336,118.5246353149414,185.08999633789062,22.2724552154541,119.87940216064453,315.92510986328125,30.75,2.003999948501587,0.36500000953674316,63.94939041137695,101.51992797851562
2022-03-12,38904.01171875,38.61147689819336,118.5246353149414,185.08999633789062,22.2724552154541,119.87940216064453,315.92510986328125,30.75,2.003999948501587,0.36500000953674316,63.94939041137695,101.51992797851562
2022-03-13,37849.6640625,38.61147689819336,118.5246353149414,185.08999633789062,22.2724552154541,119.87940216064453,315.92510986328125,30.75,2.003999948501587,0.36500000953674316,63.94939041137695,101.51992797851562
2022-03-14,39666.75390625,37.67726135253906,117.3656997680664,182.3000030517578,20.795732498168945,116.41651916503906,309.8578796386719,31.770000457763672,2.140000104904175,0.3779999911785126,63.19081497192383,100.05009460449219
2022-03-15,39338.78515625,37.7316780090332,119.90204620361328,178.88999938964844,20.561193466186523,121.2938232421875,319.5771179199219,29.829999923706055,2.1600000858306885,0.4480000138282776,63.6649169921875,100.83570861816406
2022-03-16,41143.9296875,40.770164489746094,122.49537658691406,180.00999450683594,20.804420471191406,127.71723175048828,331.42919921875,26.670000076293945,2.187999963760376,0.43299999833106995,64.55782318115234,101.69730377197266
2022-03-17,40951.37890625,40.56155776977539,124.19580841064453,180.88999938964844,22.24639320373535,128.51712036132812,335.44171142578125,25.670000076293945,2.191999912261963,0.36000001430511475,65.00033569335938,102.6941146850586
2022-03-18,41801.15625,41.14204025268555,126.06722259521484,179.3000030517578,22.281143188476562,131.2923126220703,342.3074645996094,23.8700008392334,2.1480000019073486,0.382999986410141,65.21367645263672,102.89681243896484
2022-03-19,42190.65234375,41.14204025268555,126.06722259521484,179.3000030517578,22.281143188476562,131.2923126220703,342.3074645996094,23.8700008392334,2.1480000019073486,0.382999986410141,65.21367645263672,102.89681243896484
2022-03-20,41247.82421875,41.14204025268555,126.06722259521484,179.3000030517578,22.281143188476562,131.2923126220703,342.3074645996094,23.8700008392334,2.1480000019073486,0.382999986410141,65.21367645263672,102.89681243896484
2022-03-21,41077.99609375,40.50713348388672,125.79169464111328,180.6699981689453,23.010814666748047,130.9850311279297,341.3557434082031,23.530000686645508,2.315000057220459,0.45500001311302185,64.4630126953125,101.46926879882812
2022-03-22,42358.80859375,41.241817474365234,127.06464385986328,179.36000061035156,23.25404167175293,131.88734436035156,348.0643310546875,22.940000534057617,2.372999906539917,0.5199999809265137,64.79488372802734,101.22427368164062
2022-03-23,42892.95703125,40.96970748901367,125.2502670288086,181.80999755859375,22.915264129638672,128.59027099609375,343.06219482421875,23.56999969482422,2.321000099182129,0.47999998927116394,64.58942413330078,101.51148986816406
2022-03-24,43960.93359375,41.18739318847656,127.24331665039062,183.1300048828125,23.210607528686523,134.84786987304688,350.6872863769531,21.670000076293945,2.3410000801086426,0.4830000102519989,64.72377014160156,101.5537109375
2022-03-25,44348.73046875,40.86086654663086,127.64344787597656,182.3800048828125,22.802337646484375,134.28697204589844,350.39471435546875,20.809999465942383,2.492000102996826,0.5199999809265137,64.25755310058594,100.75121307373047
2022-03-26,44500.828125,40.86086654663086,127.64344787597656,182.3800048828125,22.802337646484375,134.28697204589844,350.39471435546875,20.809999465942383,2.492000102996826,0.5199999809265137,64.25755310058594,100.75121307373047
2022-03-27,46820.4921875,40.86086654663086,127.64344787597656,182.3800048828125,22.802337646484375,134.28697204589844,350.39471435546875,20.809999465942383,2.492000102996826,0.5199999809265137,64.25755310058594,100.75121307373047
2022-03-28,47128.00390625,40.996917724609375,128.5485076904297,179.05999755859375,22.168216705322266,135.262451171875,355.816162109375,19.6299991607666,2.4769999980926514,0.5080000162124634,64.66055297851562,101.30875396728516
2022-03-29,47465.73046875,41.69532012939453,130.8921661376953,179.13999938964844,22.229021072387695,138.32052612304688,361.939697265625,18.899999618530273,2.4000000953674316,0.5550000071525574,65.45863342285156,102.16191864013672
2022-03-30,47062.6640625,41.5774040222168,129.98707580566406,180.5800018310547,22.315887451171875,134.30648803710938,357.9418029785156,19.329999923706055,2.3580000400543213,0.5249999761581421,65.26105499267578,102.39847564697266
2022-03-31,45538.67578125,40.95157241821289,128.2626953125,180.64999389648438,22.724157333374023,131.58494567871094,353.5052795410156,20.559999465942383,2.3269999027252197,0.49300000071525574,65.02404022216797,102.16191864013672
2022-04-01,46281.64453125,41.63182830810547,128.43417358398438,179.5,22.64597511291504,129.4535675048828,352.8323669433594,19.6299991607666,2.377000093460083,0.5,65.01927185058594,102.5047607421875
2022-04-02,45868.94921875,41.63182830810547,128.43417358398438,179.5,22.64597511291504,129.4535675048828,352.8323669433594,19.6299991607666,2.377000093460083,0.5,65.01927185058594,102.5047607421875
2022-04-03,46453.56640625,41.63182830810547,128.43417358398438,179.5,22.64597511291504,129.4535675048828,352.8323669433594,19.6299991607666,2.377000093460083,0.5,65.01927185058594,102.5047607421875
2022-04-04,46622.67578125,42.36650466918945,129.5488739013672,180.3699951171875,22.44618797302246,131.58982849121094,360.09674072265625,18.56999969482422,2.4119999408721924,0.5379999876022339,65.51117706298828,102.86029052734375
2022-04-05,45555.9921875,41.58647537231445,127.83396911621094,179.24000549316406,22.30720329284668,125.91264343261719,352.1011047363281,21.030000686645508,2.555999994277954,0.6679999828338623,64.6622314453125,101.0572280883789
2022-04-06,43206.73828125,41.04227066040039,126.65261840820312,179.66000366210938,22.36800765991211,123.30815887451172,344.45648193359375,22.100000381469727,2.6089999675750732,0.6629999876022339,64.15447998046875,100.46464538574219
2022-04-07,43503.84765625,40.71574020385742,127.2813949584961,180.33999633789062,23.679685592651367,123.3276596069336,345.27557373046875,21.549999237060547,2.6519999504089355,0.6600000262260437,64.05133819580078,99.99905395507812
2022-04-08,42287.6640625,40.75202560424805,126.7574234008789,181.47000122070312,23.888160705566406,120.39640045166016,340.4488220214844,21.15999984741211,2.7130000591278076,0.6679999828338623,63.66255187988281,99.21180725097656
2022-04-09,42782.13671875,40.75202560424805,126.7574234008789,181.47000122070312,23.888160705566406,120.39640045166016,340.4488220214844,21.15999984741211,2.7130000591278076,0.6679999828338623,63.66255187988281,99.21180725097656
2022-04-10,42207.671875,40.75202560424805,126.7574234008789,181.47000122070312,23.888160705566406,120.39640045166016,340.4488220214844,21.15999984741211,2.7130000591278076,0.6679999828338623,63.66255187988281,99.21180725097656
2022-04-11,39521.90234375,40.24409866333008,124.59477996826172,182.3699951171875,23.705745697021484,117.68949890136719,332.3948059082031,24.3700008392334,2.7799999713897705,0.6800000071525574,63.22618865966797,98.24678802490234
2022-04-12,40127.18359375,40.11711883544922,124.06126403808594,183.77000427246094,23.79261016845703,117.0554428100586,330.99066162109375,24.260000228881836,2.7249999046325684,0.7379999756813049,63.71018981933594,98.31450653076172
2022-04-13,41166.73046875,40.6431884765625,125.4903335571289,184.64999389648438,24.61783790588379,119.83549499511719,337.71868896484375,21.81999969482422,2.687000036239624,0.7400000095367432,64.09101867675781,98.82240295410156
2022-04-14,39935.515625,40.11711883544922,124.08988189697266,184.0399932861328,24.365924835205078,116.1872787475586,329.99609375,22.700000762939453,2.828000068664551,0.7480000257492065,63.66255187988281,97.67115783691406
2022-04-15,40553.46484375,40.11711883544922,124.08988189697266,184.0399932861328,24.365924835205078,116.1872787475586,329.99609375,22.700000762939453,2.828000068664551,0.7480000257492065,63.66255187988281,97.67115783691406
2022-04-16,40424.484375,40.11711883544922,124.08988189697266,184.0399932861328,24.365924835205078,116.1872787475586,329.99609375,22.700000762939453,2.828000068664551,0.7480000257492065,63.66255187988281,97.67115783691406
2022-04-17,39716.953125,40.11711883544922,124.08988189697266,184.0399932861328,24.365924835205078,116.1872787475586,329.99609375,22.700000762939453,2.828000068664551,0.7480000257492065,63.66255187988281,97.67115783691406
2022-04-18,40826.21484375,39.9810676574707,123.75637817382812,184.61000061035156,23.60150718688965,118.1772232055664,330.24957275390625,22.170000076293945,2.861999988555908,0.7549999952316284,63.559417724609375,96.92620086669922
2022-04-19,41502.75,39.781524658203125,126.3001480102539,181.82000732421875,23.33222198486328,120.69392395019531,337.6309814453125,21.3700008392334,2.9130001068115234,0.8330000042915344,63.503883361816406,96.15589904785156
2022-04-20,41374.37890625,39.54570007324219,126.24293518066406,182.7100067138672,24.12270164489746,120.47443389892578,332.706787109375,20.31999969482422,2.8399999141693115,0.7950000166893005,63.702239990234375,97.15478515625
2022-04-21,40527.36328125,38.7838134765625,124.09935760498047,182.05999755859375,22.098724365234375,117.17250061035156,325.82269287109375,22.68000030517578,2.9170000553131104,0.800000011920929,63.265865325927734,96.12205505371094
2022-04-22,39740.3203125,38.43914794921875,120.8030014038086,180.2899932861328,21.23874855041504,114.48509216308594,317.2908020019531,28.209999084472656,2.9059998989105225,0.7799999713897705,62.88501739501953,96.011962890625
2022-04-23,39486.73046875,38.43914794921875,120.8030014038086,180.2899932861328,21.23874855041504,114.48509216308594,317.2908020019531,28.209999084472656,2.9059998989105225,0.7799999713897705,62.88501739501953,96.011962890625
2022-04-24,39469.29296875,38.43914794921875,120.8030014038086,180.2899932861328,21.23874855041504,114.48509216308594,317.2908020019531,28.209999084472656,2.9059998989105225,0.7799999713897705,62.88501739501953,96.011962890625
2022-04-25,40458.30859375,38.15797805786133,121.80335998535156,177.0500030517578,20.682804107666016,116.46527862548828,321.3666076660156,27.020000457763672,2.8259999752044678,0.7979999780654907,63.41661834716797,97.0785903930664
2022-04-26,38117.4609375,37.323524475097656,118.71659088134766,177.32000732421875,20.317970275878906,111.50019073486328,309.23663330078125,33.52000045776367,2.7720000743865967,0.8330000042915344,63.04372024536133,97.02778625488281
2022-04-27,39241.12109375,37.758888244628906,118.6022720336914,175.97999572753906,20.456953048706055,110.96368408203125,308.8661193847656,31.600000381469727,2.818000078201294,0.8080000281333923,62.73427963256836,96.09662628173828
2022-04-28,39773.828125,38.303096771240234,121.9557876586914,176.92999267578125,20.595937728881836,117.29930877685547,319.8357238769531,29.989999771118164,2.86299991607666,0.7850000262260437,63.0833740234375,96.38442993164062
2022-04-29,38609.82421875,38.43914794921875,117.64002227783203,176.91000366210938,20.144237518310547,112.10497283935547,305.4436340332031,33.400001525878906,2.88700008392334,0.8080000281333923,62.30583572387695,95.31783294677734
2022-04-30,37714.875,38.43914794921875,117.64002227783203,176.91000366210938,20.144237518310547,112.10497283935547,305.4436340332031,33.400001525878906,2.88700008392334,0.8080000281333923,62.30583572387695,95.31783294677734
2022-05-01,38469.09375,38.43914794921875,117.64002227783203,176.91000366210938,20.144237518310547,112.10497283935547,305.4436340332031,33.400001525878906,2.88700008392334,0.8080000281333923,62.30583572387695,95.31783294677734
2022-05-02,38529.328125,38.38472366333008,118.67848205566406,173.6300048828125,19.89232635498047,115.36788940429688,310.543212890625,32.34000015258789,2.996000051498413,0.7649999856948853,62.30985641479492,94.75279235839844
2022-05-03,37750.453125,38.6659049987793,118.99287414550781,174.08999633789062,20.25716209411621,116.31409454345703,310.874755859375,29.25,2.9600000381469727,0.8949999809265137,62.63636016845703,95.3636474609375
2022-05-04,39698.37109375,39.0831298828125,122.75607299804688,175.8000030517578,20.795732498168945,120.3037338256836,321.3861083984375,25.420000076293945,2.9170000553131104,0.8330000042915344,63.2735595703125,96.29693603515625
2022-05-05,36575.140625,37.64097595214844,117.84010314941406,175.1300048828125,19.440622329711914,114.65580749511719,305.1997985839844,31.200000762939453,3.065999984741211,0.8029999732971191,62.15050506591797,94.82066345214844
2022-05-06,36040.921875,37.12398147583008,116.53489685058594,175.4199981689453,19.084468841552734,113.4803695678711,301.5433349609375,30.190000534057617,3.122999906539917,0.8149999976158142,61.800071716308594,94.01466369628906
2022-05-07,35501.953125,37.12398147583008,116.53489685058594,175.4199981689453,19.084468841552734,113.4803695678711,301.5433349609375,30.190000534057617,3.122999906539917,0.8149999976158142,61.800071716308594,94.01466369628906
2022-05-08,34059.265625,37.12398147583008,116.53489685058594,175.4199981689453,19.084468841552734,113.4803695678711,301.5433349609375,30.190000534057617,3.122999906539917,0.8149999976158142,61.800071716308594,94.01466369628906
2022-05-09,30296.953125,36.053707122802734,113.09563446044922,172.8800048828125,17.486133575439453,107.73490142822266,289.7447509765625,34.75,3.0789999961853027,0.800000011920929,61.14695358276367,94.34553527832031
2022-05-10,31022.90625,36.22603988647461,113.2575912475586,171.4199981689453,17.468761444091797,110.51985168457031,293.2648620605469,32.9900016784668,2.993000030517578,0.878000020980835,61.49740982055664,94.74430084228516
2022-05-11,28936.35546875,35.97207260131836,111.3140640258789,172.82000732421875,16.912817001342773,107.13011169433594,284.5671081542969,32.560001373291016,2.9210000038146973,0.8830000162124634,61.13102340698242,95.18548583984375
2022-05-12,29047.751953125,35.73625946044922,111.79997253417969,170.1699981689453,16.47848892211914,107.6373519897461,283.89434814453125,31.770000457763672,2.816999912261963,0.9049999713897705,61.10711669921875,95.22789764404297
2022-05-13,29283.103515625,36.724891662597656,114.53421020507812,168.7899932861328,17.607749938964844,113.2803955078125,294.4154052734375,28.8700008392334,2.934999942779541,0.9430000185966492,61.17879867553711,94.72732543945312
2022-05-14,30101.265625,36.724891662597656,114.53421020507812,168.7899932861328,17.607749938964844,113.2803955078125,294.4154052734375,28.8700008392334,2.934999942779541,0.9430000185966492,61.17879867553711,94.72732543945312
2022-05-15,31305.11328125,36.724891662597656,114.53421020507812,168.7899932861328,17.607749938964844,113.2803955078125,294.4154052734375,28.8700008392334,2.934999942779541,0.9430000185966492,61.17879867553711,94.72732543945312
2022-05-16,29862.91796875,36.57977294921875,114.14360046386719,170.39999389648438,17.790164947509766,111.45140838623047,291.00274658203125,27.469999313354492,2.877000093460083,0.9800000190734863,61.09119415283203,94.85462188720703
2022-05-17,30425.857421875,37.47772216796875,116.26813507080078,169.3300018310547,18.57196044921875,116.78231811523438,298.5400085449219,26.100000381469727,2.9679999351501465,1.0379999876022339,61.035430908203125,94.31161499023438
2022-05-18,28720.271484375,36.57977294921875,110.9139404296875,169.4199981689453,17.71198844909668,111.20267486572266,283.88458251953125,30.959999084472656,2.885999917984009,1.003000020980835,60.533634185791016,94.65946197509766
2022-05-19,30314.333984375,37.16026306152344,109.92312622070312,171.91000366210938,18.01601791381836,111.23193359375,282.3634338378906,29.350000381469727,2.8550000190734863,1.0,60.939857482910156,94.91397094726562
2022-05-20,29200.740234375,37.314449310302734,110.4947509765625,172.02999877929688,18.12894630432129,111.28557586669922,281.4858703613281,29.43000030517578,2.7869999408721924,0.9779999852180481,60.90001678466797,95.38064575195312
2022-05-21,29432.2265625,37.314449310302734,110.4947509765625,172.02999877929688,18.12894630432129,111.28557586669922,281.4858703613281,29.43000030517578,2.7869999408721924,0.9779999852180481,60.90001678466797,95.38064575195312
2022-05-22,30323.72265625,37.314449310302734,110.4947509765625,172.02999877929688,18.12894630432129,111.28557586669922,281.4858703613281,29.43000030517578,2.7869999408721924,0.9779999852180481,60.90001678466797,95.38064575195312
2022-05-23,29098.91015625,37.59562683105469,112.30488586425781,172.8300018310547,18.65013885498047,112.17813110351562,286.166259765625,28.479999542236328,2.8589999675750732,0.9929999709129333,61.138973236083984,95.04124450683594
2022-05-24,29655.5859375,36.94257736206055,111.26644134521484,174.1300048828125,18.285301208496094,109.21759796142578,280.0817565917969,29.450000762939453,2.759999990463257,1.0429999828338623,61.50533676147461,96.28844451904297
2022-05-25,29562.361328125,37.12398147583008,112.50495910644531,173.0800018310547,18.424287796020508,111.49044036865234,284.0015869140625,28.3700008392334,2.749000072479248,1.0449999570846558,62.437252044677734,97.28111267089844
2022-05-26,29267.224609375,37.7044677734375,115.37260437011719,172.75999450683594,18.91073989868164,115.2166976928711,291.8704833984375,27.5,2.75600004196167,1.027999997138977,63.30544662475586,97.30656433105469
2022-05-27,28627.57421875,38.139827728271484,118.46887969970703,172.85000610351562,19.27557945251465,119.78673553466797,301.39697265625,25.719999313354492,2.743000030517578,1.024999976158142,63.870941162109375,97.81558990478516
2022-05-28,28814.900390625,38.139827728271484,118.46887969970703,172.85000610351562,19.27557945251465,119.78673553466797,301.39697265625,25.719999313354492,2.743000030517578,1.024999976158142,63.870941162109375,97.81558990478516
2022-05-29,29445.95703125,38.139827728271484,118.46887969970703,172.85000610351562,19.27557945251465,119.78673553466797,301.39697265625,25.719999313354492,2.743000030517578,1.024999976158142,63.870941162109375,97.81558990478516
2022-05-30,31726.390625,38.139827728271484,118.46887969970703,172.85000610351562,19.27557945251465,119.78673553466797,301.39697265625,25.719999313354492,2.743000030517578,1.024999976158142,63.870941162109375,97.81558990478516
2022-05-31,31792.310546875,38.67496871948242,117.4399642944336,171.13999938964844,19.058412551879883,119.28926086425781,300.5974426269531,26.190000534057617,2.8440001010894775,1.0299999713897705,63.321372985839844,97.09447479248047
2022-06-01,29799.080078125,38.402870178222656,116.05854034423828,172.22999572753906,18.71094512939453,117.32856750488281,298.37420654296875,25.690000534057617,2.930999994277954,1.1030000448226929,63.08709716796875,96.52804565429688
2022-06-02,30467.48828125,39.06498718261719,118.80233001708984,174.35000610351562,19.70990562438965,121.47428894042969,306.5453186035156,24.719999313354492,2.9130001068115234,1.1130000352859497,63.350948333740234,96.57056427001953
2022-06-03,29704.390625,38.430076599121094,116.96360778808594,172.5800018310547,19.232141494750977,117.89434051513672,298.5693054199219,24.790000915527344,2.9570000171661377,1.1349999904632568,62.87918472290039,96.26441955566406
2022-06-04,29832.9140625,38.430076599121094,116.96360778808594,172.5800018310547,19.232141494750977,117.89434051513672,298.5693054199219,24.790000915527344,2.9570000171661377,1.1349999904632568,62.87918472290039,96.26441955566406
2022-06-05,29906.662109375,38.430076599121094,116.96360778808594,172.5800018310547,19.232141494750977,117.89434051513672,298.5693054199219,24.790000915527344,2.9570000171661377,1.1349999904632568,62.87918472290039,96.26441955566406
2022-06-06,31370.671875,38.63868713378906,117.22084045410156,171.82000732421875,19.310321807861328,117.99188232421875,299.5638732910156,25.06999969482422,3.0380001068115234,1.159999966621399,62.40743637084961,95.58402252197266
2022-06-07,31155.478515625,38.75659942626953,118.43077087402344,172.94000244140625,20.465639114379883,118.9332046508789,302.14776611328125,24.020000457763672,2.9719998836517334,1.225000023841858,62.55137634277344,96.09429168701172
2022-06-08,30214.35546875,38.9652099609375,117.11604309082031,172.77999877929688,20.413522720336914,116.45553588867188,299.9734191894531,23.959999084472656,3.0290000438690186,1.2330000400543213,62.01567077636719,95.54150390625
2022-06-09,30111.998046875,38.043182373046875,114.35515594482422,172.22999572753906,19.449308395385742,113.35844421386719,291.938720703125,26.09000015258789,3.0439999103546143,1.2380000352859497,61.519927978515625,94.91213989257812
2022-06-10,29083.8046875,37.622406005859375,110.89449310302734,174.5399932861328,19.067096710205078,109.16395568847656,281.641845703125,27.75,3.1559998989105225,1.2879999876022339,60.47246551513672,93.99365997314453
2022-06-11,28360.810546875,37.622406005859375,110.89449310302734,174.5399932861328,19.067096710205078,109.16395568847656,281.641845703125,27.75,3.1559998989105225,1.2879999876022339,60.47246551513672,93.99365997314453
2022-06-12,26762.6484375,37.622406005859375,110.89449310302734,174.5399932861328,19.067096710205078,109.16395568847656,281.641845703125,27.75,3.1559998989105225,1.2879999876022339,60.47246551513672,93.99365997314453
2022-06-13,22487.388671875,36.30521011352539,106.40135955810547,169.92999267578125,17.564313888549805,103.0965805053711,268.546630859375,34.02000045776367,3.365999937057495,1.4980000257492065,58.44952392578125,91.82495880126953
2022-06-14,22206.79296875,36.80830764770508,106.11456298828125,168.57000732421875,16.912817001342773,103.85255432128906,269.0340881347656,32.689998626708984,3.4830000400543213,1.7430000305175781,58.833316802978516,91.34867858886719
2022-06-15,22572.83984375,37.29310607910156,107.55809020996094,170.77000427246094,17.28634262084961,105.75471496582031,275.75238037109375,29.6200008392334,3.3949999809265137,1.6950000524520874,59.97673416137695,92.77748107910156
2022-06-16,20381.650390625,36.14970779418945,103.79150390625,172.69000244140625,16.49586296081543,99.48737335205078,264.6268615722656,32.95000076293945,3.306999921798706,1.4830000400543213,59.02519989013672,92.8795394897461
2022-06-17,20471.482421875,36.28691482543945,103.83930206298828,171.27000427246094,16.382938385009766,100.30188751220703,267.844482421875,31.1299991607666,3.239000082015991,1.5099999904632568,59.2091178894043,93.06664276123047
2022-06-18,19017.642578125,36.28691482543945,103.83930206298828,171.27000427246094,16.382938385009766,100.30188751220703,267.844482421875,31.1299991607666,3.239000082015991,1.5099999904632568,59.2091178894043,93.06664276123047
2022-06-19,20553.271484375,36.28691482543945,103.83930206298828,171.27000427246094,16.382938385009766,100.30188751220703,267.844482421875,31.1299991607666,3.239000082015991,1.5099999904632568,59.2091178894043,93.06664276123047
2022-06-20,20599.537109375,36.28691482543945,103.83930206298828,171.27000427246094,16.382938385009766,100.30188751220703,267.844482421875,31.1299991607666,3.239000082015991,1.5099999904632568,59.2091178894043,93.06664276123047
2022-06-21,20710.59765625,36.87233352661133,106.05719757080078,170.6300048828125,16.825952529907227,103.14535522460938,274.6021728515625,30.190000534057617,3.306999921798706,1.4880000352859497,59.169124603271484,92.1311264038086
2022-06-22,19987.029296875,36.21373748779297,105.87554931640625,171.30999755859375,16.139711380004883,101.6919174194336,274.2015686035156,28.950000762939453,3.1559998989105225,1.5449999570846558,59.153160095214844,92.80298614501953
2022-06-23,21085.876953125,36.32350158691406,107.40513610839844,170.25999450683594,15.853053092956543,101.16516876220703,278.28515625,29.049999237060547,3.068000078201294,1.559999942779541,59.57691192626953,93.51738739013672
2022-06-24,21231.65625,37.1833381652832,110.95184326171875,170.08999633789062,16.964935302734375,105.42793273925781,287.8203125,27.229999542236328,3.125,1.5980000495910645,60.000701904296875,93.6279296875
2022-06-25,21502.337890625,37.1833381652832,110.95184326171875,170.08999633789062,16.964935302734375,105.42793273925781,287.8203125,27.229999542236328,3.125,1.5980000495910645,60.000701904296875,93.6279296875
2022-06-26,21027.294921875,37.1833381652832,110.95184326171875,170.08999633789062,16.964935302734375,105.42793273925781,287.8203125,27.229999542236328,3.125,1.5980000495910645,60.000701904296875,93.6279296875
2022-06-27,20735.478515625,37.22908020019531,110.4738540649414,169.89999389648438,17.234224319458008,105.07677459716797,285.7100524902344,26.950000762939453,3.194000005722046,1.6330000162124634,59.63288116455078,92.76897430419922
2022-06-28,20280.634765625,37.000396728515625,107.66325378417969,169.6199951171875,16.93887710571289,102.42838287353516,277.0055236816406,28.360000610351562,3.2060000896453857,1.7380000352859497,58.97723388671875,92.74345397949219
2022-06-29,20104.0234375,36.85404586791992,107.46249389648438,169.49000549316406,16.452465057373047,100.623779296875,277.25946044921875,28.15999984741211,3.0929999351501465,1.7050000429153442,58.889305114746094,93.29623413085938
2022-06-30,19784.7265625,36.680240631103516,106.81243133544922,168.4600067138672,16.207948684692383,99.36544036865234,273.82061767578125,28.709999084472656,2.9719998836517334,1.600000023841858,58.8572883605957,93.57695007324219
2022-07-01,19269.3671875,36.451560974121094,107.37645721435547,168.32000732421875,16.609655380249023,95.59039306640625,275.6279602050781,26.700000762939453,2.8889999389648438,1.6030000448226929,59.418724060058594,94.75971984863281
2022-07-02,19242.255859375,36.451560974121094,107.37645721435547,168.32000732421875,16.609655380249023,95.59039306640625,275.6279602050781,26.700000762939453,2.8889999389648438,1.6030000448226929,59.418724060058594,94.75971984863281
2022-07-03,19297.076171875,36.451560974121094,107.37645721435547,168.32000732421875,16.609655380249023,95.59039306640625,275.6279602050781,26.700000762939453,2.8889999389648438,1.6030000448226929,59.418724060058594,94.75971984863281
2022-07-04,20231.26171875,36.451560974121094,107.37645721435547,168.32000732421875,16.609655380249023,95.59039306640625,275.6279602050781,26.700000762939453,2.8889999389648438,1.6030000448226929,59.418724060058594,94.75971984863281
2022-07-05,20190.115234375,36.168006896972656,108.1030044555664,164.75,15.902303695678711,96.0927734375,280.3465881347656,27.540000915527344,2.809000015258789,1.6299999952316284,59.36249923706055,94.734130859375
2022-07-06,20548.24609375,35.94846725463867,108.69572448730469,162.13999938964844,15.7538480758667,96.74632263183594,282.1441345214844,26.729999542236328,2.9130001068115234,1.840000033378601,59.13761520385742,94.2651138305664
2022-07-07,21637.587890625,36.67110061645508,110.57899475097656,162.22999572753906,16.696983337402344,101.21395111083984,288.1817321777344,26.079999923706055,3.007999897003174,1.8530000448226929,60.101409912109375,94.25656127929688
2022-07-08,21731.1171875,36.67110061645508,110.44515991210938,162.3000030517578,16.86290168762207,101.76020050048828,288.54327392578125,24.639999389648438,3.1010000705718994,1.843000054359436,60.14960861206055,94.10306549072266
2022-07-09,21592.20703125,36.67110061645508,110.44515991210938,162.3000030517578,16.86290168762207,101.76020050048828,288.54327392578125,24.639999389648438,3.1010000705718994,1.843000054359436,60.14960861206055,94.10306549072266
2022-07-10,20860.44921875,36.67110061645508,110.44515991210938,162.3000030517578,16.86290168762207,101.76020050048828,288.54327392578125,24.639999389648438,3.1010000705718994,1.843000054359436,60.14960861206055,94.10306549072266
2022-07-11,19970.556640625,35.69234848022461,109.1641616821289,161.42999267578125,16.277809143066406,99.32154846191406,282.378662109375,26.170000076293945,2.990999937057495,1.9529999494552612,59.812278747558594,94.36744689941406
2022-07-12,19323.9140625,35.555145263671875,108.1030044555664,160.8300018310547,15.972167015075684,99.28251647949219,279.6431579589844,27.290000915527344,2.9579999446868896,2.11299991607666,60.053218841552734,94.5038833618164
2022-07-13,20212.07421875,35.472816467285156,107.63455963134766,161.60000610351562,16.033294677734375,100.06776428222656,279.0667724609375,26.81999969482422,2.9040000438690186,2.322999954223633,59.98897933959961,95.21168518066406
2022-07-14,20569.919921875,35.15266036987305,107.59632873535156,159.3300018310547,16.207948684692383,102.17964935302734,280.0632629394531,26.399999618530273,2.9600000381469727,2.2730000019073486,59.87651443481445,94.60620880126953
2022-07-15,20836.328125,35.33560562133789,109.44139099121094,159.00999450683594,16.41753387451172,104.75973510742188,285.1434020996094,24.229999542236328,2.930000066757202,2.240000009536743,60.639549255371094,95.36516571044922
2022-07-16,21190.31640625,35.33560562133789,109.44139099121094,159.00999450683594,16.41753387451172,104.75973510742188,285.1434020996094,24.229999542236328,2.930000066757202,2.240000009536743,60.639549255371094,95.36516571044922
2022-07-17,20779.34375,35.33560562133789,109.44139099121094,159.00999450683594,16.41753387451172,104.75973510742188,285.1434020996094,24.229999542236328,2.930000066757202,2.240000009536743,60.639549255371094,95.36516571044922
2022-07-18,22485.689453125,35.582584381103516,108.63835906982422,159.16000366210938,16.714445114135742,103.98424530029297,282.7303466796875,25.299999237060547,2.9600000381469727,2.259999990463257,60.053218841552734,94.70000457763672
2022-07-19,23389.43359375,36.168006896972656,111.79312133789062,159.5399932861328,17.413066864013672,108.73474884033203,291.42523193359375,24.5,3.0190000534057617,2.450000047683716,60.848365783691406,94.9643783569336
2022-07-20,23231.732421875,36.01249313354492,112.94029998779297,158.0399932861328,17.70124626159668,111.29534912109375,296.0461730957031,23.8799991607666,3.0360000133514404,2.378000020980835,61.1134147644043,94.8620376586914
2022-07-21,23164.62890625,36.42412185668945,113.86760711669922,160.27000427246094,17.404333114624023,113.1633529663086,300.2960510253906,23.110000610351562,2.9100000858306885,2.359999895095825,61.83626174926758,96.15827178955078
2022-07-22,22714.978515625,36.058231353759766,112.50054168701172,160.6699981689453,16.86290168762207,110.6027603149414,295.0302429199219,23.030000686645508,2.7829999923706055,2.3550000190734863,61.755943298339844,96.9001693725586
2022-07-23,22465.478515625,36.058231353759766,112.50054168701172,160.6699981689453,16.86290168762207,110.6027603149414,295.0302429199219,23.030000686645508,2.7829999923706055,2.3550000190734863,61.755943298339844,96.9001693725586
2022-07-24,22609.1640625,36.058231353759766,112.50054168701172,160.6699981689453,16.86290168762207,110.6027603149414,295.0302429199219,23.030000686645508,2.7829999923706055,2.3550000190734863,61.755943298339844,96.9001693725586
2022-07-25,21361.701171875,36.18629837036133,112.32845306396484,160.22999572753906,17.220947265625,109.91992950439453,293.34979248046875,23.360000610351562,2.819999933242798,2.3929998874664307,61.739898681640625,96.08150482177734
2022-07-26,21239.75390625,35.902732849121094,110.78932189941406,160.0399932861328,17.220947265625,108.26165008544922,287.5858154296875,24.690000534057617,2.7869999408721924,2.4749999046325684,61.306175231933594,96.06444549560547
2022-07-27,22930.548828125,36.57047653198242,113.6094970703125,161.6699981689453,18.41733169555664,113.32917785644531,299.7390441894531,23.239999771118164,2.7339999675750732,2.382999897003174,61.98085021972656,96.70403289794922
2022-07-28,23843.88671875,36.72598648071289,115.41629791259766,163.63999938964844,18.714242935180664,114.71432495117188,302.6699523925781,22.329999923706055,2.680999994277954,2.308000087738037,62.615352630615234,97.50563049316406
2022-07-29,23804.6328125,36.552181243896484,116.6495132446289,164.10000610351562,18.845233917236328,115.6702880859375,308.18975830078125,21.329999923706055,2.6419999599456787,2.2980000972747803,62.80006790161133,97.7358627319336
2022-07-30,23656.20703125,36.552181243896484,116.6495132446289,164.10000610351562,18.845233917236328,115.6702880859375,308.18975830078125,21.329999923706055,2.6419999599456787,2.2980000972747803,62.80006790161133,97.7358627319336
2022-07-31,23336.896484375,36.552181243896484,116.6495132446289,164.10000610351562,18.845233917236328,115.6702880859375,308.18975830078125,21.329999923706055,2.6419999599456787,2.2980000972747803,62.80006790161133,97.7358627319336
2022-08-01,23314.19921875,36.241180419921875,116.3531723022461,165.02999877929688,18.391132354736328,115.90438842773438,308.00408935546875,22.84000015258789,2.6059999465942383,2.265000104904175,62.819419860839844,97.92903900146484
2022-08-02,22978.1171875,36.067378997802734,115.36849212646484,164.0500030517578,18.391132354736328,115.66539764404297,307.0858459472656,23.93000030517578,2.740999937057495,2.4630000591278076,62.5291748046875,96.73228454589844
2022-08-03,22846.5078125,36.35094451904297,116.8598403930664,164.4499969482422,18.382396697998047,118.43083953857422,315.4485778808594,21.950000762939453,2.747999906539917,2.427999973297119,63.07746124267578,97.78374481201172
2022-08-04,22630.95703125,36.60707092285156,117.1370849609375,167.1699981689453,18.382396697998047,119.63552856445312,316.92376708984375,21.440000534057617,2.6760001182556152,2.378000020980835,63.24677276611328,97.9376220703125
2022-08-05,23289.314453125,36.64365768432617,116.93632507324219,165.2899932861328,18.626914978027344,118.8210220336914,314.33477783203125,21.149999618530273,2.8399999141693115,2.4100000858306885,62.92424392700195,96.61262512207031
2022-08-06,22961.279296875,36.64365768432617,116.93632507324219,165.2899932861328,18.626914978027344,118.8210220336914,314.33477783203125,21.149999618530273,2.8399999141693115,2.4100000858306885,62.92424392700195,96.61262512207031
2022-08-07,23175.890625,36.64365768432617,116.93632507324219,165.2899932861328,18.626914978027344,118.8210220336914,314.33477783203125,21.149999618530273,2.8399999141693115,2.4100000858306885,62.92424392700195,96.61262512207031
2022-08-08,23809.486328125,36.68939208984375,116.86939239501953,166.69000244140625,18.880165100097656,116.7676773071289,313.31878662109375,21.290000915527344,2.765000104904175,2.4600000381469727,62.98070526123047,96.99732208251953
2022-08-09,23164.318359375,36.552181243896484,115.74134826660156,167.1999969482422,18.391132354736328,111.880615234375,309.7723693847656,21.770000457763672,2.796999931335449,2.569999933242798,62.51302719116211,96.56133270263672
2022-08-10,23947.642578125,37.009544372558594,118.64753723144531,166.77999877929688,18.862701416015625,116.41162872314453,318.41845703125,19.739999771118164,2.7860000133514404,2.5350000858306885,63.44834518432617,97.47601318359375
2022-08-11,23957.529296875,37.15589904785156,118.25557708740234,166.33999633789062,18.801570892333984,116.38725280761719,316.611083984375,20.200000762939453,2.888000011444092,2.490000009536743,63.08549499511719,96.53569793701172
2022-08-12,24402.818359375,37.549232482910156,120.25360870361328,167.8699951171875,18.862701416015625,119.67455291748047,322.77569580078125,19.530000686645508,2.8489999771118164,2.5,63.64991760253906,97.65552520751953
2022-08-13,24424.068359375,37.549232482910156,120.25360870361328,167.8699951171875,18.862701416015625,119.67455291748047,322.77569580078125,19.530000686645508,2.8489999771118164,2.5,63.64991760253906,97.65552520751953
2022-08-14,24319.333984375,37.549232482910156,120.25360870361328,167.8699951171875,18.862701416015625,119.67455291748047,322.77569580078125,19.530000686645508,2.8489999771118164,2.5,63.64991760253906,97.65552520751953
2022-08-15,24136.97265625,37.37543487548828,120.70292663574219,165.7100067138672,18.434797286987305,120.2159423828125,325.3841552734375,19.950000762939453,2.7909998893737793,2.513000011444092,63.53703308105469,97.58712005615234
2022-08-16,23883.291015625,37.36628723144531,120.91324615478516,165.4199981689453,18.50465965270996,118.86003875732422,324.6221008300781,19.690000534057617,2.8239998817443848,2.5980000495910645,63.23870849609375,97.21101379394531
2022-08-17,23335.998046875,37.21078109741211,119.88076782226562,164.35000610351562,17.797306060791016,116.30921173095703,320.9194641113281,19.899999618530273,2.8929998874664307,2.568000078201294,62.585594177246094,96.29634857177734
2022-08-18,23212.73828125,37.000396728515625,120.4543685913086,163.9199981689453,17.91083335876465,117.93335723876953,321.6913146972656,19.559999465942383,2.880000114440918,2.565000057220459,62.682334899902344,96.54425048828125
2022-08-19,20877.552734375,36.49729919433594,118.58061981201172,162.72000122070312,17.14234733581543,114.61190795898438,315.41925048828125,20.600000381469727,2.989000082015991,2.5799999237060547,62.04536437988281,95.39878845214844
2022-08-20,21166.060546875,36.49729919433594,118.58061981201172,162.72000122070312,17.14234733581543,114.61190795898438,315.41925048828125,20.600000381469727,2.989000082015991,2.5799999237060547,62.04536437988281,95.39878845214844
2022-08-21,21534.12109375,36.49729919433594,118.58061981201172,162.72000122070312,17.14234733581543,114.61190795898438,315.41925048828125,20.600000381469727,2.989000082015991,2.5799999237060547,62.04536437988281,95.39878845214844
2022-08-22,21398.908203125,36.177146911621094,116.19066619873047,161.63999938964844,17.055025100708008,110.61739349365234,307.1151123046875,23.799999237060547,3.0369999408721924,2.6480000019073486,61.343902587890625,94.75765228271484
2022-08-23,21528.087890625,36.369239807128906,115.82738494873047,162.77000427246094,17.596454620361328,111.33436584472656,306.8611145019531,24.110000610351562,3.053999900817871,2.703000068664551,61.497074127197266,94.86024475097656
2022-08-24,21395.01953125,36.3600959777832,116.18109893798828,163.25,19.648649215698242,111.26119232177734,307.7501525878906,22.81999969482422,3.1059999465942383,2.7130000591278076,61.569637298583984,94.5781478881836
2022-08-25,21600.904296875,37.146751403808594,118.21733856201172,163.75,19.744705200195312,114.9972152709961,313.1918029785156,21.780000686645508,3.0260000228881836,2.7300000190734863,62.150184631347656,95.55264282226562
2022-08-26,20260.01953125,36.59791946411133,113.82936096191406,161.75999450683594,19.0198917388916,108.60305786132812,300.3546142578125,25.559999465942383,3.0350000858306885,2.755000114440918,61.12614822387695,94.9798812866211
2022-08-27,20041.73828125,36.59791946411133,113.82936096191406,161.75999450683594,19.0198917388916,108.60305786132812,300.3546142578125,25.559999465942383,3.0350000858306885,2.755000114440918,61.12614822387695,94.9798812866211
2022-08-28,19616.814453125,36.59791946411133,113.82936096191406,161.75999450683594,19.0198917388916,108.60305786132812,300.3546142578125,25.559999465942383,3.0350000858306885,2.755000114440918,61.12614822387695,94.9798812866211
2022-08-29,20297.994140625,36.369239807128906,112.72999572753906,161.86000061035156,20.425859451293945,106.58872985839844,297.3944091796875,26.209999084472656,3.109999895095825,2.7980000972747803,60.8923454284668,94.27893829345703
2022-08-30,19796.80859375,35.93932342529297,111.58279418945312,160.50999450683594,20.452056884765625,105.36940002441406,294.0825500488281,26.209999084472656,3.109999895095825,2.872999906539917,60.424686431884766,94.39861297607422
2022-08-31,20049.763671875,36.067378997802734,110.65548706054688,159.27000427246094,20.38219451904297,104.65245056152344,292.3729248046875,25.8700008392334,3.132999897003174,2.859999895095825,60.09410095214844,93.40702819824219
2022-09-01,20127.140625,35.783817291259766,110.88491821289062,157.8699951171875,19.44779396057129,102.36498260498047,292.49993896484375,25.559999465942383,3.265000104904175,2.86299991607666,60.25293731689453,92.84468078613281
2022-09-02,19969.771484375,35.45451736450195,109.76642608642578,159.25999450683594,19.369197845458984,101.36026000976562,288.367431640625,25.469999313354492,3.193000078201294,2.819999933242798,60.21241760253906,92.91325378417969
2022-09-03,19832.087890625,35.45451736450195,109.76642608642578,159.25999450683594,19.369197845458984,101.36026000976562,288.367431640625,25.469999313354492,3.193000078201294,2.819999933242798,60.21241760253906,92.91325378417969
2022-09-04,19986.712890625,35.45451736450195,109.76642608642578,159.25999450683594,19.369197845458984,101.36026000976562,288.367431640625,25.469999313354492,3.193000078201294,2.819999933242798,60.21241760253906,92.91325378417969
2022-09-05,19812.37109375,35.45451736450195,109.76642608642578,159.25999450683594,19.369197845458984,101.36026000976562,288.367431640625,25.469999313354492,3.193000078201294,2.819999933242798,60.21241760253906,92.91325378417969
2022-09-06,18837.66796875,35.03375244140625,109.6612548828125,158.3300018310547,19.78837013244629,100.22872161865234,286.2962646484375,26.90999984741211,3.3399999141693115,2.8450000286102295,60.05034637451172,91.65318298339844
2022-09-07,19290.32421875,35.34475326538086,111.61145782470703,159.94000244140625,20.04161834716797,101.82847595214844,292.079833984375,24.639999389648438,3.265000104904175,2.933000087738037,60.91735076904297,92.90470886230469
2022-09-08,19329.833984375,35.15266036987305,112.46228790283203,158.97999572753906,20.75770378112793,103.20877075195312,293.5940856933594,23.610000610351562,3.2920000553131104,2.950000047683716,61.184749603271484,92.69038391113281
2022-09-09,21381.15234375,35.67405319213867,114.42206573486328,159.82000732421875,20.8362979888916,105.76934814453125,300.0127258300781,22.790000915527344,3.321000099182129,2.9679999351501465,61.427825927734375,92.90470886230469
2022-09-10,21680.5390625,35.67405319213867,114.42206573486328,159.82000732421875,20.8362979888916,105.76934814453125,300.0127258300781,22.790000915527344,3.321000099182129,2.9679999351501465,61.427825927734375,92.90470886230469
2022-09-11,21769.255859375,35.67405319213867,114.42206573486328,159.82000732421875,20.8362979888916,105.76934814453125,300.0127258300781,22.790000915527344,3.321000099182129,2.9679999351501465,61.427825927734375,92.90470886230469
2022-09-12,22370.44921875,36.20459747314453,115.11994934082031,160.6300048828125,20.687841415405273,106.03271484375,303.5785217285156,23.8700008392334,3.361999988555908,2.994999885559082,61.614192962646484,92.69893646240234
2022-09-13,20296.70703125,35.0886344909668,109.89069366455078,158.5399932861328,19.95429229736328,99.72148895263672,286.9313049316406,27.270000457763672,3.421999931335449,3.1530001163482666,60.21241760253906,92.03034973144531
2022-09-14,20241.08984375,35.262428283691406,110.0149917602539,157.92999267578125,20.32106590270996,100.80424499511719,289.2075500488281,26.15999984741211,3.4119999408721924,3.128000020980835,60.30154800415039,92.46753692626953
2022-09-15,19701.2109375,34.88739776611328,108.4662857055664,154.97999572753906,19.500186920166016,99.00939178466797,284.3912353515625,26.270000457763672,3.4590001106262207,3.0950000286102295,59.92072677612305,92.02175903320312
2022-09-16,19772.583984375,34.56724548339844,107.64411163330078,155.83999633789062,19.072284698486328,99.45323181152344,282.65234375,26.299999237060547,3.447999954223633,3.069999933242798,60.123291015625,91.80746459960938
2022-09-17,20127.576171875,34.56724548339844,107.64411163330078,155.83999633789062,19.072284698486328,99.45323181152344,282.65234375,26.299999237060547,3.447999954223633,3.069999933242798,60.123291015625,91.80746459960938
2022-09-18,19419.505859375,34.56724548339844,107.64411163330078,155.83999633789062,19.072284698486328,99.45323181152344,282.65234375,26.299999237060547,3.447999954223633,3.069999933242798,60.123291015625,91.80746459960938
2022-09-19,19544.12890625,34.67700958251953,108.37067413330078,155.9600067138672,19.185810089111328,100.1067886352539,284.85333251953125,25.760000228881836,3.490000009536743,3.0350000858306885,60.35018539428711,91.96176147460938
2022-09-20,18890.7890625,34.484920501708984,106.84111022949219,155.07000732421875,18.880165100097656,98.72164154052734,282.582763671875,27.15999984741211,3.571000099182129,3.243000030517578,59.734344482421875,91.04454040527344
2022-09-21,18547.400390625,33.90864562988281,105.13944244384766,155.7899932861328,18.356201171875,97.89737701416016,277.5227966308594,27.989999771118164,3.509999990463257,3.190000057220459,59.55607604980469,91.38743591308594
2022-09-22,19413.55078125,33.743995666503906,104.08786010742188,155.6999969482422,18.041824340820312,95.18558502197266,274.10711669921875,27.350000381469727,3.7079999446868896,3.130000114440918,59.199546813964844,90.10159301757812
2022-09-23,19297.638671875,32.911598205566406,102.56783294677734,153.00999450683594,16.836706161499023,93.8248062133789,269.64422607421875,29.920000076293945,3.697000026702881,3.1080000400543213,58.44597244262695,89.84445190429688
2022-09-24,18937.01171875,32.911598205566406,102.56783294677734,153.00999450683594,16.836706161499023,93.8248062133789,269.64422607421875,29.920000076293945,3.697000026702881,3.1080000400543213,58.44597244262695,89.84445190429688
2022-09-25,18802.09765625,32.911598205566406,102.56783294677734,153.00999450683594,16.836706161499023,93.8248062133789,269.64422607421875,29.920000076293945,3.697000026702881,3.1080000400543213,58.44597244262695,89.84445190429688
2022-09-26,19222.671875,32.50912094116211,101.43417358398438,151.22999572753906,16.609655380249023,92.7322998046875,268.52850341796875,32.2599983215332,3.878000020980835,3.1649999618530273,57.7572135925293,88.2843246459961
2022-09-27,19110.546875,32.4725341796875,101.29006958007812,151.5399932861328,17.308273315429688,93.43463897705078,268.6361389160156,32.599998474121094,3.9639999866485596,3.25,57.63568878173828,86.95565032958984
2022-09-28,19426.720703125,32.75609588623047,103.70150756835938,154.69000244140625,17.971960067749023,94.62468719482422,273.9798889160156,30.18000030517578,3.7049999237060547,3.2300000190734863,58.664756774902344,88.70436096191406
2022-09-29,19573.05078125,32.024330139160156,101.56867980957031,154.66000366210938,17.43926239013672,91.6446533203125,266.0816345214844,31.84000015258789,3.746999979019165,3.2179999351501465,58.1137809753418,88.0443115234375
2022-09-30,19431.7890625,31.90540885925293,99.85858154296875,154.6699981689453,17.308273315429688,90.28876495361328,261.5698547363281,31.6200008392334,3.803999900817871,3.180000066757202,57.846343994140625,87.82141876220703
2022-10-01,19312.095703125,31.90540885925293,99.85858154296875,154.6699981689453,17.308273315429688,90.28876495361328,261.5698547363281,31.6200008392334,3.803999900817871,3.180000066757202,57.846343994140625,87.82141876220703
2022-10-02,19044.107421875,31.90540885925293,99.85858154296875,154.6699981689453,17.308273315429688,90.28876495361328,261.5698547363281,31.6200008392334,3.803999900817871,3.180000066757202,57.846343994140625,87.82141876220703
2022-10-03,19623.580078125,32.42680358886719,102.63509368896484,158.42999267578125,17.99816131591797,93.52729797363281,267.70635986328125,30.100000381469727,3.6510000228881836,3.1500000953674316,58.60447311401367,89.4460678100586
2022-10-04,20336.84375,33.487876892089844,105.60375213623047,160.6999969482422,18.731708526611328,97.52669525146484,276.1232604980469,29.06999969482422,3.617000102996826,3.315000057220459,59.86662292480469,89.85890197753906
2022-10-05,20160.716796875,33.506168365478516,105.62296295166016,159.80999755859375,18.618183135986328,98.49240112304688,275.97650146484375,28.549999237060547,3.759000062942505,3.2929999828338623,59.6304931640625,89.17945861816406
2022-10-06,19955.443359375,33.304927825927734,104.7198715209961,159.6300048828125,18.050554275512695,97.81932830810547,273.8037109375,30.520000457763672,3.8259999752044678,3.2880001068115234,59.451351165771484,88.97305297851562
2022-10-07,19546.849609375,32.6097412109375,101.780029296875,157.8800048828125,17.78857421875,91.98607635498047,263.3706359863281,31.360000610351562,3.882999897003174,3.2929999828338623,58.72662353515625,88.08719635009766
2022-10-08,19416.568359375,32.6097412109375,101.780029296875,157.8800048828125,17.78857421875,91.98607635498047,263.3706359863281,31.360000610351562,3.882999897003174,3.2929999828338623,58.72662353515625,88.08719635009766
2022-10-09,19446.42578125,32.6097412109375,101.780029296875,157.8800048828125,17.78857421875,91.98607635498047,263.3706359863281,31.360000610351562,3.882999897003174,3.2929999828338623,58.72662353515625,88.08719635009766
2022-10-10,19141.484375,32.15238571166992,101.18439483642578,155.47999572753906,16.93276596069336,88.91336059570312,260.7379455566406,32.45000076293945,3.888000011444092,3.2850000858306885,58.010040283203125,87.29593658447266
2022-10-11,19051.41796875,31.64014434814453,100.59833526611328,155.16000366210938,17.07248878479004,86.1089096069336,257.15582275390625,33.630001068115234,3.938999891281128,3.3399999141693115,58.18918991088867,87.1153335571289
2022-10-12,19157.4453125,31.676727294921875,100.2044448852539,155.99000549316406,16.784311294555664,85.5919189453125,257.0677490234375,33.56999969482422,3.9019999504089355,3.5329999923706055,58.28689956665039,87.01211547851562
2022-10-13,19382.904296875,31.768199920654297,102.30843353271484,154.91000366210938,17.116153717041016,88.21102905273438,263.0965270996094,31.940000534057617,3.9519999027252197,3.5829999446868896,58.417171478271484,87.16692352294922
2022-10-14,19185.65625,31.29254722595215,99.74327850341797,152.97999572753906,16.400070190429688,84.45061492919922,255.18862915039062,32.02000045776367,4.010000228881836,3.628000020980835,58.22990417480469,86.33267211914062
2022-10-15,19067.634765625,31.29254722595215,99.74327850341797,152.97999572753906,16.400070190429688,84.45061492919922,255.18862915039062,32.02000045776367,4.010000228881836,3.628000020980835,58.22990417480469,86.33267211914062
2022-10-16,19268.09375,31.29254722595215,99.74327850341797,152.97999572753906,16.400070190429688,84.45061492919922,255.18862915039062,32.02000045776367,4.010000228881836,3.628000020980835,58.22990417480469,86.33267211914062
2022-10-17,19550.7578125,32.15238571166992,102.3660888671875,153.4199981689453,17.220947265625,86.45032501220703,263.6153564453125,31.3700008392334,4.014999866485596,3.687999963760376,58.946468353271484,86.7454833984375
2022-10-18,19334.416015625,32.16153335571289,103.53817749023438,153.75,17.395601272583008,86.4698257446289,265.6999816894531,30.5,3.997999906539917,3.8329999446868896,59.36178207397461,87.26153564453125
2022-10-19,19139.53515625,31.576112747192383,102.69274139404297,151.69000244140625,17.107421875,87.16728973388672,264.7310791015625,30.760000228881836,4.126999855041504,3.8929998874664307,58.7917594909668,86.06607055664062
2022-10-20,19053.740234375,31.7773494720459,101.8857192993164,151.4499969482422,17.229679107666016,87.85986328125,263.3804016113281,29.979999542236328,4.22599983215332,3.890000104904175,58.4660530090332,85.31780242919922
2022-10-21,19172.46875,32.26215362548828,104.4700698852539,154.14999389648438,17.771106719970703,90.88867950439453,269.55609130859375,29.690000534057617,4.2129998207092285,3.884999990463257,59.02790832519531,85.5586166381836
2022-10-22,19208.189453125,32.26215362548828,104.4700698852539,154.14999389648438,17.771106719970703,90.88867950439453,269.55609130859375,29.690000534057617,4.2129998207092285,3.884999990463257,59.02790832519531,85.5586166381836
2022-10-23,19567.0078125,32.26215362548828,104.4700698852539,154.14999389648438,17.771106719970703,90.88867950439453,269.55609130859375,29.690000534057617,4.2129998207092285,3.884999990463257,59.02790832519531,85.5586166381836
2022-10-24,19345.572265625,31.036426544189453,105.74787139892578,153.64999389648438,17.526592254638672,91.17643737792969,272.52166748046875,29.850000381469727,4.234000205993652,3.9130001068115234,59.068626403808594,85.5156021118164
2022-10-25,20095.857421875,31.29254722595215,108.02479553222656,154.0,17.92829704284668,92.62010955810547,278.15899658203125,28.459999084472656,4.107999801635742,3.9649999141693115,59.63861083984375,86.65950012207031
2022-10-26,20770.44140625,31.804790496826172,107.56365203857422,154.97999572753906,18.33873748779297,91.71292877197266,272.0126037597656,27.280000686645508,4.014999866485596,3.930000066757202,59.801490783691406,87.05509948730469
2022-10-27,20285.8359375,31.557811737060547,106.6317367553711,154.74000549316406,17.963226318359375,90.5667724609375,267.0603942871094,27.389999389648438,3.937000036239624,3.930000066757202,60.24119567871094,87.45934295654297
2022-10-28,20595.3515625,31.3657283782959,109.15847778320312,153.16000366210938,18.050554275512695,94.02477264404297,275.2326354980469,25.75,4.010000228881836,3.9700000286102295,60.70533752441406,87.63996124267578
2022-10-29,20818.4765625,31.3657283782959,109.15847778320312,153.16000366210938,18.050554275512695,94.02477264404297,275.2326354980469,25.75,4.010000228881836,3.9700000286102295,60.70533752441406,87.63996124267578
2022-10-30,20635.603515625,31.3657283782959,109.15847778320312,153.16000366210938,18.050554275512695,94.02477264404297,275.2326354980469,25.75,4.010000228881836,3.9700000286102295,60.70533752441406,87.63996124267578
2022-10-31,20495.7734375,31.27425193786621,108.14007568359375,151.91000366210938,17.640119552612305,92.28845977783203,272.0322265625,25.8799991607666,4.077000141143799,3.9749999046325684,59.7933349609375,87.16692352294922
2022-11-01,20485.2734375,31.850528717041016,108.10163116455078,153.4600067138672,17.727445602416992,92.9273910522461,269.2527160644531,25.809999465942383,4.052000045776367,4.050000190734863,60.15300369262695,87.79408264160156
2022-11-02,20159.50390625,31.58526039123535,105.08495330810547,152.38999938964844,17.159814834594727,90.2643814086914,260.0235290527344,25.860000610351562,4.059000015258789,4.025000095367432,59.60533905029297,87.37138366699219
2022-11-03,20209.98828125,31.768199920654297,104.12422180175781,151.80999755859375,17.220947265625,89.20598602294922,254.94400024414062,25.299999237060547,4.124000072479248,4.025000095367432,59.1802978515625,87.060791015625
2022-11-04,21147.23046875,33.11284255981445,105.81510925292969,156.47000122070312,17.675046920776367,93.35171508789062,259.0447998046875,24.549999237060547,4.156000137329102,4.013000011444092,59.58898162841797,87.23334503173828
2022-11-05,21282.69140625,33.11284255981445,105.81510925292969,156.47000122070312,17.675046920776367,93.35171508789062,259.0447998046875,24.549999237060547,4.156000137329102,4.013000011444092,59.58898162841797,87.23334503173828
2022-11-06,20926.486328125,33.11284255981445,105.81510925292969,156.47000122070312,17.675046920776367,93.35171508789062,259.0447998046875,24.549999237060547,4.156000137329102,4.013000011444092,59.58898162841797,87.23334503173828
2022-11-07,20602.81640625,33.13113784790039,107.0352554321289,155.85000610351562,18.164081573486328,95.1953353881836,261.8927917480469,24.350000381469727,4.214000225067139,3.9830000400543213,59.58079147338867,86.9141616821289
2022-11-08,18541.271484375,33.368961334228516,107.66932678222656,159.4499969482422,18.513391494750977,97.24868774414062,263.80133056640625,25.540000915527344,4.125999927520752,4.090000152587891,59.52359390258789,87.27645874023438
2022-11-09,15880.7802734375,32.792686462402344,105.44041442871094,158.64999389648438,17.578989028930664,94.60518646240234,257.7137451171875,26.09000015258789,4.151000022888184,4.0929999351501465,58.81245040893555,87.05219268798828
2022-11-10,17586.771484375,33.9818229675293,112.24241638183594,163.47999572753906,18.530853271484375,104.27200317382812,276.73004150390625,23.530000686645508,3.8289999961853027,4.054999828338623,60.64344787597656,89.96802520751953
2022-11-11,17034.29296875,34.90568923950195,113.8468246459961,164.55999755859375,19.002424240112305,107.69100189208984,281.8291015625,22.520000457763672,3.812999963760376,4.063000202178955,60.85597229003906,90.20957946777344
2022-11-12,16799.185546875,34.90568923950195,113.8468246459961,164.55999755859375,19.002424240112305,107.69100189208984,281.8291015625,22.520000457763672,3.812999963760376,4.063000202178955,60.85597229003906,90.20957946777344
2022-11-13,16353.365234375,34.90568923950195,113.8468246459961,164.55999755859375,19.002424240112305,107.69100189208984,281.8291015625,22.520000457763672,3.812999963760376,4.063000202178955,60.85597229003906,90.20957946777344
2022-11-14,16618.19921875,34.695308685302734,112.9149398803711,164.9199981689453,18.749174118041992,106.6716537475586,279.3627624511719,23.729999542236328,3.865000009536743,4.067999839782715,60.40639114379883,89.75236511230469
2022-11-15,16884.61328125,35.49110412597656,114.18310546875,165.5,18.906362533569336,110.0321273803711,283.2286682128906,24.540000915527344,3.7990000247955322,4.130000114440918,60.93769836425781,91.00321197509766
2022-11-16,16669.439453125,34.923980712890625,112.5690689086914,165.1199951171875,18.13788414001465,106.07173919677734,279.3627624511719,24.110000610351562,3.691999912261963,4.125,60.80691909790039,91.77964782714844
2022-11-17,16687.517578125,34.988014221191406,112.36731719970703,163.9199981689453,17.884634017944336,106.87162017822266,278.7461853027344,23.93000030517578,3.7750000953674316,4.11299991607666,60.54536056518555,91.28790283203125
2022-11-18,16697.77734375,34.786773681640625,112.7900390625,162.7899932861328,17.937028884887695,107.06671905517578,278.7560119628906,23.1200008392334,3.818000078201294,4.135000228881836,60.6761589050293,91.27926635742188
2022-11-19,16711.546875,34.786773681640625,112.7900390625,162.7899932861328,17.937028884887695,107.06671905517578,278.7560119628906,23.1200008392334,3.818000078201294,4.135000228881836,60.6761589050293,91.27926635742188
2022-11-20,16291.83203125,34.786773681640625,112.7900390625,162.7899932861328,17.937028884887695,107.06671905517578,278.7560119628906,23.1200008392334,3.818000078201294,4.135000228881836,60.6761589050293,91.27926635742188
2022-11-21,15787.2841796875,34.34770965576172,112.17517852783203,161.8800048828125,17.517858505249023,105.1938247680664,275.88836669921875,22.360000610351562,3.825000047683716,4.0980000495910645,60.6516227722168,91.1412353515625
2022-11-22,16189.76953125,34.430030822753906,114.01016235351562,162.07000732421875,18.03308868408203,108.25189208984375,279.8619689941406,21.290000915527344,3.757999897003174,4.197999954223633,61.093021392822266,91.95218658447266
2022-11-23,16610.70703125,34.71359634399414,114.7403335571289,163.0800018310547,18.303804397583008,109.1932144165039,282.6708679199219,20.350000381469727,3.7060000896453857,4.199999809265137,61.43632888793945,92.87523651123047
2022-11-24,16604.46484375,34.71359634399414,114.7403335571289,163.0800018310547,18.303804397583008,109.1932144165039,282.6708679199219,20.350000381469727,3.7060000896453857,4.199999809265137,61.43632888793945,92.87523651123047
2022-11-25,16521.841796875,34.548954010009766,114.5289535522461,163.22000122070312,18.268875122070312,107.91049194335938,280.811279296875,20.5,3.690999984741211,4.175000190734863,61.313724517822266,92.97012329101562
2022-11-26,16464.28125,34.548954010009766,114.5289535522461,163.22000122070312,18.268875122070312,107.91049194335938,280.811279296875,20.5,3.690999984741211,4.175000190734863,61.313724517822266,92.97012329101562
2022-11-27,16444.626953125,34.548954010009766,114.5289535522461,163.22000122070312,18.268875122070312,107.91049194335938,280.811279296875,20.5,3.690999984741211,4.175000190734863,61.313724517822266,92.97012329101562
2022-11-28,16217.322265625,34.39344787597656,112.9725570678711,161.92999267578125,17.613920211791992,105.3645248413086,276.6908874511719,22.209999084472656,3.703000068664551,4.183000087738037,60.667972564697266,92.2972412109375
2022-11-29,16444.982421875,35.134368896484375,112.90531158447266,162.72999572753906,17.849702835083008,105.07677459716797,274.5964660644531,21.889999389648438,3.747999906539917,4.252999782562256,60.92951965332031,91.84001159667969
2022-11-30,17168.56640625,36.14970779418945,116.479248046875,164.80999755859375,18.76664161682129,111.07097625732422,287.1141357421875,20.579999923706055,3.703000068664551,4.252999782562256,61.84501266479492,92.96150970458984
2022-12-01,16967.1328125,36.030792236328125,116.4504165649414,167.83999633789062,18.286338806152344,110.71493530273438,287.4664306640625,19.84000015258789,3.5290000438690186,4.192999839782715,62.07404327392578,94.1246566772461
2022-12-02,17088.66015625,36.168006896972656,116.41199493408203,167.25999450683594,18.347469329833984,109.1932144165039,286.3214111328125,19.059999465942383,3.50600004196167,4.208000183105469,62.0247802734375,94.69583129882812
2022-12-03,16908.236328125,36.168006896972656,116.41199493408203,167.25999450683594,18.347469329833984,109.1932144165039,286.3214111328125,19.059999465942383,3.50600004196167,4.208000183105469,62.0247802734375,94.69583129882812
2022-12-04,17130.486328125,36.168006896972656,116.41199493408203,167.25999450683594,18.347469329833984,109.1932144165039,286.3214111328125,19.059999465942383,3.50600004196167,4.208000183105469,62.0247802734375,94.69583129882812
2022-12-05,16974.826171875,35.756378173828125,114.50012969970703,164.38999938964844,17.465463638305664,107.89097595214844,281.5159606933594,20.75,3.5989999771118164,4.1579999923706055,61.43377685546875,93.8909683227539
2022-12-06,17089.50390625,35.71064376831055,112.63630676269531,164.83999633789062,17.020092010498047,105.52548217773438,275.6827697753906,22.170000076293945,3.513000011444092,4.21999979019165,61.21213912963867,94.17655944824219
2022-12-07,16848.126953125,35.50025939941406,112.49220275878906,166.3300018310547,16.967697143554688,105.50109100341797,274.5573425292969,22.68000030517578,3.4079999923706055,4.183000087738037,61.5487174987793,95.22376251220703
2022-12-08,17233.474609375,35.930171966552734,113.4433364868164,166.47000122070312,17.33447265625,108.18849182128906,277.8066711425781,22.290000915527344,3.490999937057495,4.150000095367432,61.59796142578125,94.92085266113281
2022-12-09,17133.15234375,35.69234848022461,112.38652038574219,167.05999755859375,17.116153717041016,107.32032775878906,276.03521728515625,22.829999923706055,3.566999912261963,4.172999858856201,61.59796142578125,94.211181640625
2022-12-10,17128.724609375,35.69234848022461,112.38652038574219,167.05999755859375,17.116153717041016,107.32032775878906,276.03521728515625,22.829999923706055,3.566999912261963,4.172999858856201,61.59796142578125,94.211181640625
2022-12-11,17104.193359375,35.69234848022461,112.38652038574219,167.05999755859375,17.116153717041016,107.32032775878906,276.03521728515625,22.829999923706055,3.566999912261963,4.172999858856201,61.59796142578125,94.211181640625
2022-12-12,17206.4375,35.582584381103516,114.25996398925781,165.67999267578125,17.32573890686035,109.23223876953125,279.4997253417969,25.0,3.6110000610351562,4.168000221252441,61.83600616455078,94.09001922607422
2022-12-13,17781.318359375,35.8370361328125,115.25450897216797,168.50999450683594,17.33447265625,111.05146789550781,282.5044860839844,22.549999237060547,3.500999927520752,4.248000144958496,62.476280212402344,94.91217041015625
2022-12-14,17815.650390625,35.85560989379883,114.79147338867188,168.10000610351562,17.255876541137695,109.13956451416016,280.4100036621094,21.139999389648438,3.503000020980835,4.21999979019165,62.12329864501953,94.99871826171875
2022-12-15,17364.865234375,35.02910232543945,111.82039642333984,165.35000610351562,16.90656852722168,104.98410034179688,270.9948425292969,22.829999923706055,3.450000047683716,4.2129998207092285,61.88896942138672,95.0785903930664
2022-12-16,16647.484375,35.131248474121094,110.51814270019531,166.7899932861328,17.020092010498047,104.16958618164062,268.41094970703125,22.6200008392334,3.4820001125335693,4.163000106811523,61.558876037597656,94.67060852050781
2022-12-17,16795.091796875,35.131248474121094,110.51814270019531,166.7899932861328,17.020092010498047,104.16958618164062,268.41094970703125,22.6200008392334,3.4820001125335693,4.163000106811523,61.558876037597656,94.67060852050781
2022-12-18,16757.9765625,35.131248474121094,110.51814270019531,166.7899932861328,17.020092010498047,104.16958618164062,268.41094970703125,22.6200008392334,3.4820001125335693,4.163000106811523,61.558876037597656,94.67060852050781
2022-12-19,16439.6796875,35.159114837646484,109.33164978027344,166.32000732421875,16.653318405151367,102.9368896484375,264.6388854980469,22.420000076293945,3.5810000896453857,4.163000106811523,61.24531936645508,93.71574401855469
2022-12-20,16906.3046875,35.14982604980469,109.5052719116211,169.0800018310547,16.836706161499023,102.43375396728516,264.432861328125,21.479999542236328,3.684000015258789,4.230000019073486,61.08851623535156,92.61328125
2022-12-21,16817.53515625,35.46556854248047,111.46349334716797,168.8000030517578,17.343204498291016,104.7225570678711,268.2687683105469,20.06999969482422,3.684000015258789,4.204999923706055,61.6083869934082,93.24696350097656
2022-12-22,16830.341796875,35.14982604980469,109.74642944335938,166.75999450683594,16.993892669677734,100.38172149658203,261.70550537109375,21.969999313354492,3.6689999103546143,4.208000183105469,61.22880935668945,93.220947265625
2022-12-23,16796.953125,35.103389739990234,110.39273834228516,167.25999450683594,17.29953956604004,100.37185668945312,262.2940979003906,20.8700008392334,3.750999927520752,4.192999839782715,61.38558578491211,92.93446350097656
2022-12-24,16847.755859375,35.103389739990234,110.39273834228516,167.25999450683594,17.29953956604004,100.37185668945312,262.2940979003906,20.8700008392334,3.750999927520752,4.192999839782715,61.38558578491211,92.93446350097656
2022-12-25,16841.986328125,35.103389739990234,110.39273834228516,167.25999450683594,17.29953956604004,100.37185668945312,262.2940979003906,20.8700008392334,3.750999927520752,4.192999839782715,61.38558578491211,92.93446350097656
2022-12-26,16919.8046875,35.103389739990234,110.39273834228516,167.25999450683594,17.29953956604004,100.37185668945312,262.2940979003906,20.8700008392334,3.750999927520752,4.192999839782715,61.38558578491211,92.93446350097656
2022-12-27,16717.173828125,35.62343978881836,110.04547882080078,168.6699981689453,17.631385803222656,98.57632446289062,258.5857238769531,21.649999618530273,3.859999895095825,4.195000171661377,60.750186920166016,91.73656463623047
2022-12-28,16552.572265625,35.103389739990234,108.57920837402344,167.91000366210938,17.124887466430664,97.32340240478516,255.17172241210938,22.139999389648438,3.88700008392334,4.3379998207092285,59.93325424194336,91.4500961303711
2022-12-29,16642.341796875,35.688446044921875,110.47954559326172,168.85000610351562,17.439176559448242,100.50010681152344,261.3915710449219,21.440000534057617,3.8350000381469727,4.295000076293945,60.70894241333008,92.10113525390625
2022-12-30,16602.5859375,35.196258544921875,109.9297103881836,169.63999938964844,17.579248428344727,100.10548400878906,261.2346496582031,21.670000076293945,3.878999948501587,4.260000228881836,60.758460998535156,91.51953887939453
2022-12-31,16547.49609375,35.196258544921875,109.9297103881836,169.63999938964844,17.579248428344727,100.10548400878906,261.2346496582031,21.670000076293945,3.878999948501587,4.260000228881836,60.758460998535156,91.51953887939453
2023-01-01,16625.080078125,35.196258544921875,109.9297103881836,169.63999938964844,17.579248428344727,100.10548400878906,261.2346496582031,21.670000076293945,3.878999948501587,4.260000228881836,60.758460998535156,91.51953887939453
2023-01-02,16688.470703125,35.196258544921875,109.9297103881836,169.63999938964844,17.579248428344727,100.10548400878906,261.2346496582031,21.670000076293945,3.878999948501587,4.260000228881836,60.758460998535156,91.51953887939453
2023-01-03,16679.857421875,35.49342727661133,109.62103271484375,171.05999755859375,17.526723861694336,99.33597564697266,259.4687805175781,22.899999618530273,3.7929999828338623,4.255000114440918,60.873985290527344,92.1532211303711
2023-01-04,16863.23828125,36.5613899230957,110.50848388671875,172.6699981689453,17.579248428344727,101.8615493774414,260.70489501953125,22.010000228881836,3.7090001106262207,4.400000095367432,61.57540512084961,92.82161712646484
2023-01-05,16836.736328125,36.449954986572266,109.22553253173828,170.52000427246094,17.60551643371582,100.03643035888672,256.6236572265625,22.459999084472656,3.7200000286102295,4.498000144958496,61.45161056518555,92.752197265625
2023-01-06,16951.96875,37.21145248413086,112.03260803222656,173.7100067138672,18.53350257873535,104.41178894042969,263.7068786621094,21.1299991607666,3.569000005722046,4.493000030517578,62.3263053894043,94.27130126953125
2023-01-07,16955.078125,37.21145248413086,112.03260803222656,173.7100067138672,18.53350257873535,104.41178894042969,263.7068786621094,21.1299991607666,3.569000005722046,4.493000030517578,62.3263053894043,94.27130126953125
2023-01-08,17091.14453125,37.21145248413086,112.03260803222656,173.7100067138672,18.53350257873535,104.41178894042969,263.7068786621094,21.1299991607666,3.569000005722046,4.493000030517578,62.3263053894043,94.27130126953125
2023-01-09,17196.5546875,37.49005126953125,111.94578552246094,174.10000610351562,18.857423782348633,106.685791015625,265.41387939453125,21.969999313354492,3.5169999599456787,4.482999801635742,62.5490837097168,94.6445541381836
2023-01-10,17446.29296875,37.75936508178711,112.7560806274414,174.74000549316406,19.128816604614258,108.07188415527344,267.6605529785156,20.579999923706055,3.621000051498413,4.565000057220459,62.47481918334961,94.32337951660156
2023-01-11,17934.896484375,37.917236328125,114.3766860961914,174.6199951171875,19.146326065063477,109.3396224975586,272.2910461425781,21.09000015258789,3.553999900817871,4.554999828338623,62.88743591308594,95.13066101074219
2023-01-12,18869.587890625,38.102970123291016,114.91686248779297,176.63999938964844,19.277647018432617,110.97728729248047,273.76263427734375,18.829999923706055,3.4489998817443848,4.474999904632568,63.24225616455078,96.20707702636719
2023-01-13,19909.57421875,38.35370635986328,115.16769409179688,178.75999450683594,19.38269805908203,111.37683868408203,275.64630126953125,18.350000381469727,3.510999917984009,4.48799991607666,63.24225616455078,95.89456176757812
2023-01-14,20976.298828125,38.35370635986328,115.16769409179688,178.75999450683594,19.38269805908203,111.37683868408203,275.64630126953125,18.350000381469727,3.510999917984009,4.48799991607666,63.24225616455078,95.89456176757812
2023-01-15,20880.798828125,38.35370635986328,115.16769409179688,178.75999450683594,19.38269805908203,111.37683868408203,275.64630126953125,18.350000381469727,3.510999917984009,4.48799991607666,63.24225616455078,95.89456176757812
2023-01-16,21169.6328125,38.35370635986328,115.16769409179688,178.75999450683594,19.38269805908203,111.37683868408203,275.64630126953125,18.350000381469727,3.510999917984009,4.48799991607666,63.24225616455078,95.89456176757812
2023-01-17,21161.51953125,38.140113830566406,114.92652130126953,177.58999633789062,19.11130714416504,112.037841796875,276.2054748535156,19.360000610351562,3.5350000858306885,4.493000030517578,63.027713775634766,95.54736328125
2023-01-18,20688.78125,37.880088806152344,113.32521057128906,177.0800018310547,18.682331085205078,111.33738708496094,272.61480712890625,20.34000015258789,3.375,4.53000020980835,63.101966857910156,96.66715240478516
2023-01-19,21086.79296875,38.167972564697266,112.35093688964844,179.88999938964844,18.97998809814453,108.614501953125,269.93658447265625,20.520000457763672,3.3970000743865967,4.525000095367432,62.73064422607422,96.46746826171875
2023-01-20,22676.552734375,38.75303268432617,114.60820007324219,179.2899932861328,19.52277183532715,112.14635467529297,277.3238830566406,19.850000381469727,3.4839999675750732,4.538000106811523,62.854408264160156,95.96398162841797
2023-01-21,22777.625,38.75303268432617,114.60820007324219,179.2899932861328,19.52277183532715,112.14635467529297,277.3238830566406,19.850000381469727,3.4839999675750732,4.538000106811523,62.854408264160156,95.96398162841797
2023-01-22,22720.416015625,38.75303268432617,114.60820007324219,179.2899932861328,19.52277183532715,112.14635467529297,277.3238830566406,19.850000381469727,3.4839999675750732,4.538000106811523,62.854408264160156,95.96398162841797
2023-01-23,22934.431640625,39.0316276550293,116.13230895996094,179.6300048828125,19.75039291381836,117.43428802490234,283.4848937988281,19.809999465942383,3.5250000953674316,4.534999847412109,62.84617614746094,95.68623352050781
2023-01-24,22636.46875,39.05949020385742,116.05513763427734,180.27999877929688,19.82918357849121,116.60064697265625,282.9060363769531,19.200000762939453,3.4690001010894775,4.572999954223633,62.88743591308594,96.18972778320312
2023-01-25,23117.859375,39.09663391113281,115.92008209228516,181.11000061035156,19.951749801635742,116.71903228759766,282.2781677246094,19.079999923706055,3.4619998931884766,4.545000076293945,62.87916946411133,96.23310852050781
2023-01-26,23032.77734375,39.46809768676758,117.16447448730469,179.47000122070312,19.899221420288086,118.81051635742188,287.78192138671875,18.729999542236328,3.493000030517578,4.543000221252441,63.035953521728516,96.19837951660156
2023-01-27,23078.728515625,39.28236770629883,117.4442138671875,179.22000122070312,20.258159637451172,118.03114318847656,290.6466369628906,18.510000228881836,3.5179998874664307,4.547999858856201,62.84617614746094,95.92060852050781
2023-01-28,23031.08984375,39.28236770629883,117.4442138671875,179.22000122070312,20.258159637451172,118.03114318847656,290.6466369628906,18.510000228881836,3.5179998874664307,4.547999858856201,62.84617614746094,95.92060852050781
2023-01-29,23774.56640625,39.28236770629883,117.4442138671875,179.22000122070312,20.258159637451172,118.03114318847656,290.6466369628906,18.510000228881836,3.5179998874664307,4.547999858856201,62.84617614746094,95.92060852050781
2023-01-30,22840.138671875,38.49300765991211,115.86221313476562,178.75999450683594,20.319440841674805,115.20467376708984,284.77008056640625,19.940000534057617,3.5510001182556152,4.534999847412109,62.49960708618164,95.55603790283203
2023-01-31,23139.283203125,38.409423828125,117.79148864746094,179.41000366210938,20.1618595123291,116.95580291748047,289.0376281738281,19.399999618530273,3.5290000438690186,4.570000171661377,62.98645782470703,96.24181365966797
2023-02-01,23723.76953125,38.8830451965332,119.20948028564453,181.6699981689453,20.590835571289062,122.47062683105469,295.21832275390625,17.8700008392334,3.3970000743865967,4.519999980926514,63.64814376831055,97.21878814697266
2023-02-02,23471.87109375,38.65087890625,121.73683166503906,177.89999389648438,20.266916275024414,125.08992004394531,305.8135986328125,18.729999542236328,3.3959999084472656,4.510000228881836,64.01296997070312,97.35809326171875
2023-02-03,23449.322265625,37.96367263793945,120.33812713623047,173.4600067138672,19.400209426879883,122.79125213623047,300.3785705566406,18.329999923706055,3.5320000648498535,4.5229997634887695,63.341339111328125,96.25223541259766
2023-02-04,23331.84765625,37.96367263793945,120.33812713623047,173.4600067138672,19.400209426879883,122.79125213623047,300.3785705566406,18.329999923706055,3.5320000648498535,4.5229997634887695,63.341339111328125,96.25223541259766
2023-02-05,22955.666015625,37.96367263793945,120.33812713623047,173.4600067138672,19.400209426879883,122.79125213623047,300.3785705566406,18.329999923706055,3.5320000648498535,4.5229997634887695,63.341339111328125,96.25223541259766
2023-02-06,22760.109375,37.406471252441406,119.27702331542969,173.82000732421875,19.023759841918945,120.74909210205078,297.83770751953125,19.43000030517578,3.634000062942505,4.5329999923706055,62.93504333496094,95.51213073730469
2023-02-07,23264.291015625,37.5550537109375,120.73362731933594,173.97999572753906,19.452735900878906,124.37467193603516,304.0085144042969,18.65999984741211,3.6740000247955322,4.570000171661377,63.158939361572266,95.19865417480469
2023-02-08,22939.3984375,37.50862121582031,119.0551528930664,174.41000366210938,19.19009780883789,121.9378890991211,298.6029052734375,19.6299991607666,3.6530001163482666,4.585000038146973,62.89359664916992,95.29442596435547
2023-02-09,21819.0390625,37.6850700378418,117.85900115966797,173.02999877929688,19.601564407348633,122.42130279541016,295.9638366699219,20.709999084472656,3.683000087738037,4.61299991607666,62.48726272583008,94.49332427978516
2023-02-10,21651.18359375,37.32289505004883,118.04228973388672,173.36000061035156,19.8204288482666,120.36433410644531,294.02142333984375,20.530000686645508,3.74399995803833,4.635000228881836,62.00638198852539,93.83158874511719
2023-02-11,21870.875,37.32289505004883,118.04228973388672,173.36000061035156,19.8204288482666,120.36433410644531,294.02142333984375,20.530000686645508,3.74399995803833,4.635000228881836,62.00638198852539,93.83158874511719
2023-02-12,21788.203125,37.32289505004883,118.04228973388672,173.36000061035156,19.8204288482666,120.36433410644531,294.02142333984375,20.530000686645508,3.74399995803833,4.635000228881836,62.00638198852539,93.83158874511719
2023-02-13,21808.1015625,37.62935256958008,119.75934600830078,172.47999572753906,19.62782859802246,122.17465209960938,298.73046875,20.34000015258789,3.7170000076293945,4.644999980926514,62.16389846801758,94.17987823486328
2023-02-14,22220.8046875,37.56434631347656,119.5953598022461,172.61000061035156,19.87295913696289,124.80382537841797,300.93780517578125,18.90999984741211,3.760999917984009,4.659999847412109,62.18048858642578,93.94477081298828
2023-02-15,24307.841796875,37.24859619140625,119.65322875976562,170.88999938964844,19.811674118041992,124.79889678955078,303.2433166503906,18.229999542236328,3.809000015258789,4.64300012588501,62.08098220825195,93.58776092529297
2023-02-16,23623.474609375,37.25788497924805,118.00370788574219,170.75,19.479000091552734,121.41007995605469,297.55316162109375,20.170000076293945,3.8429999351501465,4.664999961853027,61.58346939086914,92.83892059326172
2023-02-17,24565.6015625,36.84927749633789,117.53104400634766,171.25999450683594,19.34768295288086,119.752685546875,295.4537048339844,20.020000457763672,3.828000068664551,4.679999828338623,61.82395553588867,93.20462799072266
2023-02-18,24641.27734375,36.84927749633789,117.53104400634766,171.25999450683594,19.34768295288086,119.752685546875,295.4537048339844,20.020000457763672,3.828000068664551,4.679999828338623,61.82395553588867,93.20462799072266
2023-02-19,24327.642578125,36.84927749633789,117.53104400634766,171.25999450683594,19.34768295288086,119.752685546875,295.4537048339844,20.020000457763672,3.828000068664551,4.679999828338623,61.82395553588867,93.20462799072266
2023-02-20,24829.1484375,36.84927749633789,117.53104400634766,171.25999450683594,19.34768295288086,119.752685546875,295.4537048339844,20.020000457763672,3.828000068664551,4.679999828338623,61.82395553588867,93.20462799072266
2023-02-21,24436.353515625,36.384944915771484,115.00369262695312,170.6199951171875,18.586030960083008,116.11229705810547,288.45880126953125,22.8700008392334,3.9549999237060547,4.688000202178955,60.8703727722168,91.8810806274414
2023-02-22,24188.84375,36.208499908447266,114.74323272705078,169.66000366210938,18.410938262939453,115.54503631591797,288.6746826171875,22.290000915527344,3.9230000972747803,4.695000171661377,61.26840591430664,92.14231872558594
2023-02-23,23947.4921875,36.384944915771484,115.86221313476562,169.57000732421875,18.577274322509766,119.63922119140625,291.1959533691406,21.139999389648438,3.878999948501587,4.690000057220459,61.87370681762695,92.86502838134766
2023-02-24,23198.126953125,35.56772232055664,114.51172637939453,168.35000610351562,18.349655151367188,117.50334167480469,286.3201904296875,21.670000076293945,3.9489998817443848,4.703000068664551,61.500553131103516,92.16844177246094
2023-02-25,23175.375,35.56772232055664,114.51172637939453,168.35000610351562,18.349655151367188,117.50334167480469,286.3201904296875,21.670000076293945,3.9489998817443848,4.703000068664551,61.500553131103516,92.16844177246094
2023-02-26,23561.212890625,35.56772232055664,114.51172637939453,168.35000610351562,18.349655151367188,117.50334167480469,286.3201904296875,21.670000076293945,3.9489998817443848,4.703000068664551,61.500553131103516,92.16844177246094
2023-02-27,23522.87109375,35.75345993041992,114.69500732421875,169.00999450683594,18.46346664428711,118.03114318847656,288.37054443359375,20.950000762939453,3.921999931335449,4.664999961853027,61.915157318115234,92.19456481933594
2023-02-28,23147.353515625,35.50271987915039,114.5503158569336,169.77999877929688,18.323392868041992,118.09033203125,287.9977111816406,20.700000762939453,3.9159998893737793,4.710000038146973,61.79905319213867,92.22938537597656
2023-03-01,23646.55078125,36.264217376708984,114.21269226074219,170.75999450683594,18.743614196777344,118.16925811767578,285.68243408203125,20.579999923706055,3.99399995803833,4.724999904632568,61.6238899230957,91.65440368652344
2023-03-02,23475.466796875,36.394229888916016,115.322021484375,170.66000366210938,18.612295150756836,119.21500396728516,288.0467529296875,19.59000015258789,4.072999954223633,4.7230000495910645,61.69895935058594,91.73308563232422
2023-03-03,22362.6796875,36.71926498413086,117.1162338256836,172.49000549316406,18.971233367919922,120.83294677734375,294.0017395019531,18.489999771118164,3.9639999866485596,4.7179999351501465,62.33296203613281,92.77290344238281
2023-03-04,22353.349609375,36.71926498413086,117.1162338256836,172.49000549316406,18.971233367919922,120.83294677734375,294.0017395019531,18.489999771118164,3.9639999866485596,4.7179999351501465,62.33296203613281,92.77290344238281
2023-03-05,22435.513671875,36.71926498413086,117.1162338256836,172.49000549316406,18.971233367919922,120.83294677734375,294.0017395019531,18.489999771118164,3.9639999866485596,4.7179999351501465,62.33296203613281,92.77290344238281
2023-03-06,22429.7578125,36.589256286621094,117.23198699951172,171.6199951171875,18.323392868041992,119.75760650634766,294.3353576660156,18.610000610351562,3.9830000400543213,4.728000164031982,62.33296203613281,92.5195083618164
2023-03-07,22219.76953125,35.97633361816406,115.59211730957031,168.6199951171875,17.69305992126465,118.42082977294922,290.7250061035156,19.59000015258789,3.9749999046325684,4.84499979019165,61.890811920166016,92.25733947753906
2023-03-08,21718.080078125,36.12492370605469,115.98761749267578,168.5399932861328,17.6492862701416,121.51861572265625,292.1770324707031,19.110000610351562,3.9760000705718994,4.882999897003174,61.598846435546875,92.10881805419922
2023-03-09,20363.021484375,35.32627487182617,114.07763671875,170.1999969482422,17.588003158569336,119.19033813476562,287.11480712890625,22.610000610351562,3.924999952316284,4.8480000495910645,61.25681686401367,92.02141571044922
2023-03-10,20187.244140625,35.140541076660156,112.19660949707031,173.8699951171875,17.185293197631836,117.26163482666016,283.0826416015625,24.799999237060547,3.694999933242798,4.802999973297119,61.265159606933594,93.34088134765625
2023-03-11,20632.41015625,35.140541076660156,112.19660949707031,173.8699951171875,17.185293197631836,117.26163482666016,283.0826416015625,24.799999237060547,3.694999933242798,4.802999973297119,61.265159606933594,93.34088134765625
2023-03-12,22163.94921875,35.140541076660156,112.19660949707031,173.8699951171875,17.185293197631836,117.26163482666016,283.0826416015625,24.799999237060547,3.694999933242798,4.802999973297119,61.265159606933594,93.34088134765625
2023-03-13,24197.533203125,35.196258544921875,112.15801239013672,177.86000061035156,17.21155548095703,117.18270874023438,285.18212890625,26.520000457763672,3.515000104904175,4.6579999923706055,60.93145751953125,93.4195327758789
2023-03-14,24746.07421875,35.21482849121094,114.15481567382812,176.8300018310547,17.04521942138672,120.68989562988281,291.7355651855469,23.729999542236328,3.638000011444092,4.679999828338623,61.37360763549805,93.13992309570312
2023-03-15,24375.9609375,34.611202239990234,113.60497283935547,178.2100067138672,16.449905395507812,119.33338928222656,293.2659606933594,26.139999389648438,3.492000102996826,4.558000087738037,61.17340087890625,94.03119659423828
2023-03-16,25052.7890625,35.140541076660156,115.60174560546875,178.57000732421875,16.633752822875977,124.10830688476562,300.99664306640625,22.989999771118164,3.5850000381469727,4.53000020980835,61.57379913330078,93.8913803100586
2023-03-17,27423.9296875,34.926944732666016,114.77217102050781,183.77000427246094,16.756317138671875,123.47692108154297,299.5740661621094,25.510000228881836,3.3949999809265137,4.293000221252441,61.20676803588867,94.36326599121094
2023-03-18,26965.87890625,34.926944732666016,114.77217102050781,183.77000427246094,16.756317138671875,123.47692108154297,299.5740661621094,25.510000228881836,3.3949999809265137,4.293000221252441,61.20676803588867,94.36326599121094
2023-03-19,28038.67578125,34.926944732666016,114.77217102050781,183.77000427246094,16.756317138671875,123.47692108154297,299.5740661621094,25.510000228881836,3.3949999809265137,4.293000221252441,61.20676803588867,94.36326599121094
2023-03-20,27767.236328125,35.05696105957031,115.7657470703125,183.83999633789062,16.82635498046875,124.71996307373047,300.6373291015625,24.149999618530273,3.4809999465942383,4.465000152587891,61.03993225097656,94.0836410522461
2023-03-21,28175.81640625,35.372703552246094,117.04871368408203,180.3699951171875,16.992692947387695,125.11459350585938,304.9311828613281,21.3799991607666,3.6059999465942383,4.605000019073486,61.70732879638672,94.53800964355469
2023-03-22,27307.4375,35.512001037597656,115.10979461669922,183.44000244140625,16.730052947998047,124.310546875,300.78466796875,22.260000228881836,3.5,4.563000202178955,61.76570510864258,95.0885238647461
2023-03-23,28333.97265625,36.00419998168945,115.88870239257812,185.74000549316406,16.493680953979492,127.6155014038086,304.3513488769531,22.610000610351562,3.4059998989105225,4.502999782562256,61.52375793457031,95.359375
2023-03-24,27493.28515625,35.91132354736328,116.38218688964844,183.64999389648438,16.344852447509766,125.5979995727539,305.4715270996094,21.739999771118164,3.380000114440918,4.502999782562256,61.39862823486328,95.656494140625
2023-03-25,27494.70703125,35.91132354736328,116.38218688964844,183.64999389648438,16.344852447509766,125.5979995727539,305.4715270996094,21.739999771118164,3.380000114440918,4.502999782562256,61.39862823486328,95.656494140625
2023-03-26,27994.330078125,35.91132354736328,116.38218688964844,183.64999389648438,16.344852447509766,125.5979995727539,305.4715270996094,21.739999771118164,3.380000114440918,4.502999782562256,61.39862823486328,95.656494140625
2023-03-27,27139.888671875,35.71630859375,116.3434829711914,181.9499969482422,16.528696060180664,124.13296508789062,303.3786926269531,20.600000381469727,3.5280001163482666,4.583000183105469,61.24848556518555,94.51181030273438
2023-03-28,27268.130859375,36.227073669433594,116.02417755126953,183.44000244140625,16.887638092041016,123.26972961425781,301.76727294921875,19.969999313354492,3.563999891281128,4.627999782562256,61.21510314941406,94.35450744628906
2023-03-29,28348.44140625,36.3292236328125,117.59166717529297,182.52999877929688,17.141521453857422,127.10741424560547,307.2696228027344,19.1200008392334,3.565999984741211,4.630000114440918,61.982566833496094,94.79142761230469
2023-03-30,28033.5625,36.69139862060547,118.28834533691406,184.17999267578125,17.456687927246094,128.9276123046875,310.17803955078125,19.020000457763672,3.5510001182556152,4.664999961853027,62.34965133666992,94.92247772216797
2023-03-31,28478.484375,36.64496994018555,120.04936218261719,183.22000122070312,17.44793128967285,129.8253631591797,315.3365173339844,18.700000762939453,3.49399995803833,4.585000038146973,63.025352478027344,95.77882385253906
2023-04-01,28411.03515625,36.64496994018555,120.04936218261719,183.22000122070312,17.44793128967285,129.8253631591797,315.3365173339844,18.700000762939453,3.49399995803833,4.585000038146973,63.025352478027344,95.77882385253906
2023-04-02,28199.30859375,36.64496994018555,120.04936218261719,183.22000122070312,17.44793128967285,129.8253631591797,315.3365173339844,18.700000762939453,3.49399995803833,4.585000038146973,63.025352478027344,95.77882385253906
2023-04-03,27790.220703125,36.71926498413086,120.59120178222656,184.5399932861328,17.500459671020508,129.08547973632812,314.5701599121094,18.549999237060547,3.430000066757202,4.570000171661377,62.97676467895508,96.35733795166016
2023-04-04,28168.08984375,36.71926498413086,119.49784088134766,187.97999572753906,17.115257263183594,127.10249328613281,313.50897216796875,19.0,3.3369998931884766,4.728000164031982,62.792396545410156,96.48004913330078
2023-04-05,28177.984375,36.43138122558594,119.3720474243164,187.8300018310547,16.677526473999023,124.87781524658203,310.4139099121094,19.079999923706055,3.2869999408721924,4.704999923706055,62.440433502197266,96.79560089111328
2023-04-06,28044.140625,36.579959869384766,119.65265655517578,186.49000549316406,16.695035934448242,124.50292205810547,312.5067138671875,18.399999618530273,3.2880001068115234,4.710000038146973,62.71696853637695,96.70796966552734
2023-04-07,27925.859375,36.579959869384766,119.65265655517578,186.49000549316406,16.695035934448242,124.50292205810547,312.5067138671875,18.399999618530273,3.2880001068115234,4.710000038146973,62.71696853637695,96.70796966552734
2023-04-08,27947.794921875,36.579959869384766,119.65265655517578,186.49000549316406,16.695035934448242,124.50292205810547,312.5067138671875,18.399999618530273,3.2880001068115234,4.710000038146973,62.71696853637695,96.70796966552734
2023-04-09,28333.05078125,36.579959869384766,119.65265655517578,186.49000549316406,16.695035934448242,124.50292205810547,312.5067138671875,18.399999618530273,3.2880001068115234,4.710000038146973,62.71696853637695,96.70796966552734
2023-04-10,29652.98046875,36.61711120605469,120.07838439941406,185.11000061035156,16.756317138671875,126.38723754882812,312.3298645019531,18.969999313354492,3.4149999618530273,4.8379998207092285,62.6583137512207,96.26091003417969
2023-04-11,30235.05859375,36.839988708496094,120.30094146728516,186.27999877929688,17.04521942138672,125.71638488769531,310.3254089355469,19.100000381469727,3.434000015258789,4.880000114440918,62.792396545410156,96.23464965820312
2023-04-12,30139.052734375,36.579959869384766,119.69135284423828,187.19000244140625,17.071483612060547,123.48184967041016,307.58404541015625,19.09000015258789,3.4210000038146973,4.860000133514404,62.775657653808594,96.03302764892578
2023-04-13,30399.06640625,37.08143615722656,121.09435272216797,189.72000122070312,17.579248428344727,124.47826385498047,313.60723876953125,17.799999237060547,3.4519999027252197,4.855000019073486,63.20302200317383,96.19956970214844
2023-04-14,30485.69921875,36.88642120361328,120.94921875,186.36000061035156,17.38665008544922,124.34508514404297,313.01763916015625,17.06999969482422,3.5220000743865967,4.9029998779296875,63.085716247558594,95.8840103149414
2023-04-15,30318.49609375,36.88642120361328,120.94921875,186.36000061035156,17.38665008544922,124.34508514404297,313.01763916015625,17.06999969482422,3.5220000743865967,4.9029998779296875,63.085716247558594,95.8840103149414
2023-04-16,30315.35546875,36.88642120361328,120.94921875,186.36000061035156,17.38665008544922,124.34508514404297,313.01763916015625,17.06999969482422,3.5220000743865967,4.9029998779296875,63.085716247558594,95.8840103149414
2023-04-17,29445.044921875,37.04429244995117,121.11371612548828,185.52999877929688,17.264081954956055,124.25628662109375,313.2829895019531,16.950000762939453,3.5910000801086426,4.922999858856201,62.918087005615234,95.27920532226562
2023-04-18,30397.552734375,36.997859954833984,121.3072509765625,186.25,17.21155548095703,124.81369018554688,313.30255126953125,16.829999923706055,3.572000026702881,5.03000020980835,62.95999526977539,95.59476470947266
2023-04-19,28822.6796875,36.62639617919922,121.00728607177734,185.36000061035156,17.0277099609375,123.62983703613281,313.1552429199219,16.459999084472656,3.6019999980926514,4.994999885559082,62.70859909057617,95.12142181396484
2023-04-20,28245.98828125,36.5706787109375,120.99761962890625,186.08999633789062,16.9051456451416,123.76795196533203,310.7676086425781,17.170000076293945,3.5450000762939453,4.945000171661377,62.649932861328125,95.4808120727539
2023-04-21,27276.91015625,36.227073669433594,120.81377410888672,184.25,16.791336059570312,122.5002212524414,311.0918273925781,16.770000457763672,3.569999933242798,4.949999809265137,62.84267807006836,95.54216003417969
2023-04-22,27817.5,36.227073669433594,120.81377410888672,184.25,16.791336059570312,122.5002212524414,311.0918273925781,16.770000457763672,3.569999933242798,4.949999809265137,62.84267807006836,95.54216003417969
2023-04-23,27591.384765625,36.227073669433594,120.81377410888672,184.25,16.791336059570312,122.5002212524414,311.0918273925781,16.770000457763672,3.569999933242798,4.949999809265137,62.84267807006836,95.54216003417969
2023-04-24,27525.33984375,36.14349365234375,120.99761962890625,184.80999755859375,16.773826599121094,121.84416961669922,310.443359375,16.889999389648438,3.515000104904175,4.873000144958496,63.018646240234375,95.96292114257812
2023-04-25,28307.59765625,35.46556854248047,118.92697143554688,185.75,16.83510971069336,117.9818115234375,304.5871887207031,18.760000228881836,3.3959999084472656,4.953000068664551,62.918087005615234,96.38362884521484
2023-04-26,28422.701171875,35.66987609863281,118.02708435058594,184.74000549316406,16.83510971069336,118.80558776855469,306.4344482421875,18.84000015258789,3.431999921798706,4.985000133514404,62.675086975097656,95.96292114257812
2023-04-27,29473.787109375,36.15277862548828,120.81377410888672,184.75,17.15027618408203,119.95491790771484,314.76666259765625,17.030000686645508,3.5280001163482666,5.0,62.884586334228516,95.61225891113281
2023-04-28,29340.26171875,36.3385124206543,122.10066223144531,184.8000030517578,17.509214401245117,121.96255493164062,316.9381103515625,15.779999732971191,3.4519999027252197,4.922999858856201,63.15274429321289,96.35733795166016
2023-04-29,29248.48828125,36.3385124206543,122.10066223144531,184.8000030517578,17.509214401245117,121.96255493164062,316.9381103515625,15.779999732971191,3.4519999027252197,4.922999858856201,63.15274429321289,96.35733795166016
2023-04-30,29268.806640625,36.3385124206543,122.10066223144531,184.8000030517578,17.509214401245117,121.96255493164062,316.9381103515625,15.779999732971191,3.4519999027252197,4.922999858856201,63.15274429321289,96.35733795166016
2023-05-01,28091.568359375,36.2177848815918,122.34255981445312,183.97000122070312,17.264081954956055,122.89484405517578,316.5746154785156,16.079999923706055,3.5739998817443848,4.864999771118164,62.86323165893555,94.8023681640625
2023-05-02,28680.537109375,35.864891052246094,120.65894317626953,187.52000427246094,16.870128631591797,121.8293685913086,313.8135986328125,17.780000686645508,3.438999891281128,5.039999961853027,62.80430603027344,95.94575500488281
2023-05-03,29006.30859375,35.809181213378906,119.87519073486328,189.11000061035156,16.887638092041016,120.5715103149414,311.760009765625,18.34000015258789,3.4030001163482666,5.09499979019165,62.77062225341797,96.10403442382812
2023-05-04,28847.7109375,36.09706115722656,118.51091003417969,190.44000244140625,16.992692947387695,120.16703796386719,310.6595458984375,20.09000015258789,3.3510000705718994,5.054999828338623,62.58548355102539,95.84017944335938
2023-05-05,29534.384765625,36.579959869384766,120.50414276123047,187.4600067138672,17.623023986816406,122.70740509033203,317.2624206542969,17.190000534057617,3.446000099182129,5.079999923706055,62.9221305847168,95.46200561523438
2023-05-06,28904.623046875,36.579959869384766,120.50414276123047,187.4600067138672,17.623023986816406,122.70740509033203,317.2624206542969,17.190000534057617,3.446000099182129,5.079999923706055,62.9221305847168,95.46200561523438
2023-05-07,28454.978515625,36.579959869384766,120.50414276123047,187.4600067138672,17.623023986816406,122.70740509033203,317.2624206542969,17.190000534057617,3.446000099182129,5.079999923706055,62.9221305847168,95.46200561523438
2023-05-08,27694.2734375,36.598533630371094,120.51382446289062,187.69000244140625,17.745588302612305,123.38812255859375,318.0484924316406,16.979999542236328,3.5209999084472656,5.083000183105469,62.74537658691406,94.7759780883789
2023-05-09,27658.775390625,36.37565994262695,120.03001403808594,189.02000427246094,18.139545440673828,121.48407745361328,316.0341796875,17.709999084472656,3.5209999084472656,5.123000144958496,62.58548355102539,94.74081420898438
2023-05-10,27621.755859375,36.35708236694336,120.6105728149414,188.75,18.358409881591797,122.47062683105469,319.47320556640625,16.940000534057617,3.438999891281128,5.065000057220459,62.96421432495117,95.48838806152344
2023-05-11,27000.7890625,36.227073669433594,120.48477935791016,187.1300048828125,17.754343032836914,121.38542175292969,320.5147399902344,16.93000030517578,3.3970000743865967,5.014999866485596,62.86323165893555,95.8577880859375
2023-05-12,26804.990234375,35.79988479614258,120.59120178222656,186.80999755859375,17.78936004638672,121.24730682373047,319.36505126953125,17.030000686645508,3.4630000591278076,5.0279998779296875,62.63597106933594,95.26850128173828
2023-05-13,26784.078125,35.79988479614258,120.59120178222656,186.80999755859375,17.78936004638672,121.24730682373047,319.36505126953125,17.030000686645508,3.4630000591278076,5.0279998779296875,62.63597106933594,95.26850128173828
2023-05-14,26930.638671875,35.79988479614258,120.59120178222656,186.80999755859375,17.78936004638672,121.24730682373047,319.36505126953125,17.030000686645508,3.4630000591278076,5.0279998779296875,62.63597106933594,95.26850128173828
2023-05-15,27192.693359375,36.45923614501953,121.11371612548828,187.2100067138672,17.80687141418457,124.42400360107422,321.09442138671875,17.1200008392334,3.507999897003174,5.0,62.619140625,94.7583999633789
2023-05-16,27036.650390625,36.199214935302734,120.1170883178711,184.8699951171875,17.36038589477539,124.3944091796875,321.4580078125,17.989999771118164,3.5490000247955322,5.058000087738037,62.18146896362305,94.2834701538086
2023-05-17,27398.802734375,36.36637496948242,121.62654113769531,184.22999572753906,17.526723861694336,127.758544921875,325.34893798828125,16.8700008392334,3.5810000896453857,5.0879998207092285,62.34980773925781,94.274658203125
2023-05-18,26832.208984375,36.17135238647461,122.91343688964844,181.83999633789062,17.56174087524414,132.2375030517578,331.39178466796875,16.049999237060547,3.6480000019073486,5.125,62.38347625732422,93.87886810302734
2023-05-19,26890.12890625,36.199214935302734,122.61347961425781,183.63999938964844,17.60551643371582,131.50746154785156,330.64501953125,16.809999465942383,3.691999912261963,5.085000038146973,62.4507942199707,93.76454162597656
2023-05-20,27129.5859375,36.199214935302734,122.61347961425781,183.63999938964844,17.60551643371582,131.50746154785156,330.64501953125,16.809999465942383,3.691999912261963,5.085000038146973,62.4507942199707,93.76454162597656
2023-05-21,26753.826171875,36.199214935302734,122.61347961425781,183.63999938964844,17.60551643371582,131.50746154785156,330.64501953125,16.809999465942383,3.691999912261963,5.085000038146973,62.4507942199707,93.76454162597656
2023-05-22,26851.27734375,36.49638748168945,122.76829528808594,183.2100067138672,18.122037887573242,131.39894104003906,331.7553405761719,17.209999084472656,3.7190001010894775,5.09499979019165,62.72856521606445,93.72935485839844
2023-05-23,27225.7265625,35.929901123046875,121.28788757324219,183.42999267578125,17.89441680908203,129.50474548339844,327.5498962402344,18.530000686645508,3.697999954223633,5.1529998779296875,62.40030288696289,93.92286682128906
2023-05-24,26334.818359375,35.660587310791016,120.42671966552734,181.9499969482422,17.579248428344727,127.60071563720703,325.86968994140625,20.030000686645508,3.7190001010894775,5.184999942779541,61.96263122558594,93.55345916748047
2023-05-25,26476.20703125,35.586299896240234,122.42964172363281,180.1999969482422,17.299104690551758,138.57118225097656,333.799072265625,19.139999389648438,3.813999891281128,5.163000106811523,61.92054748535156,93.2456283569336
2023-05-26,26719.291015625,36.2177848815918,124.12294006347656,180.9199981689453,17.29034996032715,145.37838745117188,342.3277893066406,17.950000762939453,3.809999942779541,5.114999771118164,62.299293518066406,93.64141845703125
2023-05-27,26868.353515625,36.2177848815918,124.12294006347656,180.9199981689453,17.29034996032715,145.37838745117188,342.3277893066406,17.950000762939453,3.809999942779541,5.114999771118164,62.299293518066406,93.64141845703125
2023-05-28,28085.646484375,36.2177848815918,124.12294006347656,180.9199981689453,17.29034996032715,145.37838745117188,342.3277893066406,17.950000762939453,3.809999942779541,5.114999771118164,62.299293518066406,93.64141845703125
2023-05-29,27745.884765625,36.2177848815918,124.12294006347656,180.9199981689453,17.29034996032715,145.37838745117188,342.3277893066406,17.950000762939453,3.809999942779541,5.114999771118164,62.299293518066406,93.64141845703125
2023-05-30,27702.349609375,35.79988479614258,124.14227294921875,182.0399932861328,16.878883361816406,146.07884216308594,343.8802490234375,17.459999084472656,3.700000047683716,5.14300012588501,62.56865692138672,94.34503936767578
2023-05-31,27219.658203125,35.46556854248047,122.98116302490234,182.32000732421875,17.412912368774414,142.3891143798828,341.9249267578125,17.940000534057617,3.63700008392334,5.248000144958496,62.37504959106445,94.6528549194336
2023-06-01,26819.97265625,36.09706115722656,124.07454681396484,183.75999450683594,18.47222137451172,144.52993774414062,345.8749084472656,15.649999618530273,3.6080000400543213,5.203000068664551,62.74967575073242,94.94317626953125
2023-06-02,27249.58984375,36.71926498413086,125.86459350585938,181.0500030517578,18.65606689453125,144.17477416992188,348.4688415527344,14.600000381469727,3.690999984741211,5.215000152587891,63.0710563659668,94.68724822998047
2023-06-03,27075.12890625,36.71926498413086,125.86459350585938,181.0500030517578,18.65606689453125,144.17477416992188,348.4688415527344,14.600000381469727,3.690999984741211,5.215000152587891,63.0710563659668,94.68724822998047
2023-06-04,27119.06640625,36.71926498413086,125.86459350585938,181.0500030517578,18.65606689453125,144.17477416992188,348.4688415527344,14.600000381469727,3.690999984741211,5.215000152587891,63.0710563659668,94.68724822998047
2023-06-05,25760.09765625,36.7099723815918,125.25502014160156,182.13999938964844,18.92746353149414,142.369384765625,348.71453857421875,14.729999542236328,3.693000078201294,5.14300012588501,63.020328521728516,94.48432159423828
2023-06-06,27238.783203125,37.035011291503906,125.5452880859375,182.33999633789062,18.92746353149414,143.3756866455078,348.655517578125,13.960000038146973,3.6989998817443848,5.1579999923706055,63.121788024902344,94.66961669921875
2023-06-07,26345.998046875,36.87590026855469,124.80289459228516,180.14999389648438,18.708595275878906,142.5568389892578,342.740478515625,13.9399995803833,3.7839999198913574,5.1529998779296875,62.775062561035156,93.82254791259766
2023-06-08,26508.216796875,37.13795852661133,125.33663940429688,182.52999877929688,19.172588348388672,144.20437622070312,346.9949645996094,13.649999618530273,3.7139999866485596,5.099999904632568,63.17251968383789,94.44903564453125
2023-06-09,26480.375,37.30643081665039,125.51133728027344,182.0399932861328,19.172588348388672,144.8653564453125,348.3214416503906,13.829999923706055,3.744999885559082,5.09499979019165,63.18943786621094,94.20198059082031
2023-06-10,25851.240234375,37.30643081665039,125.51133728027344,182.0399932861328,19.172588348388672,144.8653564453125,348.3214416503906,13.829999923706055,3.744999885559082,5.09499979019165,63.18943786621094,94.20198059082031
2023-06-11,25940.16796875,37.30643081665039,125.51133728027344,182.0399932861328,19.172588348388672,144.8653564453125,348.3214416503906,13.829999923706055,3.744999885559082,5.09499979019165,63.18943786621094,94.20198059082031
2023-06-12,25902.5,37.38130187988281,126.95735931396484,181.8800048828125,19.76790428161621,149.14700317382812,354.2070617675781,15.010000228881836,3.765000104904175,5.09499979019165,63.121788024902344,94.50196838378906
2023-06-13,25918.728515625,37.75568389892578,127.75312805175781,180.5399932861328,19.715375900268555,151.2089080810547,356.9288024902344,14.609999656677246,3.8389999866485596,5.099999904632568,63.19792556762695,94.07842254638672
2023-06-14,25124.67578125,38.036460876464844,128.3548126220703,180.63999938964844,19.461490631103516,153.507568359375,359.5227355957031,13.880000114440918,3.7960000038146973,5.079999923706055,63.223297119140625,94.36962127685547
2023-06-15,25576.39453125,38.39211654663086,129.8687744140625,181.91000366210938,19.63658332824707,152.4026336669922,363.8067932128906,14.5,3.7279999256134033,5.054999828338623,63.527713775634766,95.19022369384766
2023-06-16,26327.462890625,38.261085510253906,129.55819702148438,181.6300048828125,19.74163818359375,151.31744384765625,361.51739501953125,13.539999961853027,3.7690000534057617,5.065000057220459,63.36703109741211,95.0225601196289
2023-06-17,26510.67578125,38.261085510253906,129.55819702148438,181.6300048828125,19.74163818359375,151.31744384765625,361.51739501953125,13.539999961853027,3.7690000534057617,5.065000057220459,63.36703109741211,95.0225601196289
2023-06-18,26336.212890625,38.261085510253906,129.55819702148438,181.6300048828125,19.74163818359375,151.31744384765625,361.51739501953125,13.539999961853027,3.7690000534057617,5.065000057220459,63.36703109741211,95.0225601196289
2023-06-19,26851.029296875,38.261085510253906,129.55819702148438,181.6300048828125,19.74163818359375,151.31744384765625,361.51739501953125,13.539999961853027,3.7690000534057617,5.065000057220459,63.36703109741211,95.0225601196289
2023-06-20,28327.48828125,37.51233673095703,128.98562622070312,179.75,19.61907386779785,150.78468322753906,360.9998779296875,13.880000114440918,3.7290000915527344,5.074999809265137,63.19792556762695,95.3666763305664
2023-06-21,30027.296875,37.33450698852539,128.61683654785156,179.49000549316406,19.531526565551758,147.33175659179688,356.08026123046875,13.199999809265137,3.7230000495910645,5.135000228881836,63.0372200012207,95.26081085205078
2023-06-22,29912.28125,37.2034797668457,128.96621704101562,177.7100067138672,19.1375732421875,148.06179809570312,360.28155517578125,12.90999984741211,3.7990000247955322,5.135000228881836,62.85118103027344,94.76668548583984
2023-06-23,30695.46875,36.6606330871582,128.15103149414062,178.1999969482422,18.65606689453125,145.5460968017578,356.7099609375,13.4399995803833,3.739000082015991,5.138000011444092,62.7412109375,95.03138732910156
2023-06-24,30548.6953125,36.6606330871582,128.15103149414062,178.1999969482422,18.65606689453125,145.5460968017578,356.7099609375,13.4399995803833,3.739000082015991,5.138000011444092,62.7412109375,95.03138732910156
2023-06-25,30480.26171875,36.6606330871582,128.15103149414062,178.1999969482422,18.65606689453125,145.5460968017578,356.7099609375,13.4399995803833,3.739000082015991,5.138000011444092,62.7412109375,95.03138732910156
2023-06-26,30271.130859375,36.78230667114258,127.4620132446289,178.50999450683594,18.67357635498047,144.875244140625,351.9281921386719,14.25,3.7190001010894775,5.15500020980835,62.775062561035156,95.13726806640625
2023-06-27,30688.1640625,37.156681060791016,129.1894073486328,177.69000244140625,18.568519592285156,149.47256469726562,357.9791564941406,13.739999771118164,3.7679998874664307,5.179999828338623,62.98649597167969,95.03138732910156
2023-06-28,30086.24609375,36.93205261230469,128.88858032226562,177.27999877929688,18.699840545654297,148.12098693847656,358.67779541015625,13.430000305175781,3.7100000381469727,5.170000076293945,63.35013198852539,95.44609832763672
2023-06-29,30445.3515625,36.73550796508789,129.46115112304688,177.08999633789062,18.813650131225586,147.90394592285156,357.9595642089844,13.539999961853027,3.8540000915527344,5.175000190734863,63.18101119995117,94.72254943847656
2023-06-30,30477.251953125,37.025657653808594,130.8877410888672,178.27000427246094,18.99749755859375,150.20262145996094,363.4793701171875,13.59000015258789,3.819000005722046,5.1529998779296875,63.48543930053711,95.41963195800781
2023-07-01,30590.078125,37.025657653808594,130.8877410888672,178.27000427246094,18.99749755859375,150.20262145996094,363.4793701171875,13.59000015258789,3.819000005722046,5.1529998779296875,63.48543930053711,95.41963195800781
2023-07-02,30620.76953125,37.025657653808594,130.8877410888672,178.27000427246094,18.99749755859375,150.20262145996094,363.4793701171875,13.59000015258789,3.819000005722046,5.1529998779296875,63.48543930053711,95.41963195800781
2023-07-03,31156.439453125,37.437461853027344,130.7130584716797,178.47000122070312,18.90995216369629,151.53448486328125,364.3353576660156,13.569999694824219,3.8580000400543213,5.144999980926514,63.38595962524414,95.15230560302734
2023-07-04,30777.58203125,37.437461853027344,130.7130584716797,178.47000122070312,18.90995216369629,151.53448486328125,364.3353576660156,13.569999694824219,3.8580000400543213,5.144999980926514,63.38595962524414,95.15230560302734
2023-07-05,30514.166015625,37.21283721923828,130.5966033935547,177.83999633789062,18.717350006103516,148.6734619140625,364.3255310058594,14.180000305175781,3.944999933242798,5.192999839782715,63.1904182434082,94.47067260742188
2023-07-06,29909.337890625,36.4547233581543,129.56790161132812,177.30999755859375,17.85064125061035,146.9075469970703,361.55084228515625,15.4399995803833,4.040999889373779,5.2129998207092285,62.731285095214844,93.5146484375
2023-07-07,30342.265625,36.866539001464844,128.96621704101562,178.63999938964844,18.262109756469727,147.045654296875,360.3504638671875,14.829999923706055,4.050000190734863,5.2129998207092285,62.79076385498047,93.4261245727539
2023-07-08,30292.541015625,36.866539001464844,128.96621704101562,178.63999938964844,18.262109756469727,147.045654296875,360.3504638671875,14.829999923706055,4.050000190734863,5.2129998207092285,62.79076385498047,93.4261245727539
2023-07-09,30171.234375,36.866539001464844,128.96621704101562,178.63999938964844,18.262109756469727,147.045654296875,360.3504638671875,14.829999923706055,4.050000190734863,5.2129998207092285,62.79076385498047,93.4261245727539
2023-07-10,30414.470703125,36.89461898803711,129.80081176757812,178.77999877929688,18.507240295410156,149.12728881835938,360.46856689453125,15.069999694824219,4.00600004196167,5.224999904632568,63.105369567871094,93.91299438476562
2023-07-11,30620.951171875,37.26899719238281,130.6742401123047,179.4499969482422,18.892440795898438,149.28512573242188,362.2494201660156,14.84000015258789,3.9800000190734863,5.243000030517578,63.445472717285156,94.35559844970703
2023-07-12,30391.646484375,38.10197448730469,131.87762451171875,181.8800048828125,19.067533493041992,152.42236328125,366.8246765136719,13.539999961853027,3.8610000610351562,5.230000019073486,63.9386100769043,95.1877212524414
2023-07-13,31476.048828125,38.5980224609375,133.1295166015625,182.00999450683594,19.610319137573242,156.08248901367188,373.0528564453125,13.609999656677246,3.760999917984009,5.2230000495910645,64.32123565673828,95.8604736328125
2023-07-14,30334.068359375,38.382755279541016,133.19747924804688,181.42999267578125,19.006250381469727,154.7900848388672,372.9741516113281,13.34000015258789,3.819000005722046,5.215000152587891,63.85359191894531,95.11689758300781
2023-07-15,30295.806640625,38.382755279541016,133.19747924804688,181.42999267578125,19.006250381469727,154.7900848388672,372.9741516113281,13.34000015258789,3.819000005722046,5.215000152587891,63.85359191894531,95.11689758300781
2023-07-16,30249.1328125,38.382755279541016,133.19747924804688,181.42999267578125,19.006250381469727,154.7900848388672,372.9741516113281,13.34000015258789,3.819000005722046,5.215000152587891,63.85359191894531,95.11689758300781
2023-07-17,30145.888671875,38.42955017089844,133.94473266601562,181.55999755859375,19.155078887939453,157.6708221435547,376.45721435546875,13.479999542236328,3.796999931335449,5.232999801635742,63.97261428833008,95.2762222290039
2023-07-18,29856.5625,38.148773193359375,134.68228149414062,183.63999938964844,19.452735900878906,158.1049041748047,379.5368957519531,13.300000190734863,3.7890000343322754,5.248000144958496,64.15119171142578,95.5152359008789
2023-07-19,29913.923828125,38.07389831542969,134.71141052246094,183.6699981689453,19.43522834777832,156.44749450683594,379.44830322265625,13.760000228881836,3.742000102996826,5.244999885559082,64.20220947265625,96.05521392822266
2023-07-20,29792.015625,37.793121337890625,133.73126220703125,182.74000549316406,19.251380920410156,150.91293334960938,370.7012939453125,13.989999771118164,3.8540000915527344,5.243000030517578,63.92159652709961,95.40900421142578
2023-07-21,29908.744140625,37.73695755004883,133.8477020263672,182.17999267578125,18.98874282836914,151.72190856933594,369.5894470214844,13.600000381469727,3.8369998931884766,5.248000144958496,64.08317565917969,95.57720947265625
2023-07-22,29771.802734375,37.73695755004883,133.8477020263672,182.17999267578125,18.98874282836914,151.72190856933594,369.5894470214844,13.600000381469727,3.8369998931884766,5.248000144958496,64.08317565917969,95.57720947265625
2023-07-23,30084.5390625,37.73695755004883,133.8477020263672,182.17999267578125,18.98874282836914,151.72190856933594,369.5894470214844,13.600000381469727,3.8369998931884766,5.248000144958496,64.08317565917969,95.57720947265625
2023-07-24,29176.916015625,38.25172805786133,134.439697265625,181.39999389648438,19.12006187438965,151.85015869140625,370.1799011230469,13.90999984741211,3.8570001125335693,5.25,63.97261428833008,95.46212768554688
2023-07-25,29227.390625,38.5699462890625,135.27430725097656,182.41000366210938,19.566547393798828,154.2869415283203,372.6888427734375,13.859999656677246,3.9119999408721924,5.264999866485596,63.93010711669922,95.31163787841797
2023-07-26,29354.97265625,38.7945671081543,135.2257843017578,183.3000030517578,19.338926315307617,152.5999298095703,371.4490661621094,13.1899995803833,3.8510000705718994,5.26800012588501,64.18519592285156,95.7542724609375
2023-07-27,29210.689453125,38.31724166870117,134.6240997314453,180.4199981689453,18.866178512573242,155.34255981445312,370.5635681152344,14.40999984741211,4.01200008392334,5.26800012588501,63.6750373840332,94.58573913574219
2023-07-28,29319.24609375,39.24382019042969,135.79832458496094,181.86000061035156,19.242626190185547,158.3416748046875,377.3132019042969,13.329999923706055,3.9690001010894775,5.255000114440918,64.0406494140625,95.2054214477539
2023-07-29,29356.91796875,39.24382019042969,135.79832458496094,181.86000061035156,19.242626190185547,158.3416748046875,377.3132019042969,13.329999923706055,3.9690001010894775,5.255000114440918,64.0406494140625,95.2054214477539
2023-07-30,29275.30859375,39.24382019042969,135.79832458496094,181.86000061035156,19.242626190185547,158.3416748046875,377.3132019042969,13.329999923706055,3.9690001010894775,5.255000114440918,64.0406494140625,95.2054214477539
2023-07-31,29230.111328125,39.26253890991211,135.83717346191406,182.35000610351562,19.87295913696289,158.46006774902344,377.5099792480469,13.630000114440918,3.9590001106262207,5.248000144958496,64.19367980957031,95.47099304199219
2023-08-01,29675.732421875,38.76649475097656,135.83717346191406,180.4600067138672,19.732885360717773,158.37127685546875,376.6343688964844,13.930000305175781,4.051000118255615,5.260000228881836,63.87590408325195,94.5196533203125
2023-08-02,29151.958984375,37.83991622924805,133.7215576171875,179.60000610351562,19.277647018432617,152.5604705810547,368.3694763183594,16.09000015258789,4.078000068664551,5.260000228881836,63.60252380371094,93.9422836303711
2023-08-03,29178.6796875,37.989662170410156,133.4691925048828,179.5399932861328,19.295156478881836,152.1165313720703,367.779052734375,15.920000076293945,4.189000129699707,5.257999897003174,63.39749526977539,93.09846496582031
2023-08-04,29074.091796875,37.942867279052734,132.72195434570312,180.19000244140625,19.52277183532715,152.17572021484375,366.0572204589844,17.100000381469727,4.059999942779541,5.252999782562256,63.77337646484375,94.0666275024414
2023-08-05,29042.126953125,37.942867279052734,132.72195434570312,180.19000244140625,19.52277183532715,152.17572021484375,366.0572204589844,17.100000381469727,4.059999942779541,5.252999782562256,63.77337646484375,94.0666275024414
2023-08-06,29041.85546875,37.942867279052734,132.72195434570312,180.19000244140625,19.52277183532715,152.17572021484375,366.0572204589844,17.100000381469727,4.059999942779541,5.252999782562256,63.77337646484375,94.0666275024414
2023-08-07,29180.578125,37.88671112060547,134.206787109375,179.77999877929688,19.671602249145508,153.81341552734375,369.15655517578125,15.770000457763672,4.078000068664551,5.260000228881836,63.89299392700195,93.835693359375
2023-08-08,29765.4921875,37.428104400634766,133.67303466796875,178.63999938964844,19.63658332824707,151.27796936035156,366.017822265625,15.989999771118164,4.026000022888184,5.275000095367432,64.0296630859375,94.20875549316406
2023-08-09,29561.494140625,37.521697998046875,132.8384246826172,177.7899932861328,19.671602249145508,148.2788543701172,361.9936218261719,15.960000038146973,4.01200008392334,5.28000020980835,64.03821563720703,94.2975845336914
2023-08-10,29429.591796875,37.57785415649414,132.68313598632812,177.60000610351562,19.671602249145508,147.95327758789062,362.6626892089844,15.850000381469727,4.079999923706055,5.26800012588501,64.02115631103516,93.63140106201172
2023-08-11,29397.71484375,37.025657653808594,132.1590576171875,177.60000610351562,20.021785736083984,144.2438507080078,360.3504638671875,14.84000015258789,4.168000221252441,5.264999866485596,63.92713928222656,93.31160736083984
2023-08-12,29415.96484375,37.025657653808594,132.1590576171875,177.60000610351562,20.021785736083984,144.2438507080078,360.3504638671875,14.84000015258789,4.168000221252441,5.264999866485596,63.92713928222656,93.31160736083984
2023-08-13,29282.9140625,37.025657653808594,132.1590576171875,177.60000610351562,20.021785736083984,144.2438507080078,360.3504638671875,14.84000015258789,4.168000221252441,5.264999866485596,63.92713928222656,93.31160736083984
2023-08-14,29408.443359375,36.847816467285156,133.58566284179688,177.05999755859375,19.82918357849121,148.63400268554688,364.39434814453125,14.819999694824219,4.184000015258789,5.269999980926514,63.91861343383789,93.27610778808594
2023-08-15,29170.34765625,36.42665100097656,132.4016876220703,176.58999633789062,19.303909301757812,146.8483428955078,360.527587890625,16.459999084472656,4.2210001945495605,5.28000020980835,63.71358871459961,92.78755950927734
2023-08-16,28701.779296875,36.09907150268555,131.6059112548828,175.57000732421875,19.251380920410156,144.52993774414062,356.7099609375,16.780000686645508,4.257999897003174,5.284999847412109,63.51707458496094,92.37007141113281
2023-08-17,26664.55078125,36.18330383300781,130.74221801757812,175.3000030517578,19.1988525390625,143.55325317382812,352.8135986328125,17.889999389648438,4.308000087738037,5.2779998779296875,63.252262115478516,92.1213607788086
2023-08-18,26049.556640625,35.939964294433594,130.8780517578125,175.3300018310547,19.592809677124023,144.1649169921875,352.37091064453125,17.299999237060547,4.250999927520752,5.2779998779296875,63.29496383666992,92.4677734375
2023-08-19,26096.205078125,35.939964294433594,130.8780517578125,175.3300018310547,19.592809677124023,144.1649169921875,352.37091064453125,17.299999237060547,4.250999927520752,5.2779998779296875,63.29496383666992,92.4677734375
2023-08-20,26189.583984375,35.939964294433594,130.8780517578125,175.3300018310547,19.592809677124023,144.1649169921875,352.37091064453125,17.299999237060547,4.250999927520752,5.2779998779296875,63.29496383666992,92.4677734375
2023-08-21,26124.140625,36.02419662475586,132.13966369628906,175.80999755859375,20.249404907226562,149.00888061523438,358.0481262207031,17.1299991607666,4.3420000076293945,5.28000020980835,63.27787399291992,91.91707611083984
2023-08-22,26031.65625,35.94932174682617,131.55738830566406,176.10000610351562,20.354459762573242,147.51919555664062,357.5364685058594,16.969999313354492,4.328000068664551,5.295000076293945,63.31205368041992,92.20128631591797
2023-08-23,26431.640625,36.52024459838867,132.9548797607422,177.88999938964844,20.573326110839844,150.71563720703125,363.1742858886719,15.979999542236328,4.197999954223633,5.295000076293945,63.82463836669922,93.4981460571289
2023-08-24,26162.373046875,36.37985610961914,131.15948486328125,177.85000610351562,20.223142623901367,146.8187713623047,355.4111633300781,17.200000762939453,4.235000133514404,5.302999973297119,63.474361419677734,93.17837524414062
2023-08-25,26047.66796875,36.41728973388672,131.94557189941406,177.6199951171875,20.590835571289062,147.08511352539062,358.1661682128906,15.680000305175781,4.238999843597412,5.315000057220459,63.73921585083008,93.23168182373047
2023-08-26,26008.462890625,36.41728973388672,131.94557189941406,177.6199951171875,20.590835571289062,147.08511352539062,358.1661682128906,15.680000305175781,4.238999843597412,5.315000057220459,63.73921585083008,93.23168182373047
2023-08-27,26089.693359375,36.41728973388672,131.94557189941406,177.6199951171875,20.590835571289062,147.08511352539062,358.1661682128906,15.680000305175781,4.238999843597412,5.315000057220459,63.73921585083008,93.23168182373047
2023-08-28,26106.150390625,36.77294921875,132.81900024414062,178.1300048828125,20.81845474243164,148.90036010742188,360.86212158203125,15.079999923706055,4.211999893188477,5.322999954223633,63.97840118408203,93.52481079101562
2023-08-29,27727.392578125,37.24091720581055,134.8181610107422,179.8699951171875,20.80970001220703,152.7183380126953,368.7433166503906,14.449999809265137,4.122000217437744,5.320000171661377,64.37994384765625,94.27091979980469
2023-08-30,27297.265625,37.119239807128906,135.21607971191406,180.32000732421875,21.054828643798828,153.49769592285156,370.7997741699219,13.880000114440918,4.118000030517578,5.315000057220459,64.35430908203125,94.13771057128906
2023-08-31,25931.47265625,36.6606330871582,135.2451934814453,180.02000427246094,21.01980972290039,154.11923217773438,371.9114990234375,13.569999694824219,4.0929999351501465,5.297999858856201,64.31159210205078,94.2975845336914
2023-09-01,25800.724609375,37.09116744995117,135.5557403564453,180.11000061035156,21.28244972229004,154.109375,371.5179138183594,13.09000015258789,4.172999858856201,5.26800012588501,64.43260955810547,93.6263427734375
2023-09-02,25868.798828125,37.09116744995117,135.5557403564453,180.11000061035156,21.28244972229004,154.109375,371.5179138183594,13.09000015258789,4.172999858856201,5.26800012588501,64.43260955810547,93.6263427734375
2023-09-03,25969.56640625,37.09116744995117,135.5557403564453,180.11000061035156,21.28244972229004,154.109375,371.5179138183594,13.09000015258789,4.172999858856201,5.26800012588501,64.43260955810547,93.6263427734375
2023-09-04,25812.416015625,37.09116744995117,135.5557403564453,180.11000061035156,21.28244972229004,154.109375,371.5179138183594,13.09000015258789,4.172999858856201,5.26800012588501,64.43260955810547,93.6263427734375
2023-09-05,25779.982421875,36.79166793823242,134.78903198242188,178.63999938964844,21.763954162597656,154.47438049316406,371.9902648925781,14.010000228881836,4.26800012588501,5.2779998779296875,64.01204681396484,92.957763671875
2023-09-06,25753.236328125,36.58576202392578,133.89620971679688,177.8300018310547,21.440031051635742,152.67886352539062,368.7137756347656,14.449999809265137,4.289999961853027,5.300000190734863,63.85753631591797,92.86864471435547
2023-09-07,26240.1953125,36.15523147583008,133.38186645507812,178.02000427246094,21.361238479614258,149.29498291015625,366.076904296875,14.399999618530273,4.260000228881836,5.2829999923706055,64.0721206665039,93.27870178222656
2023-09-08,25905.654296875,36.2301025390625,133.37216186523438,178.0800018310547,21.44878578186035,148.35777282714844,366.5885009765625,13.84000015258789,4.257999897003174,5.293000221252441,64.04637908935547,93.34999084472656
2023-09-09,25895.677734375,36.2301025390625,133.37216186523438,178.0800018310547,21.44878578186035,148.35777282714844,366.5885009765625,13.84000015258789,4.257999897003174,5.293000221252441,64.04637908935547,93.34999084472656
2023-09-10,25832.2265625,36.2301025390625,133.37216186523438,178.0800018310547,21.44878578186035,148.35777282714844,366.5885009765625,13.84000015258789,4.257999897003174,5.293000221252441,64.04637908935547,93.34999084472656
2023-09-11,25162.654296875,36.679351806640625,133.8185577392578,178.41000366210938,21.80772590637207,148.46629333496094,370.907958984375,13.800000190734863,4.288000106811523,5.293000221252441,64.15794372558594,93.17172241210938
2023-09-12,25833.34375,36.567039489746094,132.99366760253906,177.49000549316406,21.798969268798828,147.3514862060547,366.795166015625,14.229999542236328,4.263999938964844,5.304999828338623,64.05496978759766,93.14496612548828
2023-09-13,26228.32421875,36.52024459838867,133.22659301757812,177.0800018310547,22.46432113647461,148.54522705078125,368.1922912597656,13.479999542236328,4.249000072479248,5.304999828338623,64.22663116455078,93.34999084472656
2023-09-14,26539.673828125,36.763580322265625,134.09033203125,177.1699981689453,23.155935287475586,149.35418701171875,371.20306396484375,12.819999694824219,4.288000106811523,5.295000076293945,64.3038558959961,93.18063354492188
2023-09-15,26608.693359375,36.623199462890625,132.05235290527344,178.33999633789062,23.374801635742188,144.8357696533203,364.84698486328125,13.789999961853027,4.322000026702881,5.297999858856201,64.06350708007812,93.03801727294922
2023-09-16,26568.28125,36.623199462890625,132.05235290527344,178.33999633789062,23.374801635742188,144.8357696533203,364.84698486328125,13.789999961853027,4.322000026702881,5.297999858856201,64.06350708007812,93.03801727294922
2023-09-17,26534.1875,36.623199462890625,132.05235290527344,178.33999633789062,23.374801635742188,144.8357696533203,364.84698486328125,13.789999961853027,4.322000026702881,5.297999858856201,64.06350708007812,93.03801727294922
2023-09-18,26754.28125,36.57639694213867,132.42111206054688,179.38999938964844,23.44483757019043,145.31919860839844,365.2273254394531,14.0,4.318999767303467,5.300000190734863,64.10647583007812,93.21629333496094
2023-09-19,27211.1171875,36.36113357543945,132.25611877441406,179.22000122070312,23.068391799926758,144.06626892089844,364.44891357421875,14.109999656677246,4.364999771118164,5.309999942779541,63.90904235839844,92.90428924560547
2023-09-20,27132.0078125,36.21138381958008,130.98477172851562,179.35000610351562,23.077146530151367,141.69854736328125,359.1969909667969,15.140000343322754,4.348999977111816,5.315000057220459,63.85753631591797,92.93995666503906
2023-09-21,26567.6328125,35.58430480957031,128.50038146972656,178.0500030517578,22.648168563842773,138.86712646484375,352.6148986816406,17.540000915527344,4.480000019073486,5.304999828338623,63.402652740478516,92.00395202636719
2023-09-22,26579.568359375,36.00547790527344,128.67506408691406,178.6199951171875,23.45359230041504,140.05099487304688,352.6642761230469,17.200000762939453,4.438000202178955,5.304999828338623,63.51422882080078,92.56553649902344
2023-09-23,26579.390625,36.00547790527344,128.67506408691406,178.6199951171875,23.45359230041504,140.05099487304688,352.6642761230469,17.200000762939453,4.438000202178955,5.304999828338623,63.51422882080078,92.56553649902344
2023-09-24,26256.826171875,36.00547790527344,128.67506408691406,178.6199951171875,23.45359230041504,140.05099487304688,352.6642761230469,17.200000762939453,4.438000202178955,5.304999828338623,63.51422882080078,92.56553649902344
2023-09-25,26298.48046875,35.846370697021484,129.1020965576172,177.6999969482422,24.52165412902832,141.0375518798828,354.3392639160156,16.899999618530273,4.541999816894531,5.313000202178955,63.42840576171875,91.66520690917969
2023-09-26,26217.25,35.34096145629883,127.39723205566406,176.27999877929688,23.812530517578125,138.8079376220703,349.0184020996094,18.940000534057617,4.558000087738037,5.324999809265137,63.15372085571289,91.40669250488281
2023-09-27,26352.716796875,35.39711380004883,127.69923400878906,174.10000610351562,23.768756866455078,140.08059692382812,349.83624267578125,18.219999313354492,4.625999927520752,5.329999923706055,63.067928314208984,90.97882080078125
2023-09-28,27021.546875,35.49071502685547,128.614990234375,173.22999572753906,24.54792022705078,142.3496551513672,352.7627258300781,17.34000015258789,4.5970001220703125,5.308000087738037,63.368289947509766,91.13926696777344
2023-09-29,26911.720703125,35.5187873840332,128.39088439941406,171.4499969482422,23.67245864868164,143.03038024902344,353.0189208984375,17.520000457763672,4.572999954223633,5.300000190734863,63.27389144897461,90.94315338134766
2023-09-30,26967.916015625,35.5187873840332,128.39088439941406,171.4499969482422,23.67245864868164,143.03038024902344,353.0189208984375,17.520000457763672,4.572999954223633,5.300000190734863,63.27389144897461,90.94315338134766
2023-10-01,27983.75,35.5187873840332,128.39088439941406,171.4499969482422,23.67245864868164,143.03038024902344,353.0189208984375,17.520000457763672,4.572999954223633,5.300000190734863,63.27389144897461,90.94315338134766
2023-10-02,27530.78515625,35.34096145629883,128.70265197753906,169.64999389648438,22.823259353637695,144.26356506347656,355.965087890625,17.610000610351562,4.683000087738037,5.315000057220459,62.88995361328125,90.1099853515625
2023-10-03,27429.978515625,34.87299346923828,127.08545684814453,169.16000366210938,22.227947235107422,141.05728149414062,349.718017578125,19.780000686645508,4.802000045776367,5.340000152587891,62.25146484375,89.0718765258789
2023-10-04,27799.39453125,34.77004623413086,128.0791778564453,169.13999938964844,22.044099807739258,143.25729370117188,354.47723388671875,18.579999923706055,4.735000133514404,5.335000038146973,62.570709228515625,89.85045623779297
2023-10-05,27415.912109375,34.90107345581055,128.13760375976562,168.8300018310547,22.586885452270508,143.25729370117188,353.4327087402344,18.489999771118164,4.7170000076293945,5.324999809265137,62.6310920715332,89.74303436279297
2023-10-06,27946.59765625,35.40647888183594,129.9496307373047,169.6999969482422,22.90205192565918,146.35507202148438,359.354736328125,17.450000762939453,4.783999919891357,5.3480000495910645,62.7174072265625,89.47456359863281
2023-10-07,27968.83984375,35.40647888183594,129.9496307373047,169.6999969482422,22.90205192565918,146.35507202148438,359.354736328125,17.450000762939453,4.783999919891357,5.3480000495910645,62.7174072265625,89.47456359863281
2023-10-08,27935.08984375,35.40647888183594,129.9496307373047,169.6999969482422,22.90205192565918,146.35507202148438,359.354736328125,17.450000762939453,4.783999919891357,5.3480000495910645,62.7174072265625,89.47456359863281
2023-10-09,27583.677734375,35.23801040649414,130.95306396484375,172.82000732421875,22.525604248046875,145.9801788330078,361.1874694824219,17.700000762939453,4.796999931335449,5.3480000495910645,63.18330001831055,90.58428192138672
2023-10-10,27391.01953125,35.7434196472168,131.46939086914062,172.52999877929688,22.937070846557617,147.7855682373047,363.1876525878906,17.030000686645508,4.65500020980835,5.322999954223633,63.16604995727539,90.6200942993164
2023-10-11,26873.3203125,35.968040466308594,132.40463256835938,173.7899932861328,22.481830596923828,149.38377380371094,365.77911376953125,16.09000015258789,4.59499979019165,5.335000038146973,63.15742111206055,91.17493438720703
2023-10-12,26756.798828125,35.56558609008789,132.00521850585938,173.25999450683594,22.070363998413086,150.14341735839844,364.5080261230469,16.690000534057617,4.711999893188477,5.335000038146973,62.820919036865234,90.22632598876953
2023-10-13,26862.375,35.43455505371094,131.28428649902344,178.8300018310547,22.149152755737305,146.38465881347656,359.9261474609375,19.31999969482422,4.629000186920166,5.328000068664551,62.769168853759766,90.72748565673828
2023-10-14,26861.70703125,35.43455505371094,131.28428649902344,178.8300018310547,22.149152755737305,146.38465881347656,359.9261474609375,19.31999969482422,4.629000186920166,5.328000068664551,62.769168853759766,90.72748565673828
2023-10-15,27159.65234375,35.43455505371094,131.28428649902344,178.8300018310547,22.149152755737305,146.38465881347656,359.9261474609375,19.31999969482422,4.629000186920166,5.328000068664551,62.769168853759766,90.72748565673828
2023-10-16,28519.466796875,35.69662094116211,132.73583984375,177.9600067138672,21.772706985473633,148.0716552734375,363.9956359863281,17.209999084472656,4.711999893188477,5.328000068664551,62.75189208984375,90.10103607177734
2023-10-17,28415.748046875,35.60302734375,132.5215606689453,178.2899932861328,22.21919059753418,146.32546997070312,362.80340576171875,17.8799991607666,4.8470001220703125,5.340000152587891,62.45854187011719,89.38510131835938
2023-10-18,28328.341796875,35.060184478759766,130.8264617919922,180.8699951171875,22.24545669555664,143.39541625976562,358.0440979003906,19.219999313354492,4.9039998054504395,5.329999923706055,62.15654373168945,88.66915130615234
2023-10-19,28719.806640625,34.85427474975586,129.50149536132812,183.08999633789062,22.630657196044922,142.41871643066406,354.6940002441406,21.399999618530273,4.98799991607666,5.309999942779541,61.93223190307617,87.95321655273438
2023-10-20,29682.94921875,34.43310546875,128.0791778564453,183.58999633789062,22.490585327148438,140.1891326904297,349.4027099609375,21.709999084472656,4.923999786376953,5.300000190734863,62.06167221069336,88.30224609375
2023-10-21,29918.412109375,34.43310546875,128.0791778564453,183.58999633789062,22.490585327148438,140.1891326904297,349.4027099609375,21.709999084472656,4.923999786376953,5.300000190734863,62.06167221069336,88.30224609375
2023-10-22,29993.896484375,34.43310546875,128.0791778564453,183.58999633789062,22.490585327148438,140.1891326904297,349.4027099609375,21.709999084472656,4.923999786376953,5.300000190734863,62.06167221069336,88.30224609375
2023-10-23,33086.234375,34.405025482177734,128.0109405517578,182.97000122070312,22.46432113647461,140.68240356445312,350.45709228515625,20.3700008392334,4.8379998207092285,5.293000221252441,62.311851501464844,88.99132537841797
2023-10-24,33901.52734375,34.84491729736328,128.94622802734375,182.9499969482422,22.99835205078125,142.32992553710938,353.8663330078125,18.969999313354492,4.840000152587891,5.308000087738037,62.6310920715332,89.49248504638672
2023-10-25,34502.8203125,34.38630676269531,126.91010284423828,183.72000122070312,23.155935287475586,136.81509399414062,345.20513916015625,20.190000534057617,4.953000068664551,5.315000057220459,62.29461669921875,88.67810821533203
2023-10-26,34156.6484375,34.21784210205078,124.81554412841797,184.00999450683594,22.604394912719727,135.6115264892578,338.623046875,20.68000030517578,4.84499979019165,5.300000190734863,62.51033401489258,89.32244110107422
2023-10-27,33909.80078125,34.189762115478516,124.36743927001953,186.14999389648438,22.13164710998535,136.45008850097656,340.2489013671875,21.270000457763672,4.84499979019165,5.304999828338623,62.43266296386719,89.1434555053711
2023-10-28,34089.57421875,34.189762115478516,124.36743927001953,186.14999389648438,22.13164710998535,136.45008850097656,340.2489013671875,21.270000457763672,4.84499979019165,5.304999828338623,62.43266296386719,89.1434555053711
2023-10-29,34538.48046875,34.189762115478516,124.36743927001953,186.14999389648438,22.13164710998535,136.45008850097656,340.2489013671875,21.270000457763672,4.84499979019165,5.304999828338623,62.43266296386719,89.1434555053711
2023-10-30,34502.36328125,34.545413970947266,125.92615509033203,185.10000610351562,22.551868438720703,136.1047821044922,344.08184814453125,19.75,4.875,5.313000202178955,62.4499397277832,88.8749771118164
2023-10-31,34667.78125,34.348873138427734,126.49119567871094,184.08999633789062,23.49736785888672,137.0814666748047,345.7273864746094,18.139999389648438,4.875,5.320000171661377,62.613826751708984,88.74967956542969
2023-11-01,35437.25390625,34.66708755493164,127.796630859375,183.50999450683594,23.707477569580078,140.49496459960938,351.7281188964844,16.8700008392334,4.789000034332275,5.300000190734863,63.21064758300781,90.01980590820312
2023-11-02,34938.2421875,35.27544403076172,130.38803100585938,184.1199951171875,23.99637794494629,144.1353302001953,358.1131286621094,15.65999984741211,4.669000148773193,5.269999980926514,63.92198181152344,91.08867645263672
2023-11-03,34732.32421875,35.996116638183594,131.50836181640625,184.7899932861328,23.63743782043457,147.4994659423828,362.32049560546875,14.90999984741211,4.558000087738037,5.252999782562256,64.5465316772461,91.53777313232422
2023-11-04,35082.1953125,35.996116638183594,131.50836181640625,184.7899932861328,23.63743782043457,147.4994659423828,362.32049560546875,14.90999984741211,4.558000087738037,5.252999782562256,64.5465316772461,91.53777313232422
2023-11-05,35049.35546875,35.996116638183594,131.50836181640625,184.7899932861328,23.63743782043457,147.4994659423828,362.32049560546875,14.90999984741211,4.558000087738037,5.252999782562256,64.5465316772461,91.53777313232422
2023-11-06,35037.37109375,36.286258697509766,131.96624755859375,183.35000610351562,22.989595413208008,147.9335479736328,363.798583984375,14.890000343322754,4.6620001792907715,5.260000228881836,64.28630828857422,91.0527572631836
2023-11-07,35443.5625,36.22074890136719,132.55076599121094,182.58999633789062,23.34853744506836,148.8609161376953,367.23748779296875,14.8100004196167,4.571000099182129,5.2729997634887695,64.29497528076172,91.78031921386719
2023-11-08,35655.27734375,35.97740173339844,132.9599151611328,180.77000427246094,22.814504623413086,149.3936309814453,367.4739074707031,14.449999809265137,4.5229997634887695,5.26800012588501,64.32966613769531,92.24735260009766
2023-11-09,36693.125,35.640464782714844,132.10263061523438,181.49000549316406,23.366046905517578,149.12728881835938,364.64599609375,15.289999961853027,4.630000114440918,5.263000011444092,63.9306526184082,91.3132095336914
2023-11-10,37313.96875,35.893165588378906,134.24591064453125,179.50999450683594,23.514875411987305,155.1649932861328,372.8439636230469,14.170000076293945,4.627999782562256,5.25,64.24290466308594,91.77130126953125
2023-11-11,37138.05078125,35.893165588378906,134.24591064453125,179.50999450683594,23.514875411987305,155.1649932861328,372.8439636230469,14.170000076293945,4.627999782562256,5.25,64.24290466308594,91.77130126953125
2023-11-12,37054.51953125,35.893165588378906,134.24591064453125,179.50999450683594,23.514875411987305,155.1649932861328,372.8439636230469,14.170000076293945,4.627999782562256,5.25,64.24290466308594,91.77130126953125
2023-11-13,36502.35546875,35.88380432128906,134.02188110351562,180.50999450683594,24.223997116088867,154.2178955078125,371.6813049316406,14.760000228881836,4.631999969482422,5.260000228881836,64.18217468261719,91.78031921386719
2023-11-14,35537.640625,36.83846664428711,136.39889526367188,182.1199951171875,24.582935333251953,158.92373657226562,379.68231201171875,14.15999984741211,4.440999984741211,5.252999782562256,64.83277130126953,93.21745300292969
2023-11-15,37880.58203125,37.14732360839844,136.27227783203125,181.63999938964844,24.20648765563965,159.04214477539062,379.968017578125,14.180000305175781,4.534999847412109,5.255000114440918,64.62460327148438,92.7323989868164
2023-11-16,36154.76953125,36.79166793823242,136.1943359375,183.69000244140625,24.556673049926758,159.63406372070312,380.2932434082031,14.319999694824219,4.445000171661377,5.243000030517578,64.71131896972656,93.49589538574219
2023-11-17,36596.68359375,36.83846664428711,136.27227783203125,183.6699981689453,25.08194923400879,160.38385009765625,380.3819274902344,13.800000190734863,4.440999984741211,5.232999801635742,64.85879516601562,93.76536560058594
2023-11-18,36585.703125,36.83846664428711,136.27227783203125,183.6699981689453,25.08194923400879,160.38385009765625,380.3819274902344,13.800000190734863,4.440999984741211,5.232999801635742,64.85879516601562,93.76536560058594
2023-11-19,37386.546875,36.83846664428711,136.27227783203125,183.6699981689453,25.08194923400879,160.38385009765625,380.3819274902344,13.800000190734863,4.440999984741211,5.232999801635742,64.85879516601562,93.76536560058594
2023-11-20,37476.95703125,37.29706573486328,137.3828582763672,183.3699951171875,25.493417739868164,162.68251037597656,385.0129699707031,13.40999984741211,4.421999931335449,5.23799991607666,64.92818450927734,94.14262390136719
2023-11-21,35813.8125,37.063079833984375,137.12954711914062,185.35000610351562,25.134477615356445,160.28518676757812,382.7762756347656,13.350000381469727,4.418000221252441,5.255000114440918,65.01492309570312,94.16957092285156
2023-11-22,37432.33984375,36.988216400146484,137.52896118164062,184.55999755859375,25.222021102905273,159.93988037109375,384.34295654296875,12.850000381469727,4.415999889373779,5.264999866485596,65.12770080566406,94.54682922363281
2023-11-23,37289.62109375,36.988216400146484,137.52896118164062,184.55999755859375,25.222021102905273,159.93988037109375,384.34295654296875,12.850000381469727,4.415999889373779,5.264999866485596,65.12770080566406,94.54682922363281
2023-11-24,37720.28125,37.00693130493164,137.52896118164062,185.52000427246094,25.449642181396484,159.58473205566406,383.8011169433594,12.460000038146973,4.4720001220703125,5.252999782562256,65.05831909179688,94.06178283691406
2023-11-25,37796.79296875,37.00693130493164,137.52896118164062,185.52000427246094,25.449642181396484,159.58473205566406,383.8011169433594,12.460000038146973,4.4720001220703125,5.252999782562256,65.05831909179688,94.06178283691406
2023-11-26,37479.12109375,37.00693130493164,137.52896118164062,185.52000427246094,25.449642181396484,159.58473205566406,383.8011169433594,12.460000038146973,4.4720001220703125,5.252999782562256,65.05831909179688,94.06178283691406
2023-11-27,37254.16796875,36.857181549072266,137.11981201171875,186.77000427246094,25.414623260498047,159.486083984375,383.4660339355469,12.6899995803833,4.388999938964844,5.257999897003174,65.15375518798828,94.82525634765625
2023-11-28,37831.0859375,37.166038513183594,137.02236938476562,189.25999450683594,25.239530563354492,158.56857299804688,384.4710693359375,12.6899995803833,4.335999965667725,5.260000228881836,65.44000244140625,95.20252990722656
2023-11-29,37858.4921875,36.95077133178711,136.95419311523438,189.5399932861328,24.390335083007812,160.02867126464844,384.09661865234375,12.979999542236328,4.270999908447266,5.239999771118164,65.7956314086914,95.9749755859375
2023-11-30,37712.74609375,37.025657653808594,137.4315643310547,188.75,25.35334014892578,158.3219451904297,383.13104248046875,12.920000076293945,4.3520002365112305,5.23799991607666,65.67418670654297,95.47200012207031
2023-12-01,38688.75,37.184757232666016,138.2498779296875,192.00999450683594,25.335834503173828,158.9632110595703,384.2247619628906,12.630000114440918,4.22599983215332,5.215000152587891,66.21794891357422,96.62150573730469
2023-12-02,39476.33203125,37.184757232666016,138.2498779296875,192.00999450683594,25.335834503173828,158.9632110595703,384.2247619628906,12.630000114440918,4.22599983215332,5.215000152587891,66.21794891357422,96.62150573730469
2023-12-03,39978.390625,37.184757232666016,138.2498779296875,192.00999450683594,25.335834503173828,158.9632110595703,384.2247619628906,12.630000114440918,4.22599983215332,5.215000152587891,66.21794891357422,96.62150573730469
2023-12-04,41980.09765625,36.763580322265625,137.54847717285156,187.86000061035156,25.729787826538086,156.64480590820312,380.6578063964844,13.079999923706055,4.288000106811523,5.2230000495910645,66.05238342285156,96.17972564697266
2023-12-05,44080.6484375,36.538963317871094,137.4802703857422,187.14999389648438,25.178251266479492,156.64480590820312,381.6136169433594,12.850000381469727,4.171000003814697,5.243000030517578,66.11338806152344,96.94608306884766
2023-12-06,43746.4453125,36.492164611816406,137.08087158203125,187.83999633789062,24.93311882019043,155.38201904296875,379.4064636230469,12.970000267028809,4.120999813079834,5.243000030517578,66.12207794189453,97.30667877197266
2023-12-07,43292.6640625,36.66999435424805,138.1232452392578,188.14999389648438,24.94187355041504,158.93360900878906,384.70758056640625,13.0600004196167,4.129000186920166,5.232999801635742,66.2353744506836,97.31570434570312
2023-12-08,44166.6015625,36.51088333129883,138.8344268798828,185.63999938964844,25.195758819580078,160.29505920410156,386.4220886230469,12.350000381469727,4.244999885559082,5.232999801635742,66.10468292236328,96.79278564453125
2023-12-09,43725.984375,36.51088333129883,138.8344268798828,185.63999938964844,25.195758819580078,160.29505920410156,386.4220886230469,12.350000381469727,4.244999885559082,5.232999801635742,66.10468292236328,96.79278564453125
2023-12-10,43779.69921875,36.51088333129883,138.8344268798828,185.63999938964844,25.195758819580078,160.29505920410156,386.4220886230469,12.350000381469727,4.244999885559082,5.232999801635742,66.10468292236328,96.79278564453125
2023-12-11,41243.83203125,36.72615051269531,140.03271484375,183.58999633789062,25.15198516845703,164.14260864257812,389.7229309082031,12.630000114440918,4.238999843597412,5.232999801635742,66.06108856201172,96.7657241821289
2023-12-12,41450.22265625,36.73550796508789,141.12379455566406,183.49000549316406,25.467153549194336,165.87893676757812,392.8267822265625,12.069999694824219,4.205999851226807,5.248000144958496,66.20924377441406,97.31570434570312
2023-12-13,42890.7421875,37.100521087646484,142.75071716308594,187.6300048828125,25.195758819580078,167.83230590820312,397.8224792480469,12.1899995803833,4.0329999923706055,5.2230000495910645,67.22007751464844,98.94754791259766
2023-12-14,43023.97265625,37.64337158203125,142.6533203125,188.72999572753906,26.0537109375,170.93008422851562,397.4776306152344,12.479999542236328,3.930000066757202,5.215000152587891,67.51692199707031,99.99983978271484
2023-12-15,41929.7578125,37.41874313354492,142.5266571044922,187.0,25.397113800048828,171.73904418945312,399.39898681640625,12.279999732971191,3.927999973297119,5.224999904632568,67.3680648803711,99.85509490966797
2023-12-16,42240.1171875,37.41874313354492,142.5266571044922,187.0,25.397113800048828,171.73904418945312,399.39898681640625,12.279999732971191,3.927999973297119,5.224999904632568,67.3680648803711,99.85509490966797
2023-12-17,41364.6640625,37.41874313354492,142.5266571044922,187.0,25.397113800048828,171.73904418945312,399.39898681640625,12.279999732971191,3.927999973297119,5.224999904632568,67.3680648803711,99.85509490966797
2023-12-18,42623.5390625,37.400028228759766,143.52035522460938,187.85000610351562,25.95741081237793,172.039794921875,401.9147033691406,12.5600004196167,3.9539999961853027,5.224999904632568,67.41184997558594,99.43885803222656
2023-12-19,42270.52734375,37.71824264526367,144.173095703125,189.1300048828125,25.038175582885742,172.61544799804688,403.9682922363281,12.529999732971191,3.921999931335449,5.23799991607666,67.6044921875,99.5655288696289
2023-12-20,43652.25,37.039249420166016,142.29591369628906,188.10000610351562,24.73176383972168,167.81175231933594,397.9654235839844,13.670000076293945,3.877000093460083,5.230000019073486,67.61325073242188,99.82793426513672
2023-12-21,43869.15234375,37.73540496826172,143.55648803710938,189.42999267578125,25.63348960876465,171.96038818359375,402.595947265625,13.649999618530273,3.8940000534057617,5.210000038146973,67.91976165771484,99.79174041748047
2023-12-22,43997.90234375,37.55421829223633,143.35128784179688,190.27000427246094,25.843599319458008,171.98023986816406,403.1982421875,13.029999732971191,3.9010000228881836,5.208000183105469,67.8409423828125,99.61982727050781
2023-12-23,43739.54296875,37.55421829223633,143.35128784179688,190.27000427246094,25.843599319458008,171.98023986816406,403.1982421875,13.029999732971191,3.9010000228881836,5.208000183105469,67.8409423828125,99.61982727050781
2023-12-24,43016.1171875,37.55421829223633,143.35128784179688,190.27000427246094,25.843599319458008,171.98023986816406,403.1982421875,13.029999732971191,3.9010000228881836,5.208000183105469,67.8409423828125,99.61982727050781
2023-12-25,43613.140625,37.55421829223633,143.35128784179688,190.27000427246094,25.843599319458008,171.98023986816406,403.1982421875,13.029999732971191,3.9010000228881836,5.208000183105469,67.8409423828125,99.61982727050781
2023-12-26,42520.40234375,37.8498420715332,143.99620056152344,191.72000122070312,26.193782806396484,174.35231018066406,405.6664733886719,12.989999771118164,3.885999917984009,5.203000068664551,67.9723129272461,99.82793426513672
2023-12-27,43442.85546875,38.069175720214844,144.2698211669922,192.58999633789062,25.79107093811035,174.5408935546875,406.4923400878906,12.430000305175781,3.7890000343322754,5.235000133514404,68.25251770019531,100.75989532470703
2023-12-28,42627.85546875,38.36480712890625,144.227783203125,191.47000122070312,25.495817184448242,174.50120544433594,406.29473876953125,12.470000267028809,3.8499999046325684,5.2179999351501465,68.03357696533203,100.49748992919922
2023-12-29,42099.40234375,38.34573745727539,143.87574768066406,191.1699981689453,25.709365844726562,173.55831909179688,404.5364074707031,12.449999809265137,3.865999937057495,5.179999828338623,67.77088165283203,100.12652587890625
2023-12-30,42156.90234375,38.34573745727539,143.87574768066406,191.1699981689453,25.709365844726562,173.55831909179688,404.5364074707031,12.449999809265137,3.865999937057495,5.179999828338623,67.77088165283203,100.12652587890625
2023-12-31,42265.1875,38.34573745727539,143.87574768066406,191.1699981689453,25.709365844726562,173.55831909179688,404.5364074707031,12.449999809265137,3.865999937057495,5.179999828338623,67.77088165283203,100.12652587890625
2024-01-01,44167.33203125,38.34573745727539,143.87574768066406,191.1699981689453,25.709365844726562,173.55831909179688,404.5364074707031,12.449999809265137,3.865999937057495,5.179999828338623,67.77088165283203,100.12652587890625
2024-01-02,44957.96875,37.89752197265625,142.82952880859375,190.72000122070312,25.189422607421875,167.70257568359375,397.6907043457031,13.199999809265137,3.946000099182129,5.2129998207092285,67.5431900024414,99.44792175292969
2024-01-03,42848.17578125,37.68772506713867,141.9103546142578,189.1300048828125,24.9108829498291,164.72506713867188,393.48260498046875,14.039999961853027,3.9070000648498535,5.235000133514404,67.35931396484375,99.22171020507812
2024-01-04,44179.921875,37.563751220703125,141.4116668701172,189.32000732421875,25.25441551208496,163.75242614746094,391.45751953125,14.130000114440918,3.990999937057495,5.228000164031982,67.09659576416016,98.66975402832031
2024-01-05,44162.69140625,37.61143493652344,141.53880310058594,189.35000610351562,25.03158187866211,164.83425903320312,391.9218444824219,13.350000381469727,4.041999816894531,5.21999979019165,67.14913177490234,98.31687927246094
2024-01-06,43989.1953125,37.61143493652344,141.53880310058594,189.35000610351562,25.03158187866211,164.83425903320312,391.9218444824219,13.350000381469727,4.041999816894531,5.21999979019165,67.14913177490234,98.31687927246094
2024-01-07,43943.09765625,37.61143493652344,141.53880310058594,189.35000610351562,25.03158187866211,164.83425903320312,391.9218444824219,13.350000381469727,4.041999816894531,5.21999979019165,67.14913177490234,98.31687927246094
2024-01-08,46970.50390625,37.71633529663086,143.6313018798828,187.8699951171875,25.402973175048828,170.67015075683594,400.0220031738281,13.079999923706055,4.001999855041504,5.21999979019165,67.52566528320312,99.06788635253906
2024-01-09,46139.73046875,37.18229675292969,143.52374267578125,187.92999267578125,26.433574676513672,171.12669372558594,400.812255859375,12.760000228881836,4.019000053405762,5.230000019073486,67.63079071044922,99.23979949951172
2024-01-10,46627.77734375,37.096473693847656,144.38421630859375,187.5,26.73068618774414,171.28549194335938,403.5288391113281,12.6899995803833,4.03000020980835,5.224999904632568,67.75335693359375,99.1131362915039
2024-01-11,46368.5859375,37.249053955078125,144.73626708984375,187.8699951171875,27.28776741027832,172.2581329345703,404.3684997558594,12.4399995803833,3.9769999980926514,5.2179999351501465,67.9723129272461,99.7103042602539
2024-01-12,42853.16796875,37.38256072998047,145.0882568359375,189.7100067138672,29.228273391723633,171.6527099609375,404.575927734375,12.699999809265137,3.950000047683716,5.197999954223633,68.0423583984375,99.92745208740234
2024-01-13,42842.3828125,37.38256072998047,145.0882568359375,189.7100067138672,29.228273391723633,171.6527099609375,404.575927734375,12.699999809265137,3.950000047683716,5.197999954223633,68.0423583984375,99.92745208740234
2024-01-14,41796.26953125,37.38256072998047,145.0882568359375,189.7100067138672,29.228273391723633,171.6527099609375,404.575927734375,12.699999809265137,3.950000047683716,5.197999954223633,68.0423583984375,99.92745208740234
2024-01-15,42511.96875,37.38256072998047,145.0882568359375,189.7100067138672,29.228273391723633,171.6527099609375,404.575927734375,12.699999809265137,3.950000047683716,5.197999954223633,68.0423583984375,99.92745208740234
2024-01-16,43154.9453125,36.47660446166992,144.46246337890625,187.91000366210938,28.99615478515625,174.382080078125,404.5364074707031,13.84000015258789,4.065999984741211,5.203000068664551,67.61325073242188,98.9140625
2024-01-17,42742.65234375,35.93303298950195,143.88552856445312,185.83999633789062,28.420503616333008,173.33004760742188,402.2544860839844,14.789999961853027,4.105999946594238,5.215000152587891,67.32426452636719,98.70594024658203
2024-01-18,41262.05859375,36.22866439819336,145.3522491455078,187.3699951171875,28.578344345092773,178.95750427246094,407.96417236328125,14.130000114440918,4.144000053405762,5.199999809265137,67.46439361572266,98.51594543457031
2024-01-19,41618.40625,36.6101188659668,147.46434020996094,187.92999267578125,28.25337791442871,185.77597045898438,416.0545349121094,13.300000190734863,4.145999908447266,5.197999954223633,67.57823181152344,98.61548614501953
2024-01-20,41665.5859375,36.6101188659668,147.46434020996094,187.92999267578125,28.25337791442871,185.77597045898438,416.0545349121094,13.300000190734863,4.145999908447266,5.197999954223633,67.57823181152344,98.61548614501953
2024-01-21,41545.78515625,36.6101188659668,147.46434020996094,187.92999267578125,28.25337791442871,185.77597045898438,416.0545349121094,13.300000190734863,4.145999908447266,5.197999954223633,67.57823181152344,98.61548614501953
2024-01-22,39507.3671875,36.2858772277832,147.9825897216797,187.22000122070312,27.40846824645996,186.6394500732422,416.5978088378906,13.1899995803833,4.093999862670898,5.199999809265137,67.63079071044922,98.88693237304688
2024-01-23,39845.55078125,36.600582122802734,147.650146484375,187.9499969482422,28.16053009033203,187.5922393798828,418.3265380859375,12.550000190734863,4.142000198364258,5.210000038146973,67.55196380615234,98.52500915527344
2024-01-24,40077.07421875,37.01064682006836,147.91415405273438,186.39999389648438,27.863420486450195,190.9270477294922,420.6479187011719,13.140000343322754,4.177999973297119,5.210000038146973,67.51692199707031,98.33499908447266
2024-01-25,39933.80859375,37.058326721191406,148.3444061279297,187.13999938964844,27.362043380737305,190.9270477294922,421.16156005859375,13.449999809265137,4.131999969482422,5.195000171661377,68.03357696533203,98.98644256591797
2024-01-26,41816.87109375,37.08693313598633,147.99237060546875,187.00999450683594,27.47346305847168,186.85781860351562,418.65252685546875,13.260000228881836,4.159999847412109,5.199999809265137,67.98104858398438,98.70594024658203
2024-01-27,42120.0546875,37.08693313598633,147.99237060546875,187.00999450683594,27.47346305847168,186.85781860351562,418.65252685546875,13.260000228881836,4.159999847412109,5.199999809265137,67.98104858398438,98.70594024658203
2024-01-28,42035.59375,37.08693313598633,147.99237060546875,187.00999450683594,27.47346305847168,186.85781860351562,418.65252685546875,13.260000228881836,4.159999847412109,5.199999809265137,67.98104858398438,98.70594024658203
2024-01-29,43288.24609375,37.10600280761719,149.34173583984375,188.3300018310547,27.881990432739258,189.0512237548828,422.939697265625,13.600000381469727,4.091000080108643,5.199999809265137,68.12992858886719,99.1131362915039
2024-01-30,42952.609375,36.81037902832031,149.34173583984375,188.58999633789062,28.36479377746582,187.17539978027344,420.1243896484375,13.3100004196167,4.059000015258789,5.203000068664551,68.0423583984375,99.4298095703125
2024-01-31,42582.60546875,36.6101188659668,147.1612548828125,188.4499969482422,28.151247024536133,184.47579956054688,411.8957214355469,14.350000381469727,3.9670000076293945,5.188000202178955,67.84970092773438,99.68315124511719
2024-02-01,43075.7734375,36.96295928955078,148.92129516601562,190.41000366210938,29.906057357788086,186.16305541992188,416.74603271484375,13.880000114440918,3.86299991607666,5.199999809265137,68.2404556274414,100.45407104492188
2024-02-02,43185.859375,36.858062744140625,150.87692260742188,188.61000061035156,29.265411376953125,189.78567504882812,423.78924560546875,13.850000381469727,4.0329999923706055,5.210000038146973,67.93243408203125,99.53697967529297
2024-02-03,42992.25,36.858062744140625,150.87692260742188,188.61000061035156,29.265411376953125,189.78567504882812,423.78924560546875,13.850000381469727,4.0329999923706055,5.210000038146973,67.93243408203125,99.53697967529297
2024-02-04,42583.58203125,36.858062744140625,150.87692260742188,188.61000061035156,29.265411376953125,189.78567504882812,423.78924560546875,13.850000381469727,4.0329999923706055,5.210000038146973,67.93243408203125,99.53697967529297
2024-02-05,42658.66796875,36.90574264526367,150.78892517089844,187.57000732421875,28.791893005371094,193.48770141601562,423.2361145019531,13.670000076293945,4.164000034332275,5.228000164031982,67.61559295654297,98.58356475830078
2024-02-06,43084.671875,37.74494552612305,151.05291748046875,188.5500030517578,28.73618507385254,191.29428100585938,422.38653564453125,13.0600004196167,4.090000152587891,5.2230000495910645,67.86199951171875,99.137451171875
2024-02-07,44318.22265625,37.79262924194336,152.82275390625,188.5,29.061145782470703,195.15509033203125,426.7329406738281,12.829999923706055,4.110000133514404,5.2230000495910645,67.97642517089844,98.84687805175781
2024-02-08,45301.56640625,37.58282470703125,153.1845703125,188.3300018310547,27.854137420654297,197.93408203125,427.52325439453125,12.789999961853027,4.170000076293945,5.2179999351501465,67.94122314453125,98.33839416503906
2024-02-09,47147.19921875,37.74494552612305,154.14283752441406,187.60000610351562,27.640588760375977,202.32095336914062,431.73138427734375,12.930000305175781,4.186999797821045,5.21999979019165,68.08201599121094,98.21127319335938
2024-02-10,47771.27734375,37.74494552612305,154.14283752441406,187.60000610351562,27.640588760375977,202.32095336914062,431.73138427734375,12.930000305175781,4.186999797821045,5.21999979019165,68.08201599121094,98.21127319335938
2024-02-11,48293.91796875,37.74494552612305,154.14283752441406,187.60000610351562,27.640588760375977,202.32095336914062,431.73138427734375,12.930000305175781,4.186999797821045,5.21999979019165,68.08201599121094,98.21127319335938
2024-02-12,49958.22265625,38.040565490722656,154.13304138183594,187.11000061035156,27.631303787231445,201.536865234375,430.0422058105469,13.930000305175781,4.171999931335449,5.228000164031982,67.93243408203125,98.22034454345703
2024-02-13,49742.44140625,37.325340270996094,152.21653747558594,184.52999877929688,26.73996925354004,197.80506896972656,423.3348083496094,15.850000381469727,4.315999984741211,5.232999801635742,67.38677978515625,97.13980865478516
2024-02-14,51826.6953125,37.859378814697266,153.761474609375,184.4199981689453,27.15778160095215,201.7750701904297,427.9480895996094,14.380000114440918,4.267000198364258,5.2179999351501465,67.65079498291016,97.59383392333984
2024-02-15,51938.5546875,38.040565490722656,154.6512908935547,185.66000366210938,27.111358642578125,201.1001739501953,429.22235107421875,14.010000228881836,4.239999771118164,5.2179999351501465,67.88843536376953,97.94791412353516
2024-02-16,52160.203125,38.22175979614258,153.47792053222656,186.33999633789062,26.888525009155273,200.23667907714844,425.33026123046875,14.239999771118164,4.295000076293945,5.2230000495910645,67.68601989746094,97.59383392333984
2024-02-17,51662.99609375,38.22175979614258,153.47792053222656,186.33999633789062,26.888525009155273,200.23667907714844,425.33026123046875,14.239999771118164,4.295000076293945,5.2230000495910645,67.68601989746094,97.59383392333984
2024-02-18,52122.546875,38.22175979614258,153.47792053222656,186.33999633789062,26.888525009155273,200.23667907714844,425.33026123046875,14.239999771118164,4.295000076293945,5.2230000495910645,67.68601989746094,97.59383392333984
2024-02-19,51779.14453125,38.22175979614258,153.47792053222656,186.33999633789062,26.888525009155273,200.23667907714844,425.33026123046875,14.239999771118164,4.295000076293945,5.2230000495910645,67.68601989746094,97.59383392333984
2024-02-20,52284.875,38.27897644042969,152.33384704589844,187.47000122070312,26.052902221679688,196.2964630126953,422.11981201171875,15.420000076293945,4.275000095367432,5.2129998207092285,67.82682800292969,97.92070007324219
2024-02-21,51839.1796875,38.34573745727539,152.5783233642578,187.47999572753906,26.32215690612793,195.03599548339844,420.43060302734375,15.34000015258789,4.324999809265137,5.235000133514404,67.70362854003906,97.67555236816406
2024-02-22,51304.97265625,38.736724853515625,156.5091552734375,187.55999755859375,25.74650764465332,208.35533142089844,432.7389831542969,14.539999961853027,4.327000141143799,5.232999801635742,68.02925109863281,97.82990264892578
2024-02-23,50731.94921875,38.7176513671875,156.70469665527344,188.6199951171875,25.050151824951172,207.05516052246094,431.46466064453125,13.75,4.260000228881836,5.239999771118164,68.0732421875,98.1204605102539
2024-02-24,51571.1015625,38.7176513671875,156.70469665527344,188.6199951171875,25.050151824951172,207.05516052246094,431.46466064453125,13.75,4.260000228881836,5.239999771118164,68.0732421875,98.1204605102539
2024-02-25,51733.23828125,38.7176513671875,156.70469665527344,188.6199951171875,25.050151824951172,207.05516052246094,431.46466064453125,13.75,4.260000228881836,5.239999771118164,68.0732421875,98.1204605102539
2024-02-26,54522.40234375,38.545997619628906,156.5580596923828,188.1999969482422,25.570096969604492,208.77218627929688,431.2374572753906,13.739999771118164,4.298999786376953,5.25,67.85320281982422,97.81172943115234
2024-02-27,57085.37109375,38.622291564941406,156.54827880859375,188.0,26.00647735595703,208.16676330566406,432.2746887207031,13.430000305175781,4.315000057220459,5.244999885559082,67.94122314453125,97.67555236816406
2024-02-28,62504.7890625,38.116859436035156,156.2060089111328,188.33999633789062,25.551528930664062,205.854248046875,429.9730224609375,13.84000015258789,4.27400016784668,5.239999771118164,67.93243408203125,97.66645812988281
2024-02-29,61198.3828125,38.13593292236328,156.7242431640625,189.30999755859375,25.495817184448242,210.3601837158203,433.65765380859375,13.399999618530273,4.251999855041504,5.2230000495910645,68.05562591552734,97.75724792480469
2024-03-01,62440.6328125,38.603214263916016,158.77767944335938,192.88999938964844,26.266450881958008,218.8857421875,440.1872253417969,13.109999656677246,4.179999828338623,5.215000152587891,68.310546875,98.35237121582031
2024-03-02,62029.84765625,38.603214263916016,158.77767944335938,192.88999938964844,26.266450881958008,218.8857421875,440.1872253417969,13.109999656677246,4.179999828338623,5.215000152587891,68.310546875,98.35237121582031
2024-03-03,63167.37109375,38.603214263916016,158.77767944335938,192.88999938964844,26.266450881958008,218.8857421875,440.1872253417969,13.109999656677246,4.179999828338623,5.215000152587891,68.310546875,98.35237121582031
2024-03-04,68330.4140625,38.51738357543945,158.6603240966797,196.00999450683594,25.718650817871094,222.40911865234375,438.6165466308594,13.489999771118164,4.218999862670898,5.2230000495910645,68.2928237915039,98.17010498046875
2024-03-05,63801.19921875,38.17407989501953,156.93936157226562,197.19000244140625,25.579381942749023,219.00485229492188,430.7435607910156,14.460000038146973,4.13700008392334,5.224999904632568,68.23971557617188,98.707763671875
2024-03-06,66106.8046875,38.72718811035156,158.0834197998047,198.80999755859375,26.00647735595703,224.6521759033203,433.4502258300781,14.5,4.104000091552734,5.230000019073486,68.40792846679688,98.97208404541016
2024-03-07,66925.484375,38.965599060058594,159.9315185546875,199.94000244140625,27.25063133239746,232.41351318359375,440.0292053222656,14.4399995803833,4.0920000076293945,5.228000164031982,68.48754119873047,99.21814727783203
2024-03-08,68300.09375,38.927452087402344,158.02474975585938,201.6300048828125,26.052902221679688,223.30238342285156,433.6774597167969,14.739999771118164,4.089000225067139,5.228000164031982,68.50525665283203,99.35484313964844
2024-03-09,68498.8828125,38.927452087402344,158.02474975585938,201.6300048828125,26.052902221679688,223.30238342285156,433.6774597167969,14.739999771118164,4.089000225067139,5.228000164031982,68.50525665283203,99.35484313964844
2024-03-10,69019.7890625,38.927452087402344,158.02474975585938,201.6300048828125,26.052902221679688,223.30238342285156,433.6774597167969,14.739999771118164,4.089000225067139,5.228000164031982,68.50525665283203,99.35484313964844
2024-03-11,72123.90625,39.01327896118164,157.5847625732422,202.0,26.034334182739258,219.32244873046875,432.0672912597656,15.220000267028809,4.104000091552734,5.239999771118164,68.49639892578125,99.37305450439453
2024-03-12,71481.2890625,39.442420959472656,159.88259887695312,199.7899932861328,26.136463165283203,226.260009765625,438.2608947753906,13.84000015258789,4.15500020980835,5.239999771118164,68.5583724975586,99.05409240722656
2024-03-13,73083.5,39.318443298339844,159.64793395996094,201.19000244140625,25.375118255615234,221.7838592529297,434.8924865722656,13.75,4.191999912261963,5.23799991607666,68.58490753173828,98.95384979248047
2024-03-14,71396.59375,39.11818313598633,159.39369201660156,200.35000610351562,25.46796417236328,217.81385803222656,433.7959899902344,14.399999618530273,4.297999858856201,5.23799991607666,68.2574462890625,98.22476196289062
2024-03-15,69403.7734375,38.8797721862793,157.89764404296875,199.7100067138672,25.895061492919922,216.2060089111328,428.6394958496094,14.40999984741211,4.303999900817871,5.23799991607666,68.21318817138672,98.25209045410156
2024-03-16,65315.1171875,38.8797721862793,157.89764404296875,199.7100067138672,25.895061492919922,216.2060089111328,428.6394958496094,14.40999984741211,4.303999900817871,5.23799991607666,68.21318817138672,98.25209045410156
2024-03-17,68390.625,38.8797721862793,157.89764404296875,199.7100067138672,25.895061492919922,216.2060089111328,428.6394958496094,14.40999984741211,4.303999900817871,5.23799991607666,68.21318817138672,98.25209045410156
2024-03-18,67548.59375,38.94652557373047,158.78746032714844,200.02999877929688,26.173603057861328,216.6427001953125,432.7276306152344,14.329999923706055,4.340000152587891,5.23799991607666,68.37248992919922,98.08807373046875
2024-03-19,61912.7734375,38.755794525146484,159.7163848876953,199.8000030517578,25.802215576171875,216.1663055419922,433.8057556152344,13.819999694824219,4.296999931335449,5.23799991607666,68.64686584472656,98.3705825805664
2024-03-20,67913.671875,39.1944694519043,161.28086853027344,202.17999267578125,26.647125244140625,219.63011169433594,438.94921875,13.039999961853027,4.2729997634887695,5.228000164031982,68.8769760131836,98.5528564453125
2024-03-21,65491.390625,39.242156982421875,162.13841247558594,201.97000122070312,26.869956970214844,224.6124725341797,441.0264587402344,12.920000076293945,4.270999908447266,5.228000164031982,68.8415756225586,98.69866180419922
2024-03-22,63778.76171875,38.965599060058594,161.29559326171875,200.35000610351562,26.786396026611328,225.9324951171875,441.5308837890625,13.0600004196167,4.2179999351501465,5.21999979019165,68.7707748413086,99.03587341308594
2024-03-23,64062.203125,38.965599060058594,161.29559326171875,200.35000610351562,26.786396026611328,225.9324951171875,441.5308837890625,13.0600004196167,4.2179999351501465,5.21999979019165,68.7707748413086,99.03587341308594
2024-03-24,67234.171875,38.965599060058594,161.29559326171875,200.35000610351562,26.786396026611328,225.9324951171875,441.5308837890625,13.0600004196167,4.2179999351501465,5.21999979019165,68.7707748413086,99.03587341308594
2024-03-25,69958.8125,38.99420166015625,160.66835021972656,200.99000549316406,26.350011825561523,225.37669372558594,439.92852783203125,13.1899995803833,4.252999782562256,5.2179999351501465,68.66456604003906,98.69866180419922
2024-03-26,69987.8359375,38.965599060058594,160.05093383789062,201.63999938964844,26.350011825561523,223.2825164794922,438.504150390625,13.239999771118164,4.234000205993652,5.2179999351501465,68.58490753173828,98.67133331298828
2024-03-27,69455.34375,39.032352447509766,160.88397216796875,203.10000610351562,26.517135620117188,223.20310974121094,439.9977722167969,12.779999732971191,4.196000099182129,5.215000152587891,68.94780731201172,99.35484313964844
2024-03-28,70744.953125,39.17539978027344,161.07017517089844,205.72000122070312,26.767822265625,223.30238342285156,439.1866760253906,13.010000228881836,4.205999851226807,5.203000068664551,68.79735565185547,99.26371765136719
2024-03-29,69892.828125,39.17539978027344,161.07017517089844,205.72000122070312,26.767822265625,223.30238342285156,439.1866760253906,13.010000228881836,4.205999851226807,5.203000068664551,68.79735565185547,99.26371765136719
2024-03-30,69645.3046875,39.17539978027344,161.07017517089844,205.72000122070312,26.767822265625,223.30238342285156,439.1866760253906,13.010000228881836,4.205999851226807,5.203000068664551,68.79735565185547,99.26371765136719
2024-03-31,71333.6484375,39.17539978027344,161.07017517089844,205.72000122070312,26.767822265625,223.30238342285156,439.1866760253906,13.010000228881836,4.205999851226807,5.203000068664551,68.79735565185547,99.26371765136719
2024-04-01,69702.1484375,39.242156982421875,160.59974670410156,207.82000732421875,27.965553283691406,226.23023986816406,440.116455078125,13.649999618530273,4.328999996185303,5.2179999351501465,68.51710510253906,98.31321716308594
2024-04-02,65446.97265625,39.366127014160156,159.60009765625,210.88999938964844,28.216238021850586,223.3222198486328,436.318115234375,14.609999656677246,4.364999771118164,5.2129998207092285,68.40145874023438,98.16685485839844
2024-04-03,65980.8125,39.39473342895508,159.6490936279297,212.74000549316406,29.135425567626953,224.21546936035156,437.29742431640625,14.329999923706055,4.355000019073486,5.210000038146973,68.45484161376953,98.23089599609375
2024-04-04,68508.84375,39.251686096191406,157.39501953125,211.52000427246094,28.049114227294922,218.24063110351562,430.61083984375,16.350000381469727,4.309000015258789,5.203000068664551,68.40145874023438,98.34070587158203
2024-04-05,67837.640625,39.33751678466797,159.2963104248047,215.13999938964844,28.355512619018555,220.97000122070312,435.68511962890625,16.030000686645508,4.377999782562256,5.215000152587891,68.3392105102539,97.91070556640625
2024-04-06,68896.109375,39.33751678466797,159.2963104248047,215.13999938964844,28.355512619018555,220.97000122070312,435.68511962890625,16.030000686645508,4.377999782562256,5.215000152587891,68.3392105102539,97.91070556640625
2024-04-07,69362.5546875,39.33751678466797,159.2963104248047,215.13999938964844,28.355512619018555,220.97000122070312,435.68511962890625,16.030000686645508,4.377999782562256,5.215000152587891,68.3392105102539,97.91070556640625
2024-04-08,71631.359375,39.595001220703125,159.19830322265625,216.47999572753906,28.179100036621094,221.3868408203125,435.813720703125,15.1899995803833,4.423999786376953,5.2230000495910645,68.49932098388672,97.90157318115234
2024-04-09,69139.015625,39.86201858520508,159.2178955078125,217.6699981689453,27.891277313232422,222.41905212402344,437.426025390625,14.979999542236328,4.366000175476074,5.21999979019165,68.64165496826172,98.40470886230469
2024-04-10,70587.8828125,39.318443298339844,157.66943359375,215.61000061035156,28.169815063476562,220.48365783691406,433.6079406738281,15.800000190734863,4.559999942779541,5.243000030517578,68.03672790527344,97.00505828857422
2024-04-11,70060.609375,39.556854248046875,159.07089233398438,219.8000030517578,28.699045181274414,225.60496520996094,440.5318908691406,14.90999984741211,4.576000213623047,5.23799991607666,67.97445678710938,96.8038101196289
2024-04-12,67195.8671875,38.65089797973633,156.95394897460938,216.88999938964844,28.058399200439453,219.02468872070312,433.5090026855469,17.309999465942383,4.499000072479248,5.230000019073486,67.9388656616211,97.02337646484375
2024-04-13,63821.47265625,38.65089797973633,156.95394897460938,216.88999938964844,28.058399200439453,219.02468872070312,433.5090026855469,17.309999465942383,4.499000072479248,5.230000019073486,67.9388656616211,97.02337646484375
2024-04-14,65738.7265625,38.65089797973633,156.95394897460938,216.88999938964844,28.058399200439453,219.02468872070312,433.5090026855469,17.309999465942383,4.499000072479248,5.230000019073486,67.9388656616211,97.02337646484375
2024-04-15,63426.2109375,38.4029541015625,155.01351928710938,220.9499969482422,27.343477249145508,215.72959899902344,426.3773193359375,19.229999542236328,4.627999782562256,5.23799991607666,67.54744720458984,95.95307159423828
2024-04-16,63811.86328125,37.89752197265625,155.1605224609375,221.22000122070312,26.823532104492188,217.51609802246094,426.4168701171875,18.399999618530273,4.658999919891357,5.232999801635742,67.32506561279297,95.63287353515625
2024-04-17,61276.69140625,37.86891555786133,154.07266235351562,219.58999633789062,26.9256649017334,210.80679321289062,421.21405029296875,18.209999084472656,4.585000038146973,5.239999771118164,67.41397857666016,96.15430450439453
2024-04-18,63512.75390625,38.02149963378906,153.73944091796875,220.33999633789062,26.814247131347656,207.06509399414062,418.8104248046875,18.0,4.646999835968018,5.243000030517578,67.46736907958984,95.96219635009766
2024-04-19,63843.5703125,37.86891555786133,151.4755401611328,221.02999877929688,26.767822265625,197.71575927734375,410.14556884765625,18.709999084472656,4.614999771118164,5.244999885559082,67.59192657470703,96.06281280517578
2024-04-20,64994.44140625,37.86891555786133,151.4755401611328,221.02999877929688,26.767822265625,197.71575927734375,410.14556884765625,18.709999084472656,4.614999771118164,5.244999885559082,67.59192657470703,96.06281280517578
2024-04-21,64926.64453125,37.86891555786133,151.4755401611328,221.02999877929688,26.767822265625,197.71575927734375,410.14556884765625,18.709999084472656,4.614999771118164,5.244999885559082,67.59192657470703,96.06281280517578
2024-04-22,66837.6796875,38.27897644042969,152.76919555664062,215.57000732421875,26.916378021240234,201.49716186523438,414.2702941894531,16.940000534057617,4.623000144958496,5.244999885559082,67.9655532836914,96.30068969726562
2024-04-23,66407.2734375,38.59368133544922,154.52349853515625,215.0399932861328,27.139211654663086,206.24131774902344,420.4524230957031,15.6899995803833,4.5980000495910645,5.244999885559082,68.2413330078125,96.46534729003906
2024-04-24,64276.8984375,38.72718811035156,154.4156951904297,214.63999938964844,26.97208595275879,206.47950744628906,421.87677001953125,15.970000267028809,4.6519999504089355,5.255000114440918,68.09008026123047,96.09027862548828
2024-04-25,64481.70703125,38.81301498413086,153.9452667236328,215.9199981689453,27.092790603637695,210.60830688476562,419.8392028808594,15.369999885559082,4.705999851226807,5.244999885559082,67.94776916503906,95.80670166015625
2024-04-26,63755.3203125,39.26122283935547,155.8759307861328,216.6199951171875,27.38990020751953,216.0074920654297,426.31805419921875,15.029999732971191,4.669000148773193,5.23799991607666,68.16129302978516,96.17259979248047
2024-04-27,63419.140625,39.26122283935547,155.8759307861328,216.6199951171875,27.38990020751953,216.0074920654297,426.31805419921875,15.029999732971191,4.669000148773193,5.23799991607666,68.16129302978516,96.17259979248047
2024-04-28,63113.23046875,39.26122283935547,155.8759307861328,216.6199951171875,27.38990020751953,216.0074920654297,426.31805419921875,15.029999732971191,4.669000148773193,5.23799991607666,68.16129302978516,96.17259979248047
2024-04-29,63841.12109375,39.64268112182617,155.7975616455078,216.17999267578125,28.206953048706055,216.74195861816406,428.0489196777344,14.670000076293945,4.613999843597412,5.243000030517578,68.36589050292969,96.57513427734375
2024-04-30,60636.85546875,39.08957290649414,153.82766723632812,211.8699951171875,26.712116241455078,212.484130859375,419.97760009765625,15.649999618530273,4.685999870300293,5.244999885559082,67.8676986694336,96.04454040527344
2024-05-01,58254.01171875,39.127716064453125,153.07302856445312,213.7899932861328,27.547740936279297,206.2909393310547,416.94091796875,15.390000343322754,4.59499979019165,5.25,68.22543334960938,96.44403076171875
2024-05-02,59123.43359375,40.138572692871094,154.22946166992188,213.1300048828125,28.36479377746582,210.43959045410156,422.2625732421875,14.680000305175781,4.571000099182129,5.23799991607666,68.64573669433594,97.04103088378906
2024-05-03,62889.8359375,40.500953674316406,156.01316833496094,212.9600067138672,28.624765396118164,216.09683227539062,430.74932861328125,13.489999771118164,4.5,5.235000133514404,68.931884765625,97.72066497802734
2024-05-04,63891.47265625,40.500953674316406,156.01316833496094,212.9600067138672,28.624765396118164,216.09683227539062,430.74932861328125,13.489999771118164,4.5,5.235000133514404,68.931884765625,97.72066497802734
2024-05-05,64031.1328125,40.500953674316406,156.01316833496094,212.9600067138672,28.624765396118164,216.09683227539062,430.74932861328125,13.489999771118164,4.5,5.235000133514404,68.931884765625,97.72066497802734
2024-05-06,63161.94921875,40.539100646972656,158.12022399902344,215.1999969482422,29.451107025146484,220.99977111816406,435.467529296875,13.489999771118164,4.488999843597412,5.239999771118164,69.01239776611328,97.9961929321289
2024-05-07,62334.81640625,40.31022262573242,158.62985229492188,214.2100067138672,29.469675064086914,219.07432556152344,435.5367431640625,13.229999542236328,4.4629998207092285,5.243000030517578,69.0213394165039,98.0421142578125
2024-05-08,61187.94140625,40.319759368896484,158.62985229492188,213.5800018310547,28.75475311279297,219.73928833007812,435.2795715332031,13.0,4.492000102996826,5.244999885559082,68.8603515625,97.79413604736328
2024-05-09,63049.9609375,40.44373321533203,159.14930725097656,216.9499969482422,29.543954849243164,218.32994079589844,436.2291259765625,12.6899995803833,4.448999881744385,5.239999771118164,68.87823486328125,97.95026397705078
2024-05-10,60792.77734375,40.52956008911133,159.6883087158203,218.7100067138672,28.98686981201172,221.62506103515625,437.2579040527344,12.550000190734863,4.504000186920166,5.243000030517578,68.77093505859375,97.63800048828125
2024-05-11,60793.7109375,40.52956008911133,159.6883087158203,218.7100067138672,28.98686981201172,221.62506103515625,437.2579040527344,12.550000190734863,4.504000186920166,5.243000030517578,68.77093505859375,97.63800048828125
2024-05-12,61448.39453125,40.52956008911133,159.6883087158203,218.7100067138672,28.98686981201172,221.62506103515625,437.2579040527344,12.550000190734863,4.504000186920166,5.243000030517578,68.77093505859375,97.63800048828125
2024-05-13,62901.44921875,40.8347282409668,159.59030151367188,216.25999450683594,28.64333724975586,221.58534240722656,438.2667541503906,13.600000381469727,4.480999946594238,5.239999771118164,68.75304412841797,97.67473602294922
2024-05-14,61552.7890625,41.05406188964844,160.29592895507812,218.08999633789062,28.9125919342041,225.37669372558594,441.0858154296875,13.420000076293945,4.445000171661377,5.235000133514404,68.8603515625,97.95945739746094
2024-05-15,66267.4921875,41.492733001708984,162.89305114746094,220.88999938964844,29.209701538085938,232.14553833007812,447.9800720214844,12.449999809265137,4.355999946594238,5.239999771118164,69.26278686523438,98.83196258544922
2024-05-16,65231.58203125,41.57855987548828,162.26583862304688,220.02999877929688,29.265411376953125,230.45828247070312,447.070068359375,12.420000076293945,4.376999855041504,5.243000030517578,69.1018295288086,98.67584228515625
2024-05-17,67051.875,41.7597541809082,162.2364044189453,223.66000366210938,30.314584732055664,228.52291870117188,446.85247802734375,11.989999771118164,4.420000076293945,5.239999771118164,69.11076354980469,98.44622039794922
2024-05-18,66940.8046875,41.7597541809082,162.2364044189453,223.66000366210938,30.314584732055664,228.52291870117188,446.85247802734375,11.989999771118164,4.420000076293945,5.239999771118164,69.11076354980469,98.44622039794922
2024-05-19,66278.3671875,41.7597541809082,162.2364044189453,223.66000366210938,30.314584732055664,228.52291870117188,446.85247802734375,11.989999771118164,4.420000076293945,5.239999771118164,69.11076354980469,98.44622039794922
2024-05-20,71448.1953125,41.607173919677734,162.78524780273438,224.55999755859375,30.83452796936035,233.23728942871094,449.9682922363281,12.149999618530273,4.436999797821045,5.239999771118164,69.14653778076172,98.40028381347656
2024-05-21,70136.53125,41.349693298339844,162.9322509765625,224.22999572753906,30.750965118408203,232.90975952148438,450.8486022949219,11.859999656677246,4.414000034332275,5.239999771118164,69.0928726196289,98.56559753417969
2024-05-22,69122.3359375,41.2161865234375,162.43243408203125,220.11000061035156,29.711076736450195,234.8153533935547,450.7596130371094,12.289999961853027,4.434000015258789,5.244999885559082,68.94083404541016,98.41866302490234
2024-05-23,67929.5625,40.9110221862793,162.0404052734375,215.72000122070312,29.19113540649414,238.02113342285156,448.7317810058594,12.770000457763672,4.474999904632568,5.244999885559082,68.69938659667969,97.98701477050781
2024-05-24,68526.1015625,41.02545166015625,163.19688415527344,215.9199981689453,29.711076736450195,242.42782592773438,452.9752197265625,11.930000305175781,4.4670000076293945,5.244999885559082,68.94083404541016,98.25336456298828
2024-05-25,69265.9453125,41.02545166015625,163.19688415527344,215.9199981689453,29.711076736450195,242.42782592773438,452.9752197265625,11.930000305175781,4.4670000076293945,5.244999885559082,68.94083404541016,98.25336456298828
2024-05-26,68518.09375,41.02545166015625,163.19688415527344,215.9199981689453,29.711076736450195,242.42782592773438,452.9752197265625,11.930000305175781,4.4670000076293945,5.244999885559082,68.94083404541016,98.25336456298828
2024-05-27,69394.5546875,41.02545166015625,163.19688415527344,215.9199981689453,29.711076736450195,242.42782592773438,452.9752197265625,11.930000305175781,4.4670000076293945,5.244999885559082,68.94083404541016,98.25336456298828
2024-05-28,68296.21875,40.968231201171875,163.5986785888672,218.19000244140625,30.1567440032959,247.95603942871094,454.68646240234375,12.920000076293945,4.541999816894531,5.248000144958496,68.66361236572266,97.66556549072266
2024-05-29,67578.09375,40.35791015625,162.29522705078125,216.16000366210938,29.868915557861328,243.80738830566406,451.48162841796875,14.279999732971191,4.624000072479248,5.25,68.45793914794922,97.14205169677734
2024-05-30,68364.9921875,40.243473052978516,161.4033966064453,216.57000732421875,29.776071548461914,240.4527587890625,446.6447448730469,14.470000267028809,4.553999900817871,5.248000144958496,68.73516082763672,97.73902130126953
2024-05-31,67491.4140625,39.85247802734375,162.43243408203125,215.3000030517578,29.93391227722168,238.67617797851562,445.8138427734375,12.920000076293945,4.513999938964844,5.244999885559082,68.97662353515625,98.17070007324219
2024-06-01,67706.9375,39.85247802734375,162.43243408203125,215.3000030517578,29.93391227722168,238.67617797851562,445.8138427734375,12.920000076293945,4.513999938964844,5.244999885559082,68.97662353515625,98.17070007324219
2024-06-02,67751.6015625,39.85247802734375,162.43243408203125,215.3000030517578,29.93391227722168,238.67617797851562,445.8138427734375,12.920000076293945,4.513999938964844,5.244999885559082,68.97662353515625,98.17070007324219
2024-06-03,68804.78125,40.27207946777344,162.57945251464844,217.22000122070312,29.30255126953125,241.65367126464844,448.20758056640625,13.109999656677246,4.4019999504089355,5.243000030517578,69.19046783447266,98.84829711914062
2024-06-04,70567.765625,39.709434509277344,162.97145080566406,215.27000427246094,28.485498428344727,240.78028869628906,449.43414306640625,13.15999984741211,4.335999965667725,5.239999771118164,69.15453338623047,99.23551177978516
2024-06-05,71082.8203125,40.34836959838867,165.03933715820312,217.82000732421875,28.36479377746582,252.50169372558594,458.49456787109375,12.630000114440918,4.289000034332275,5.239999771118164,69.37911224365234,99.56739044189453
2024-06-06,70757.1640625,40.54863357543945,164.97076416015625,219.42999267578125,28.921876907348633,250.51670837402344,458.3363952636719,12.579999923706055,4.281000137329102,5.232999801635742,69.26232147216797,99.50288391113281
2024-06-07,69342.5859375,40.090885162353516,164.79434204101562,211.60000610351562,27.81699562072754,250.3181915283203,457.9307861328125,12.220000267028809,4.429999828338623,5.23799991607666,69.0826416015625,98.60861206054688
2024-06-08,69305.7734375,40.090885162353516,164.79434204101562,211.60000610351562,27.81699562072754,250.3181915283203,457.9307861328125,12.220000267028809,4.429999828338623,5.23799991607666,69.0826416015625,98.60861206054688
2024-06-09,69647.9921875,40.090885162353516,164.79434204101562,211.60000610351562,27.81699562072754,250.3181915283203,457.9307861328125,12.220000267028809,4.429999828338623,5.23799991607666,69.0826416015625,98.60861206054688
2024-06-10,69512.28125,40.32929992675781,165.46078491210938,213.5399932861328,28.1419620513916,253.94081115722656,459.780517578125,12.739999771118164,4.468999862670898,5.232999801635742,69.14554595947266,98.40576171875
2024-06-11,67332.03125,40.19486618041992,166.2218475341797,214.14999389648438,26.907093048095703,253.5636749267578,462.9358825683594,12.850000381469727,4.4039998054504395,5.244999885559082,69.2353744506836,98.8298568725586
2024-06-12,68241.1875,40.59815979003906,167.3413848876953,214.72000122070312,27.752004623413086,261.1165771484375,468.999267578125,12.039999961853027,4.295000076293945,5.243000030517578,69.51390075683594,99.43832397460938
2024-06-13,66756.3984375,40.502140045166016,167.79315185546875,212.97000122070312,27.79842758178711,265.2056884765625,471.5412902832031,11.9399995803833,4.23799991607666,5.239999771118164,69.5049057006836,99.90850067138672
2024-06-14,66011.09375,40.550148010253906,168.05831909179688,215.72999572753906,27.44561004638672,265.8805847167969,473.9844665527344,12.65999984741211,4.2129998207092285,5.239999771118164,69.2353744506836,99.9914779663086
2024-06-15,66191.0,40.550148010253906,168.05831909179688,215.72999572753906,27.44561004638672,265.8805847167969,473.9844665527344,12.65999984741211,4.2129998207092285,5.239999771118164,69.2353744506836,99.9914779663086
2024-06-16,66639.046875,40.550148010253906,168.05831909179688,215.72999572753906,27.44561004638672,265.8805847167969,473.9844665527344,12.65999984741211,4.2129998207092285,5.239999771118164,69.2353744506836,99.9914779663086
2024-06-17,66490.296875,40.809410095214844,169.39389038085938,214.61000061035156,27.25991439819336,270.4361572265625,479.79071044921875,12.75,4.2789998054504395,5.243000030517578,69.28030395507812,99.52130126953125
2024-06-18,65140.74609375,41.183895111083984,170.08132934570312,215.47000122070312,27.937698364257812,274.6840515136719,479.9391174316406,12.300000190734863,4.2170000076293945,5.235000133514404,69.49592590332031,99.9822769165039
2024-06-19,64960.296875,41.183895111083984,170.08132934570312,215.47000122070312,27.937698364257812,274.6840515136719,479.9391174316406,12.300000190734863,4.2170000076293945,5.235000133514404,69.49592590332031,99.9822769165039
2024-06-20,64828.65625,41.11668014526367,169.32513427734375,218.16000366210938,27.974836349487305,266.9028625488281,476.2397155761719,13.279999732971191,4.254000186920166,5.224999904632568,69.45100402832031,99.65037536621094
2024-06-21,64096.19921875,40.9726448059082,168.96180725097656,214.77999877929688,27.51059913635254,262.903076171875,474.9637145996094,13.199999809265137,4.256999969482422,5.215000152587891,69.53186798095703,99.67803955078125
2024-06-22,64252.578125,40.9726448059082,168.96180725097656,214.77999877929688,27.51059913635254,262.903076171875,474.9637145996094,13.199999809265137,4.256999969482422,5.215000152587891,69.53186798095703,99.67803955078125
2024-06-23,63180.796875,40.9726448059082,168.96180725097656,214.77999877929688,27.51059913635254,262.903076171875,474.9637145996094,13.199999809265137,4.256999969482422,5.215000152587891,69.53186798095703,99.67803955078125
2024-06-24,60277.4140625,40.9726448059082,168.35293579101562,215.6300048828125,27.074220657348633,253.86141967773438,469.55645751953125,13.329999923706055,4.248000144958496,5.210000038146973,69.45999145507812,99.7794418334961
2024-06-25,61804.640625,40.876625061035156,169.11891174316406,214.55999755859375,26.79568099975586,259.8064880371094,474.92608642578125,12.84000015258789,4.23799991607666,5.2230000495910645,69.54983520507812,99.74256134033203
2024-06-26,60811.27734375,40.790199279785156,168.75555419921875,212.5800018310547,27.018512725830078,258.95294189453125,475.90692138671875,12.550000190734863,4.315999984741211,5.230000019073486,69.39710235595703,99.19862365722656
2024-06-27,61604.80078125,40.819007873535156,168.6573486328125,214.99000549316406,27.48779296875,256.9183044433594,477.1353454589844,12.239999771118164,4.288000106811523,5.2230000495910645,69.47796630859375,99.39225006103516
2024-06-28,60320.13671875,40.89582824707031,167.69493103027344,215.00999450683594,26.902353286743164,258.7445068359375,474.6585693359375,12.4399995803833,4.3429999351501465,5.2129998207092285,69.3072738647461,98.75609588623047
2024-06-29,60887.37890625,40.89582824707031,167.69493103027344,215.00999450683594,26.902353286743164,258.7445068359375,474.6585693359375,12.4399995803833,4.3429999351501465,5.2129998207092285,69.3072738647461,98.75609588623047
2024-06-30,62678.29296875,40.89582824707031,167.69493103027344,215.00999450683594,26.902353286743164,258.7445068359375,474.6585693359375,12.4399995803833,4.3429999351501465,5.2129998207092285,69.3072738647461,98.75609588623047
2024-07-01,62851.98046875,40.99184799194336,167.370849609375,215.57000732421875,27.07891273498535,259.0522155761719,477.4425048828125,12.220000267028809,4.479000091552734,5.2179999351501465,69.29369354248047,98.16954803466797
2024-07-02,62029.015625,41.11668014526367,168.38238525390625,215.55999755859375,26.85588836669922,261.65252685546875,482.45550537109375,12.029999732971191,4.435999870300293,5.228000164031982,69.4833755493164,98.7986831665039
2024-07-03,60173.921875,41.72161865234375,169.11891174316406,217.99000549316406,27.720109939575195,267.5976257324219,486.477783203125,12.09000015258789,4.355000019073486,5.230000019073486,69.72726440429688,99.52953338623047
2024-07-04,56977.703125,41.72161865234375,169.11891174316406,217.99000549316406,27.720109939575195,267.5976257324219,486.477783203125,12.09000015258789,4.355000019073486,5.230000019073486,69.72726440429688,99.52953338623047
2024-07-05,56662.375,41.89445877075195,170.29736328125,220.92999267578125,27.590011596679688,267.69683837890625,491.55023193359375,12.479999542236328,4.271999835968018,5.224999904632568,69.93497467041016,100.04766082763672
2024-07-06,58303.5390625,41.89445877075195,170.29736328125,220.92999267578125,27.590011596679688,267.69683837890625,491.55023193359375,12.479999542236328,4.271999835968018,5.224999904632568,69.93497467041016,100.04766082763672
2024-07-07,55849.109375,41.89445877075195,170.29736328125,220.92999267578125,27.590011596679688,267.69683837890625,491.55023193359375,12.479999542236328,4.271999835968018,5.224999904632568,69.93497467041016,100.04766082763672
2024-07-08,56705.09765625,41.90406036376953,170.12059020996094,218.19000244140625,27.34840202331543,272.1531677246094,492.71923828125,12.369999885559082,4.269000053405762,5.2179999351501465,69.91692352294922,100.03838348388672
2024-07-09,58009.2265625,42.076904296875,170.1795196533203,218.55999755859375,27.617889404296875,272.7486572265625,493.1452331542969,12.510000228881836,4.300000190734863,5.224999904632568,69.83560943603516,99.85336303710938
2024-07-10,57742.49609375,42.31695556640625,171.52493286132812,219.36000061035156,28.844526290893555,279.1601867675781,498.2870178222656,12.850000381469727,4.28000020980835,5.224999904632568,69.99819946289062,100.0938949584961
2024-07-11,57344.9140625,42.56661605834961,169.94383239746094,223.25,29.048965454101562,268.9870910644531,487.3594970703125,12.920000076293945,4.192999839782715,5.197999954223633,70.2510986328125,100.6304931640625
2024-07-12,57899.46484375,42.73945236206055,171.1910400390625,223.11000061035156,28.974624633789062,272.3913879394531,490.2226867675781,12.460000038146973,4.189000129699707,5.197999954223633,70.43175506591797,101.00056457519531
2024-07-13,59231.953125,42.73945236206055,171.1910400390625,223.11000061035156,28.974624633789062,272.3913879394531,490.2226867675781,12.460000038146973,4.189000129699707,5.197999954223633,70.43175506591797,101.00056457519531
2024-07-14,60787.79296875,42.73945236206055,171.1910400390625,223.11000061035156,28.974624633789062,272.3913879394531,490.2226867675781,12.460000038146973,4.189000129699707,5.197999954223633,70.43175506591797,101.00056457519531
2024-07-15,64870.15234375,42.288150787353516,171.83917236328125,223.8300018310547,28.658672332763672,271.7760314941406,491.540283203125,13.119999885559082,4.229000091552734,5.192999839782715,70.44078826904297,100.44547271728516
2024-07-16,65097.1484375,42.52820587158203,172.91946411132812,228.2899932861328,28.2962589263916,271.65692138671875,491.728515625,13.1899995803833,4.166999816894531,5.192999839782715,70.71173095703125,101.0283203125
2024-07-17,64118.79296875,41.83684539794922,170.11077880859375,227.22999572753906,27.041744232177734,252.31312561035156,477.2938537597656,14.479999542236328,4.145999908447266,5.195000171661377,70.63043975830078,101.0745849609375
2024-07-18,63974.06640625,41.443153381347656,168.9814453125,225.77999877929688,26.391254425048828,253.6232147216797,475.0351257324219,15.930000305175781,4.189000129699707,5.192999839782715,70.48594665527344,100.63975524902344
2024-07-19,66710.15625,41.03986358642578,167.71456909179688,221.72999572753906,26.205402374267578,246.2787322998047,470.8245544433594,16.520000457763672,4.238999843597412,5.192999839782715,70.43175506591797,100.26968383789062
2024-07-20,67163.6484375,41.03986358642578,167.71456909179688,221.72999572753906,26.205402374267578,246.2787322998047,470.8245544433594,16.520000457763672,4.238999843597412,5.192999839782715,70.43175506591797,100.26968383789062
2024-07-21,68154.5234375,41.03986358642578,167.71456909179688,221.72999572753906,26.205402374267578,246.2787322998047,470.8245544433594,16.520000457763672,4.238999843597412,5.192999839782715,70.43175506591797,100.26968383789062
2024-07-22,67585.25,41.38554000854492,169.98309326171875,221.8000030517578,26.437719345092773,255.786865234375,477.8387756347656,14.90999984741211,4.260000228881836,5.190000057220459,70.69368743896484,100.21417999267578
2024-07-23,65927.671875,41.020660400390625,169.39389038085938,222.5800018310547,26.26115608215332,252.9483184814453,476.15460205078125,14.720000267028809,4.238999843597412,5.172999858856201,70.70269012451172,100.1401596069336
2024-07-24,65372.1328125,40.42531967163086,165.44602966308594,221.8000030517578,25.52703285217285,239.17242431640625,459.07476806640625,18.040000915527344,4.285999774932861,5.170000076293945,70.47691345214844,99.52953338623047
2024-07-25,65777.2265625,40.2620849609375,164.19883728027344,218.3300018310547,25.043813705444336,234.78558349609375,454.01220703125,18.459999084472656,4.25600004196167,5.159999847412109,70.48594665527344,99.92735290527344
2024-07-26,67912.0625,40.67498016357422,166.320068359375,220.6300048828125,25.592082977294922,238.50746154785156,458.6685791015625,16.389999389648438,4.199999809265137,5.15500020980835,70.71173095703125,100.48247528076172
2024-07-27,67813.3359375,40.67498016357422,166.320068359375,220.6300048828125,25.592082977294922,238.50746154785156,458.6685791015625,16.389999389648438,4.199999809265137,5.15500020980835,70.71173095703125,100.48247528076172
2024-07-28,68255.8671875,40.67498016357422,166.320068359375,220.6300048828125,25.592082977294922,238.50746154785156,458.6685791015625,16.389999389648438,4.199999809265137,5.15500020980835,70.71173095703125,100.48247528076172
2024-07-29,66819.9140625,40.54054641723633,166.30043029785156,220.32000732421875,25.13673973083496,236.81028747558594,459.5899353027344,16.600000381469727,4.177999973297119,5.146999835968018,70.64851379394531,100.69526672363281
2024-07-30,66201.015625,40.35810470581055,165.622802734375,222.52000427246094,25.350473403930664,227.74876403808594,453.27911376953125,17.690000534057617,4.14300012588501,5.135000228881836,70.68464660644531,100.77852630615234
2024-07-31,64619.25,41.24150848388672,168.69662475585938,226.5500030517578,26.33549690246582,245.13735961914062,466.69329833984375,16.360000610351562,4.109000205993652,5.135000228881836,70.9375228881836,101.36138153076172
2024-08-01,65357.5,40.52134323120117,166.81106567382812,225.77000427246094,24.300397872924805,229.27720642089844,455.38934326171875,18.59000015258789,3.9760000705718994,5.114999771118164,70.78228759765625,101.69749450683594
2024-08-02,61415.06640625,39.94520568847656,164.51309204101562,225.33999633789062,22.785690307617188,216.7915802001953,444.5807189941406,23.389999389648438,3.7920000553131104,5.03000020980835,70.54621887207031,102.69096374511719
2024-08-03,60680.09375,39.94520568847656,164.51309204101562,225.33999633789062,22.785690307617188,216.7915802001953,444.5807189941406,23.389999389648438,3.7920000553131104,5.03000020980835,70.54621887207031,102.69096374511719
2024-08-04,58116.9765625,39.94520568847656,164.51309204101562,225.33999633789062,22.785690307617188,216.7915802001953,444.5807189941406,23.389999389648438,3.7920000553131104,5.03000020980835,70.54621887207031,102.69096374511719
2024-08-05,53991.45703125,38.81214904785156,159.72068786621094,222.47999572753906,22.24671173095703,211.70997619628906,431.32501220703125,38.56999969482422,3.7850000858306885,5.059999942779541,70.11038970947266,102.43098449707031
2024-08-06,56034.31640625,39.03300094604492,161.43927001953125,220.6999969482422,22.40468978881836,215.828857421875,435.44635009765625,27.709999084472656,3.888000011444092,5.079999923706055,70.37371826171875,101.76249694824219
2024-08-07,55027.4609375,39.27305603027344,160.11351013183594,220.5500030517578,22.52549171447754,209.88377380371094,430.73052978515625,27.850000381469727,3.9679999351501465,5.079999923706055,70.50990295410156,101.29826354980469
2024-08-08,61710.13671875,40.16606140136719,164.23812866210938,224.00999450683594,22.94366455078125,223.2229766845703,443.906982421875,23.790000915527344,3.996999979019165,5.083000183105469,70.80045318603516,101.34465789794922
2024-08-09,60880.11328125,40.38691329956055,165.23980712890625,224.55999755859375,22.971540451049805,223.16342163085938,446.2252502441406,20.3700008392334,3.941999912261963,5.074999809265137,70.79137420654297,101.86463165283203
2024-08-10,60945.8125,40.38691329956055,165.23980712890625,224.55999755859375,22.971540451049805,223.16342163085938,446.2252502441406,20.3700008392334,3.941999912261963,5.074999809265137,70.79137420654297,101.86463165283203
2024-08-11,58719.484375,40.38691329956055,165.23980712890625,224.55999755859375,22.971540451049805,223.16342163085938,446.2252502441406,20.3700008392334,3.941999912261963,5.074999809265137,70.79137420654297,101.86463165283203
2024-08-12,59354.515625,40.52134323120117,165.51475524902344,228.41000366210938,23.05517578125,225.2576141357422,447.1863098144531,20.709999084472656,3.9089999198913574,5.072999954223633,70.83673858642578,102.07817077636719
2024-08-13,60609.56640625,40.9726448059082,167.979736328125,228.05999755859375,23.25961685180664,234.41836547851562,458.28216552734375,18.1200008392334,3.8519999980926514,5.052999973297119,71.1635971069336,102.79310607910156
2024-08-14,58737.26953125,40.751792907714844,168.39219665527344,226.1999969482422,23.37112808227539,234.61685180664062,458.4307861328125,16.190000534057617,3.819999933242798,5.063000202178955,71.29071807861328,103.24806213378906
2024-08-15,57560.09765625,41.20309829711914,171.39724731445312,226.91000366210938,23.705665588378906,244.52200317382812,470.01220703125,15.229999542236328,3.9260001182556152,5.079999923706055,71.3542709350586,102.932373046875
2024-08-16,58894.10546875,41.68321228027344,171.49546813964844,231.99000549316406,23.529104232788086,244.85946655273438,470.61651611328125,14.800000190734863,3.8919999599456787,5.074999809265137,71.58126068115234,103.2387924194336
2024-08-17,59478.97265625,41.68321228027344,171.49546813964844,231.99000549316406,23.529104232788086,244.85946655273438,470.61651611328125,14.800000190734863,3.8919999599456787,5.074999809265137,71.58126068115234,103.2387924194336
2024-08-18,58483.96484375,41.68321228027344,171.49546813964844,231.99000549316406,23.529104232788086,244.85946655273438,470.61651611328125,14.800000190734863,3.8919999599456787,5.074999809265137,71.58126068115234,103.2387924194336
2024-08-19,59493.453125,42.08650207519531,172.7525177001953,231.61000061035156,23.64061737060547,249.4547119140625,476.79852294921875,14.649999618530273,3.867000102996826,5.063000202178955,71.69927978515625,103.48018646240234
2024-08-20,59012.79296875,41.76002883911133,172.71319580078125,232.4600067138672,23.82646942138672,246.19932556152344,475.7979736328125,15.880000114440918,3.818000078201294,5.0329999923706055,71.63573455810547,103.74944305419922
2024-08-21,61175.19140625,41.92326736450195,173.96043395996094,232.14999389648438,23.910104751586914,248.75006103515625,478.0171203613281,16.270000457763672,3.7780001163482666,5.005000114440918,71.79916381835938,103.9815902709961
2024-08-22,60381.9140625,41.404747009277344,172.61500549316406,229.3699951171875,23.315372467041016,240.6016387939453,470.4382019042969,17.549999237060547,3.861999988555908,5.025000095367432,71.7083740234375,103.55448913574219
2024-08-23,64094.35546875,42.096107482910156,174.1961212158203,232.02000427246094,24.913715362548828,246.52685546875,475.5403137207031,15.859999656677246,3.806999921798706,5.0,72.08968353271484,104.14869689941406
2024-08-24,64178.9921875,42.096107482910156,174.1961212158203,232.02000427246094,24.913715362548828,246.52685546875,475.5403137207031,15.859999656677246,3.806999921798706,5.0,72.08968353271484,104.14869689941406
2024-08-25,64333.54296875,42.096107482910156,174.1961212158203,232.02000427246094,24.913715362548828,246.52685546875,475.5403137207031,15.859999656677246,3.806999921798706,5.0,72.08968353271484,104.14869689941406
2024-08-26,62880.66015625,41.74082565307617,173.94078063964844,232.75999450683594,24.857959747314453,240.75050354003906,470.92364501953125,16.149999618530273,3.818000078201294,4.998000144958496,71.94442749023438,104.01873779296875
2024-08-27,59504.1328125,41.79843521118164,174.56930541992188,233.38999938964844,24.932302474975586,243.1721954345703,472.3304443359375,15.430000305175781,3.8329999446868896,4.9679999351501465,71.98983764648438,103.93515014648438
2024-08-28,59027.625,41.5391731262207,173.23370361328125,231.75,24.06808090209961,239.08311462402344,466.970703125,17.110000610351562,3.8410000801086426,4.954999923706055,71.9534912109375,103.72159576416016
2024-08-29,59388.1796875,41.55838394165039,173.25335693359375,232.9499969482422,23.82646942138672,236.12545776367188,466.287109375,15.649999618530273,3.867000102996826,4.965000152587891,72.02613830566406,103.54517364501953
2024-08-30,59119.4765625,41.644798278808594,174.58892822265625,231.2899932861328,24.06808090209961,241.6338348388672,471.844970703125,15.0,3.9110000133514404,4.9679999351501465,72.03523254394531,103.25736236572266
2024-08-31,58969.8984375,41.644798278808594,174.58892822265625,231.2899932861328,24.06808090209961,241.6338348388672,471.844970703125,15.0,3.9110000133514404,4.9679999351501465,72.03523254394531,103.25736236572266
2024-09-01,57325.48828125,41.644798278808594,174.58892822265625,231.2899932861328,24.06808090209961,241.6338348388672,471.844970703125,15.0,3.9110000133514404,4.9679999351501465,72.03523254394531,103.25736236572266
2024-09-02,59112.48046875,41.644798278808594,174.58892822265625,231.2899932861328,24.06808090209961,241.6338348388672,471.844970703125,15.0,3.9110000133514404,4.9679999351501465,72.03523254394531,103.25736236572266
2024-09-03,57431.0234375,40.819007873535156,170.82769775390625,230.2899932861328,22.516199111938477,223.50086975097656,457.5193176269531,20.719999313354492,3.8440001010894775,4.96999979019165,71.77976989746094,103.56952667236328
2024-09-04,57971.5390625,40.809410095214844,170.601806640625,230.42999267578125,22.813566207885742,222.9649200439453,456.3304748535156,21.31999969482422,3.7679998874664307,4.947999954223633,72.04436492919922,104.2125473022461
2024-09-05,56160.48828125,40.86701965332031,169.6099395751953,232.35000610351562,22.358224868774414,222.5778350830078,456.7565002441406,19.899999618530273,3.7309999465942383,4.932000160217285,72.2906723022461,104.72506713867188
2024-09-06,53948.75390625,40.118045806884766,167.5967559814453,230.6300048828125,21.540468215942383,213.38731384277344,444.5212707519531,22.3799991607666,3.7100000381469727,4.9079999923706055,72.19944763183594,104.67849731445312
2024-09-07,54139.6875,40.118045806884766,167.5967559814453,230.6300048828125,21.540468215942383,213.38731384277344,444.5212707519531,22.3799991607666,3.7100000381469727,4.9079999923706055,72.19944763183594,104.67849731445312
2024-09-08,54841.56640625,40.118045806884766,167.5967559814453,230.6300048828125,21.540468215942383,213.38731384277344,444.5212707519531,22.3799991607666,3.7100000381469727,4.9079999923706055,72.19944763183594,104.67849731445312
2024-09-09,57019.53515625,40.45412826538086,169.46261596679688,231.60000610351562,21.921466827392578,218.21084594726562,450.2375793457031,19.450000762939453,3.697000026702881,4.894999980926514,72.3727798461914,104.91144561767578
2024-09-10,57648.7109375,40.30049133300781,169.88491821289062,232.6199951171875,22.395395278930664,220.27525329589844,454.3985900878906,19.079999923706055,3.6459999084472656,4.835000038146973,72.23593139648438,105.2003402709961
2024-09-11,57343.171875,40.59815979003906,171.652587890625,232.25,23.54768943786621,231.64927673339844,464.2660217285156,17.690000534057617,3.6530001163482666,4.875,72.34539794921875,105.2469482421875
2024-09-12,58127.01171875,40.934242248535156,172.89981079101562,236.3300018310547,23.984445571899414,232.14553833007812,468.8233337402344,17.06999969482422,3.680000066757202,4.840000152587891,72.44576263427734,105.1723861694336
2024-09-13,60571.30078125,41.12628173828125,173.64617919921875,238.67999267578125,23.631324768066406,235.13296508789062,470.92364501953125,16.559999465942383,3.6500000953674316,4.763000011444092,72.64647674560547,105.49855041503906
2024-09-14,60005.12109375,41.12628173828125,173.64617919921875,238.67999267578125,23.631324768066406,235.13296508789062,470.92364501953125,16.559999465942383,3.6500000953674316,4.763000011444092,72.64647674560547,105.49855041503906
2024-09-15,59182.8359375,41.12628173828125,173.64617919921875,238.67999267578125,23.631324768066406,235.13296508789062,470.92364501953125,16.559999465942383,3.6500000953674316,4.763000011444092,72.64647674560547,105.49855041503906
2024-09-16,58192.5078125,41.26071548461914,173.9800567626953,238.66000366210938,23.79859161376953,232.04629516601562,468.8431091308594,17.139999389648438,3.621000051498413,4.744999885559082,72.82893371582031,105.96448516845703
2024-09-17,60308.5390625,41.30872344970703,173.96043395996094,237.33999633789062,23.482641220092773,231.96688842773438,469.0908203125,17.610000610351562,3.6419999599456787,4.735000133514404,72.84717559814453,105.97380828857422
2024-09-18,61649.6796875,41.16468811035156,173.20423889160156,235.50999450683594,23.399005889892578,229.32684326171875,467.05987548828125,18.229999542236328,3.684999942779541,4.614999771118164,72.91102600097656,105.53582763671875
2024-09-19,62940.45703125,42.038490295410156,175.76739501953125,239.1699981689453,24.25393295288086,239.28160095214844,478.8691101074219,16.329999923706055,3.740000009536743,4.5929999351501465,73.12999725341797,105.62899780273438
2024-09-20,63192.9765625,41.95207214355469,175.19781494140625,242.2100067138672,25.257545471191406,236.11553955078125,477.9576721191406,16.149999618530273,3.7279999256134033,4.545000076293945,73.2212142944336,105.72219848632812
2024-09-21,63394.83984375,41.95207214355469,175.19781494140625,242.2100067138672,25.257545471191406,236.11553955078125,477.9576721191406,16.149999618530273,3.7279999256134033,4.545000076293945,73.2212142944336,105.72219848632812
2024-09-22,63648.7109375,41.95207214355469,175.19781494140625,242.2100067138672,25.257545471191406,236.11553955078125,477.9576721191406,16.149999618530273,3.7279999256134033,4.545000076293945,73.2212142944336,105.72219848632812
2024-09-23,63329.80078125,42.27854919433594,175.81649780273438,242.67999267578125,26.019546508789062,237.15765380859375,479.224609375,15.890000343322754,3.739000082015991,4.502999782562256,73.08436584472656,105.57310485839844
2024-09-24,64301.96875,43.718875885009766,175.8754119873047,246.07000732421875,26.79083824157715,241.5742645263672,481.5361633300781,15.390000343322754,3.7360000610351562,4.494999885559082,73.09349822998047,105.75017547607422
2024-09-25,63143.14453125,43.25796890258789,175.6123809814453,245.72999572753906,26.837303161621094,243.69821166992188,481.98260498046875,15.40999984741211,3.7809998989105225,4.486999988555908,73.01138305664062,105.12578582763672
2024-09-26,65181.01953125,44.84233856201172,176.41029357910156,246.97999572753906,27.07891273498535,250.72511291503906,485.6037902832031,15.369999885559082,3.7909998893737793,4.4679999351501465,73.12999725341797,105.12578582763672
2024-09-27,65790.6640625,44.755916595458984,176.01626586914062,245.02000427246094,27.041744232177734,245.88172912597656,482.9053039550781,16.959999084472656,3.749000072479248,4.48199987411499,73.31244659423828,105.54513549804688
2024-09-28,65887.6484375,44.755916595458984,176.01626586914062,245.02000427246094,27.041744232177734,245.88172912597656,482.9053039550781,16.959999084472656,3.749000072479248,4.48199987411499,73.31244659423828,105.54513549804688
2024-09-29,65635.3046875,44.755916595458984,176.01626586914062,245.02000427246094,27.041744232177734,245.88172912597656,482.9053039550781,16.959999084472656,3.749000072479248,4.48199987411499,73.31244659423828,105.54513549804688
2024-09-30,63329.5,44.03575134277344,176.61715698242188,243.05999755859375,26.586400985717773,243.60890197753906,484.21484375,16.729999542236328,3.802000045776367,4.498000144958496,73.2577133178711,105.28421020507812
2024-10-01,60837.0078125,44.35262680053711,175.47450256347656,245.61000061035156,27.181133270263672,237.0881805419922,477.4685363769531,19.260000228881836,3.743000030517578,4.48199987411499,73.2210464477539,105.79020690917969
2024-10-02,60632.78515625,45.2264289855957,175.77001953125,245.66000366210938,27.757280349731445,240.50238037109375,478.1432189941406,18.899999618530273,3.7850000858306885,4.4730000495910645,73.23019409179688,105.55638122558594
2024-10-03,60759.40234375,44.68870544433594,175.69122314453125,245.49000549316406,27.5621337890625,242.71566772460938,477.7860107421875,20.489999771118164,3.8499999046325684,4.465000152587891,73.0560302734375,104.87360382080078
2024-10-04,62067.4765625,45.101600646972656,176.52850341796875,245.0,28.175451278686523,245.9611358642578,483.4707946777344,19.209999084472656,3.9809999465942383,4.505000114440918,72.9735107421875,104.30308532714844
2024-10-05,62089.94921875,45.101600646972656,176.52850341796875,245.0,28.175451278686523,245.9611358642578,483.4707946777344,19.209999084472656,3.9809999465942383,4.505000114440918,72.9735107421875,104.30308532714844
2024-10-06,62818.953125,45.101600646972656,176.52850341796875,245.0,28.175451278686523,245.9611358642578,483.4707946777344,19.209999084472656,3.9809999465942383,4.505000114440918,72.9735107421875,104.30308532714844
2024-10-07,62236.66015625,45.47608184814453,174.9327392578125,244.1699981689453,27.73869514465332,246.35813903808594,478.2920227050781,22.639999389648438,4.026000022888184,4.525000095367432,72.66181182861328,103.76995849609375
2024-10-08,62131.96875,44.35262680053711,176.69595336914062,242.3699951171875,27.87808609008789,250.62586975097656,485.43511962890625,21.420000076293945,4.0329999923706055,4.5279998779296875,72.83599853515625,103.97575378417969
2024-10-09,60582.1015625,44.11256790161133,177.84844970703125,241.0500030517578,27.376277923583984,253.23614501953125,489.2547302246094,20.860000610351562,4.066999912261963,4.534999847412109,72.79014587402344,103.76995849609375
2024-10-10,60274.5,44.19898986816406,177.56275939941406,242.82000732421875,27.478500366210938,252.73988342285156,488.6991271972656,20.93000030517578,4.0960001945495605,4.53000020980835,72.75350189208984,103.6577377319336
2024-10-11,62445.08984375,44.51586151123047,178.71527099609375,245.47000122070312,27.87808609008789,254.7646026611328,489.46307373046875,20.459999084472656,4.072999954223633,4.514999866485596,72.94602966308594,103.6390380859375
2024-10-12,63193.0234375,44.51586151123047,178.71527099609375,245.47000122070312,27.87808609008789,254.7646026611328,489.46307373046875,20.459999084472656,4.072999954223633,4.514999866485596,72.94602966308594,103.6390380859375
2024-10-13,62851.375,44.51586151123047,178.71527099609375,245.47000122070312,27.87808609008789,254.7646026611328,489.46307373046875,20.459999084472656,4.072999954223633,4.514999866485596,72.94602966308594,103.6390380859375
2024-10-14,66046.125,44.33341979980469,180.44894409179688,245.07000732421875,28.036060333251953,259.3201599121094,493.5703430175781,19.700000762939453,4.0980000495910645,4.51800012588501,72.98268127441406,103.64837646484375
2024-10-15,67041.109375,43.39240264892578,178.2326202392578,245.9199981689453,28.09181785583496,245.3060760498047,486.9729309082031,20.639999389648438,4.038000106811523,4.514999866485596,72.96434020996094,104.1534423828125
2024-10-16,67612.71875,43.728485107421875,179.1881103515625,247.14999389648438,30.061866760253906,245.4648895263672,487.03240966796875,19.579999923706055,4.015999794006348,4.502999782562256,73.09268188476562,104.48078155517578
2024-10-17,67399.8359375,43.6612663269043,178.892578125,248.6300048828125,30.442869186401367,249.69293212890625,487.3697204589844,19.110000610351562,4.0960001945495605,4.514999866485596,72.98268127441406,103.70452117919922
2024-10-18,68418.7890625,44.09336471557617,179.69046020507812,251.27000427246094,31.09335708618164,249.62344360351562,490.56427001953125,18.030000686645508,4.072999954223633,4.513000011444092,73.15687561035156,103.58292388916016
2024-10-19,68362.734375,44.09336471557617,179.69046020507812,251.27000427246094,31.09335708618164,249.62344360351562,490.56427001953125,18.030000686645508,4.072999954223633,4.513000011444092,73.15687561035156,103.58292388916016
2024-10-20,69001.703125,44.09336471557617,179.69046020507812,251.27000427246094,31.09335708618164,249.62344360351562,490.56427001953125,18.030000686645508,4.072999954223633,4.513000011444092,73.15687561035156,103.58292388916016
2024-10-21,67367.8515625,43.786094665527344,179.24717712402344,251.22000122070312,30.898212432861328,250.94346618652344,491.50677490234375,18.3700008392334,4.182000160217285,4.51800012588501,72.8635025024414,102.52605438232422
2024-10-22,67361.40625,43.69007110595703,178.666015625,253.92999267578125,30.433576583862305,249.80209350585938,492.04254150390625,18.200000762939453,4.203999996185303,4.5,72.76266479492188,102.51669311523438
2024-10-23,66432.1953125,43.43081283569336,177.158935546875,250.8699951171875,29.337038040161133,247.14219665527344,484.5025634765625,19.239999771118164,4.242000102996826,4.505000114440918,72.54264068603516,102.17064666748047
2024-10-24,68161.0546875,43.36359786987305,177.03086853027344,252.8000030517578,29.522891998291016,248.184326171875,488.4312744140625,19.079999923706055,4.199999809265137,4.486999988555908,72.75350189208984,102.4792709350586
2024-10-25,66642.4140625,43.32518768310547,177.0702667236328,253.32000732421875,29.32774543762207,251.0625762939453,491.4075927734375,20.329999923706055,4.23199987411499,4.510000228881836,72.6801528930664,102.23612213134766
2024-10-26,67014.6953125,43.32518768310547,177.0702667236328,253.32000732421875,29.32774543762207,251.0625762939453,491.4075927734375,20.329999923706055,4.23199987411499,4.510000228881836,72.6801528930664,102.23612213134766
2024-10-27,67929.296875,43.32518768310547,177.0702667236328,253.32000732421875,29.32774543762207,251.0625762939453,491.4075927734375,20.329999923706055,4.23199987411499,4.510000228881836,72.6801528930664,102.23612213134766
2024-10-28,69907.7578125,43.51723098754883,177.3953094482422,253.3300018310547,29.903892517089844,249.32571411132812,491.4869079589844,19.799999237060547,4.2779998779296875,4.48199987411499,72.8635025024414,102.15193939208984
2024-10-29,72720.4921875,43.3828010559082,177.84844970703125,256.0899963378906,29.56935691833496,254.99285888671875,496.2093505859375,19.34000015258789,4.27400016784668,4.480000019073486,72.8818359375,102.27352905273438
2024-10-30,72339.5390625,42.96030807495117,176.9323272705078,257.5,29.08613395690918,248.79965209960938,492.4592590332031,20.350000381469727,4.265999794006348,4.4629998207092285,72.75350189208984,102.142578125
2024-10-31,70215.1875,42.68184280395508,173.78025817871094,253.50999450683594,28.55645179748535,239.86717224121094,480.0281982421875,23.15999984741211,4.283999919891357,4.432000160217285,72.55180358886719,101.93682098388672
2024-11-01,69482.46875,42.720252990722656,174.44021606445312,252.47000122070312,28.398475646972656,242.91415405273438,483.5799255371094,21.8799991607666,4.361000061035156,4.400000095367432,72.55641174316406,101.37834930419922
2024-11-02,69289.2734375,42.720252990722656,174.44021606445312,252.47000122070312,28.398475646972656,242.91415405273438,483.5799255371094,21.8799991607666,4.361000061035156,4.400000095367432,72.55641174316406,101.37834930419922
2024-11-03,68741.1171875,42.720252990722656,174.44021606445312,252.47000122070312,28.398475646972656,242.91415405273438,483.5799255371094,21.8799991607666,4.361000061035156,4.400000095367432,72.55641174316406,101.37834930419922
2024-11-04,67811.5078125,42.96030807495117,174.24319458007812,252.8300018310547,27.757280349731445,242.43775939941406,482.1711120605469,21.979999542236328,4.309000015258789,4.418000221252441,72.75910949707031,102.12923431396484
2024-11-05,69359.5625,43.54603958129883,176.01626586914062,253.39999389648438,27.887378692626953,246.44744873046875,488.3221435546875,20.489999771118164,4.289000034332275,4.422999858856201,72.96180725097656,102.61729431152344
2024-11-06,75639.078125,43.00831604003906,179.53286743164062,245.6999969482422,28.175451278686523,252.89869689941406,501.5865173339844,16.270000457763672,4.426000118255615,4.429999828338623,73.09080505371094,101.54730224609375
2024-11-07,75904.859375,43.95893096923828,181.22711181640625,249.64999389648438,29.29057502746582,259.0621032714844,509.48358154296875,15.199999809265137,4.341000080108643,4.420000076293945,73.404052734375,102.74870300292969
2024-11-08,76545.4765625,42.87388610839844,181.6605224609375,247.9600067138672,28.807355880737305,257.39471435546875,510.0789794921875,14.9399995803833,4.306000232696533,4.422999858856201,73.52383422851562,103.10537719726562
2024-11-09,76778.8671875,42.87388610839844,181.6605224609375,247.9600067138672,28.807355880737305,257.39471435546875,510.0789794921875,14.9399995803833,4.306000232696533,4.422999858856201,73.52383422851562,103.10537719726562
2024-11-10,80474.1875,42.87388610839844,181.6605224609375,247.9600067138672,28.807355880737305,257.39471435546875,510.0789794921875,14.9399995803833,4.306000232696533,4.422999858856201,73.52383422851562,103.10537719726562
2024-11-11,88701.484375,42.54741287231445,181.49307250976562,242.13999938964844,28.36130714416504,251.6282958984375,509.78131103515625,14.970000267028809,4.308000087738037,4.414999961853027,73.44090270996094,102.90827178955078
2024-11-12,87955.8125,41.74082565307617,181.3157958984375,240.0500030517578,28.54715919494629,249.9708251953125,508.85858154296875,14.710000038146973,4.432000160217285,4.422999858856201,73.14606475830078,101.97905731201172
2024-11-13,90584.1640625,41.47195816040039,180.8724822998047,237.6300048828125,28.02676773071289,245.77256774902344,508.2038269042969,14.020000457763672,4.451000213623047,4.389999866485596,73.1645278930664,101.5942153930664
2024-11-14,87250.4296875,41.24150848388672,179.81851196289062,237.00999450683594,28.249792098999023,246.31842041015625,504.6720275878906,14.3100004196167,4.418000221252441,4.382999897003174,73.00787353515625,101.56607818603516
2024-11-15,91066.0078125,41.24150848388672,176.8732452392578,236.58999633789062,28.1568660736084,238.15016174316406,492.647705078125,16.139999389648438,4.427999973297119,4.39300012588501,72.99866485595703,101.61300659179688
2024-11-16,90558.4765625,41.24150848388672,176.8732452392578,236.58999633789062,28.1568660736084,238.15016174316406,492.647705078125,16.139999389648438,4.427999973297119,4.39300012588501,72.99866485595703,101.61300659179688
2024-11-17,89845.8515625,41.24150848388672,176.8732452392578,236.58999633789062,28.1568660736084,238.15016174316406,492.647705078125,16.139999389648438,4.427999973297119,4.39300012588501,72.99866485595703,101.61300659179688
2024-11-18,90542.640625,41.712013244628906,177.2869873046875,241.08999633789062,29.6344051361084,239.7282257080078,496.0704345703125,15.579999923706055,4.414000034332275,4.4029998779296875,73.1368637084961,101.80072021484375
2024-11-19,92343.7890625,41.68321228027344,177.70068359375,243.25,30.21055030822754,242.34841918945312,499.4832763671875,16.350000381469727,4.379000186920166,4.4079999923706055,73.24742126464844,102.01658630371094
2024-11-20,94339.4921875,41.63520050048828,178.183349609375,244.6199951171875,29.7087459564209,240.72071838378906,499.1955871582031,17.15999984741211,4.406000137329102,4.409999847412109,73.22900390625,101.77255249023438
2024-11-21,98504.7265625,41.54877853393555,179.3555450439453,246.66000366210938,30.758819580078125,244.25404357910156,500.9913024902344,16.8700008392334,4.432000160217285,4.413000106811523,73.25663757324219,101.65055084228516
2024-11-22,98997.6640625,41.55838394165039,180.01553344726562,249.83999633789062,30.77740478515625,242.7851104736328,501.7948913574219,15.239999771118164,4.409999847412109,4.414999961853027,73.23822021484375,101.74441528320312
2024-11-23,97777.28125,41.55838394165039,180.01553344726562,249.83999633789062,30.77740478515625,242.7851104736328,501.7948913574219,15.239999771118164,4.409999847412109,4.414999961853027,73.23822021484375,101.74441528320312
2024-11-24,98013.8203125,41.55838394165039,180.01553344726562,249.83999633789062,30.77740478515625,242.7851104736328,501.7948913574219,15.239999771118164,4.409999847412109,4.414999961853027,73.23822021484375,101.74441528320312
2024-11-25,93102.296875,41.587188720703125,181.0005645751953,242.47999572753906,29.801673889160156,241.83233642578125,502.58856201171875,14.600000381469727,4.264999866485596,4.40500020980835,73.51461029052734,103.01152038574219
2024-11-26,91985.3203125,41.41434860229492,181.78858947753906,242.9499969482422,29.513599395751953,239.609130859375,505.287109375,14.100000381469727,4.302000045776367,4.394999980926514,73.37640380859375,102.74870300292969
2024-11-27,95962.53125,41.47195816040039,181.49307250976562,243.49000549316406,29.54147720336914,236.46290588378906,501.30877685546875,14.100000381469727,4.242000102996826,4.385000228881836,73.59754180908203,103.12416076660156
2024-11-28,95652.46875,41.47195816040039,181.49307250976562,243.49000549316406,29.54147720336914,236.46290588378906,501.30877685546875,14.100000381469727,4.242000102996826,4.385000228881836,73.59754180908203,103.12416076660156
2024-11-29,97461.5234375,41.5391731262207,182.51751708984375,245.58999633789062,30.061866760253906,240.31381225585938,505.71368408203125,13.510000228881836,4.177999973297119,4.373000144958496,73.7449722290039,103.76239776611328
2024-11-30,96449.0546875,41.5391731262207,182.51751708984375,245.58999633789062,30.061866760253906,240.31381225585938,505.71368408203125,13.510000228881836,4.177999973297119,4.373000144958496,73.7449722290039,103.76239776611328
2024-12-01,97279.7890625,41.5391731262207,182.51751708984375,245.58999633789062,30.061866760253906,240.31381225585938,505.71368408203125,13.510000228881836,4.177999973297119,4.373000144958496,73.7449722290039,103.76239776611328
2024-12-02,95865.3046875,41.702415466308594,183.1971893310547,243.44000244140625,29.652990341186523,246.0107421875,511.2198791503906,13.34000015258789,4.196000099182129,4.380000114440918,73.71813201904297,103.92532348632812
2024-12-03,96002.1640625,41.78883361816406,183.23660278320312,243.92999267578125,29.6344051361084,246.55662536621094,512.787353515625,13.300000190734863,4.2230000495910645,4.35699987411499,73.71813201904297,103.5580062866211
2024-12-04,98768.53125,41.89445877075195,184.05416870117188,244.6699981689453,29.439258575439453,250.73504638671875,519.1268920898438,13.449999809265137,4.179999828338623,4.34499979019165,73.89397430419922,104.05721282958984
2024-12-05,96593.5703125,42.17292022705078,183.2760009765625,242.86000061035156,29.690160751342773,246.43751525878906,517.6883544921875,13.539999961853027,4.179999828338623,4.329999923706055,73.82917022705078,104.02892303466797
2024-12-06,99920.7109375,42.105709075927734,183.67002868652344,242.9499969482422,29.550769805908203,246.7451934814453,522.3214111328125,12.770000457763672,4.151000022888184,4.295000076293945,73.94950103759766,104.26441192626953
2024-12-07,99923.3359375,42.105709075927734,183.67002868652344,242.9499969482422,29.550769805908203,246.7451934814453,522.3214111328125,12.770000457763672,4.151000022888184,4.295000076293945,73.94950103759766,104.26441192626953
2024-12-08,101236.015625,42.105709075927734,183.67002868652344,242.9499969482422,29.550769805908203,246.7451934814453,522.3214111328125,12.770000457763672,4.151000022888184,4.295000076293945,73.94950103759766,104.26441192626953
2024-12-09,97432.71875,42.969905853271484,182.7933349609375,245.36000061035156,28.22191619873047,244.22425842285156,518.25390625,14.1899995803833,4.198999881744385,4.293000221252441,73.85694885253906,104.00068664550781
2024-12-10,96675.4296875,42.27854919433594,182.3795928955078,248.58999633789062,28.212623596191406,238.0806884765625,516.4878540039062,14.180000305175781,4.2210001945495605,4.284999847412109,73.89397430419922,103.84058380126953
2024-12-11,101173.03125,42.451385498046875,183.33509826660156,250.9600067138672,28.667964935302734,243.9066619873047,525.7342529296875,13.579999923706055,4.270999908447266,4.255000114440918,73.91248321533203,103.5580062866211
2024-12-12,100043.0,42.24013900756836,181.97573852539062,247.27999877929688,27.971012115478516,241.5445098876953,522.34130859375,13.920000076293945,4.323999881744385,4.2230000495910645,73.70884704589844,102.97406005859375
2024-12-13,101459.2578125,42.27854919433594,181.20742797851562,244.2899932861328,27.311229705810547,247.61859130859375,526.3395385742188,13.8100004196167,4.39900016784668,4.2179999351501465,73.49600219726562,102.39952087402344
2024-12-14,101372.96875,42.27854919433594,181.20742797851562,244.2899932861328,27.311229705810547,247.61859130859375,526.3395385742188,13.8100004196167,4.39900016784668,4.2179999351501465,73.49600219726562,102.39952087402344
2024-12-15,104298.6953125,42.27854919433594,181.20742797851562,244.2899932861328,27.311229705810547,247.61859130859375,526.3395385742188,13.8100004196167,4.39900016784668,4.2179999351501465,73.49600219726562,102.39952087402344
2024-12-16,106029.71875,42.048095703125,181.15817260742188,244.8800048828125,26.86518096923828,251.3503875732422,533.9190673828125,14.6899995803833,4.396999835968018,4.228000164031982,73.63481903076172,102.53137969970703
2024-12-17,106140.6015625,41.9475212097168,180.49423217773438,243.94000244140625,26.6793270111084,248.0850830078125,531.5678100585938,15.869999885559082,4.385000228881836,4.239999771118164,73.47745513916016,102.54078674316406
2024-12-18,100041.5390625,40.97108840942383,175.78155517578125,239.25999450683594,25.83369255065918,240.17486572265625,512.3905639648438,27.6200008392334,4.49399995803833,4.23199987411499,72.72298431396484,101.26950073242188
2024-12-19,97490.953125,41.1077880859375,175.5740966796875,239.60000610351562,26.066009521484375,237.0782470703125,510.1086730957031,24.09000015258789,4.570000171661377,4.21999979019165,72.64856719970703,100.72126007080078
2024-12-20,97755.9296875,41.27378463745117,177.27342224121094,242.10000610351562,25.991668701171875,240.88946533203125,514.563232421875,18.360000610351562,4.52400016784668,4.215000152587891,73.10443878173828,101.11825561523438
2024-12-21,97224.7265625,41.27378463745117,177.27342224121094,242.10000610351562,25.991668701171875,240.88946533203125,514.563232421875,18.360000610351562,4.52400016784668,4.215000152587891,73.10443878173828,101.11825561523438
2024-12-22,95104.9375,41.27378463745117,177.27342224121094,242.10000610351562,25.991668701171875,240.88946533203125,514.563232421875,18.360000610351562,4.52400016784668,4.215000152587891,73.10443878173828,101.11825561523438
2024-12-23,94686.2421875,41.50812530517578,178.61705017089844,240.9600067138672,26.26115608215332,248.44692993164062,519.5764770507812,16.780000686645508,4.598999977111816,4.215000152587891,72.9090576171875,100.82524108886719
2024-12-24,98676.09375,41.63506317138672,179.9508514404297,241.44000244140625,26.093887329101562,250.5902557373047,526.6217041015625,14.270000457763672,4.591000080108643,4.199999809265137,73.14163208007812,101.13716125488281
2024-12-25,99299.1953125,41.63506317138672,179.9508514404297,241.44000244140625,26.093887329101562,250.5902557373047,526.6217041015625,14.270000457763672,4.591000080108643,4.199999809265137,73.14163208007812,101.13716125488281
2024-12-26,95795.515625,41.48860168457031,180.05950927734375,243.07000732421875,26.103179931640625,250.15162658691406,526.2640380859375,14.729999542236328,4.578999996185303,4.215000152587891,73.32770538330078,101.231689453125
2024-12-27,94164.859375,41.303077697753906,178.35032653808594,241.39999389648438,26.112472534179688,247.6294708251953,519.2683715820312,15.949999809265137,4.61899995803833,4.177999973297119,73.07650756835938,100.80635833740234
2024-12-28,95163.9296875,41.303077697753906,178.35032653808594,241.39999389648438,26.112472534179688,247.6294708251953,519.2683715820312,15.949999809265137,4.61899995803833,4.177999973297119,73.07650756835938,100.80635833740234
2024-12-29,93530.2265625,41.303077697753906,178.35032653808594,241.39999389648438,26.112472534179688,247.6294708251953,519.2683715820312,15.949999809265137,4.61899995803833,4.177999973297119,73.07650756835938,100.80635833740234
2024-12-30,92643.2109375,40.97108840942383,176.4336395263672,240.6300048828125,25.607576370239258,243.9010772705078,512.3621826171875,17.399999618530273,4.545000076293945,4.182000160217285,73.17886352539062,101.24114227294922
2024-12-31,93429.203125,40.834388732910156,175.9396514892578,242.1300048828125,25.55985450744629,241.41879272460938,508.0097961425781,17.350000381469727,4.572999954223633,4.208000183105469,73.1695556640625,100.98593139648438
2025-01-01,94419.7578125,40.834388732910156,175.9396514892578,242.1300048828125,25.55985450744629,241.41879272460938,508.0097961425781,17.350000381469727,4.572999954223633,4.208000183105469,73.1695556640625,100.98593139648438
2025-01-02,96886.875,40.77580261230469,175.47531127929688,245.4199981689453,26.829256057739258,244.03067016601562,507.0160827636719,17.93000030517578,4.574999809265137,4.208000183105469,73.34630584716797,100.99539184570312
2025-01-03,98107.4296875,41.1566162109375,177.14500427246094,243.49000549316406,27.525997161865234,251.09869384765625,515.3134765625,16.1299991607666,4.5960001945495605,4.192999839782715,73.45793914794922,100.75908660888672
2025-01-04,98236.2265625,41.1566162109375,177.14500427246094,243.49000549316406,27.525997161865234,251.09869384765625,515.3134765625,16.1299991607666,4.5960001945495605,4.192999839782715,73.45793914794922,100.75908660888672
2025-01-05,98314.9609375,41.1566162109375,177.14500427246094,243.49000549316406,27.525997161865234,251.09869384765625,515.3134765625,16.1299991607666,4.5960001945495605,4.192999839782715,73.45793914794922,100.75908660888672
2025-01-06,102078.0859375,41.303077697753906,177.83657836914062,243.19000244140625,27.94594955444336,259.42279052734375,521.2359008789062,16.040000915527344,4.618000030517578,4.190000057220459,73.58820343017578,100.5038833618164
2025-01-07,96922.703125,41.01014709472656,176.492919921875,244.55999755859375,26.924699783325195,253.25196838378906,511.9348449707031,17.81999969482422,4.683000087738037,4.203000068664551,73.34630584716797,100.04071807861328
2025-01-08,95043.5234375,40.81486129760742,176.83871459960938,245.86000061035156,26.571557998657227,251.4475860595703,512.0243530273438,17.700000762939453,4.692999839782715,4.204999923706055,73.43933868408203,100.20143127441406
2025-01-09,92484.0390625,40.81486129760742,176.83871459960938,245.86000061035156,26.571557998657227,251.4475860595703,512.0243530273438,17.700000762939453,4.692999839782715,4.204999923706055,73.43933868408203,100.20143127441406
2025-01-10,94701.453125,40.1215934753418,174.23045349121094,248.2100067138672,25.932085037231445,246.4132537841797,503.9952087402344,19.540000915527344,4.776000022888184,4.2129998207092285,73.05790710449219,99.62483978271484
2025-01-11,94566.59375,40.1215934753418,174.23045349121094,248.2100067138672,25.932085037231445,246.4132537841797,503.9952087402344,19.540000915527344,4.776000022888184,4.2129998207092285,73.05790710449219,99.62483978271484
2025-01-12,94488.4375,40.1215934753418,174.23045349121094,248.2100067138672,25.932085037231445,246.4132537841797,503.9952087402344,19.540000915527344,4.776000022888184,4.2129998207092285,73.05790710449219,99.62483978271484
2025-01-13,94516.5234375,39.84819793701172,174.5268096923828,245.74000549316406,25.86527442932129,243.88113403320312,502.37548828125,19.190000534057617,4.802999973297119,4.2179999351501465,73.03929138183594,99.34127044677734
2025-01-14,96534.046875,40.2973518371582,174.51695251464844,247.02999877929688,25.960718154907227,244.6786651611328,501.8985290527344,18.709999084472656,4.788000106811523,4.2129998207092285,73.13233184814453,99.45469665527344
2025-01-15,100504.4921875,40.82462692260742,177.29319763183594,248.8800048828125,26.390214920043945,250.43077087402344,513.4453125,16.1200008392334,4.6529998779296875,4.204999923706055,73.7742691040039,100.6456527709961
2025-01-16,99756.90625,40.77580261230469,177.31295776367188,250.60000610351562,26.113428115844727,251.5074005126953,509.84814453125,16.600000381469727,4.605999946594238,4.195000171661377,73.85797882080078,100.84414672851562
2025-01-17,104462.0390625,41.098026275634766,178.51828002929688,249.27000427246094,26.752901077270508,257.44891357421875,518.4535522460938,15.970000267028809,4.609000205993652,4.192999839782715,73.923095703125,100.9292221069336
2025-01-18,104408.0703125,41.098026275634766,178.51828002929688,249.27000427246094,26.752901077270508,257.44891357421875,518.4535522460938,15.970000267028809,4.609000205993652,4.192999839782715,73.923095703125,100.9292221069336
2025-01-19,101089.609375,41.098026275634766,178.51828002929688,249.27000427246094,26.752901077270508,257.44891357421875,518.4535522460938,15.970000267028809,4.609000205993652,4.192999839782715,73.923095703125,100.9292221069336
2025-01-20,102016.6640625,41.098026275634766,178.51828002929688,249.27000427246094,26.752901077270508,257.44891357421875,518.4535522460938,15.970000267028809,4.609000205993652,4.192999839782715,73.923095703125,100.9292221069336
2025-01-21,106146.265625,41.53742218017578,179.9508514404297,253.1300048828125,27.850505828857422,261.5760803222656,521.4943237304688,15.0600004196167,4.573999881744385,4.197000026702881,74.11847686767578,101.51524353027344
2025-01-22,103653.0703125,41.56671142578125,181.51185607910156,254.42999267578125,28.96719741821289,266.3412780761719,528.1619873046875,15.100000381469727,4.598999977111816,4.215000152587891,74.01614379882812,101.19387817382812
2025-01-23,103960.171875,41.66435241699219,182.3911590576172,254.07000732421875,29.568492889404297,266.0222473144531,529.284912109375,15.020000457763672,4.638000011444092,4.2129998207092285,74.10916900634766,101.0521011352539
2025-01-24,104819.484375,41.93775939941406,181.88729858398438,255.64999389648438,29.13899803161621,260.71875,526.2938232421875,14.850000381469727,4.625999927520752,4.204999923706055,74.1928939819336,101.2505874633789
2025-01-25,104714.6484375,41.93775939941406,181.88729858398438,255.64999389648438,29.13899803161621,260.71875,526.2938232421875,14.850000381469727,4.625999927520752,4.204999923706055,74.1928939819336,101.2505874633789
2025-01-26,102682.5,41.93775939941406,181.88729858398438,255.64999389648438,29.13899803161621,260.71875,526.2938232421875,14.850000381469727,4.625999927520752,4.204999923706055,74.1928939819336,101.2505874633789
2025-01-27,102087.6875,41.17613983154297,180.3559112548828,252.99000549316406,25.86527442932129,235.07852172851562,510.97100830078125,17.899999618530273,4.5279998779296875,4.188000202178955,74.24871826171875,101.9500503540039
2025-01-28,101332.4765625,41.47883605957031,181.50196838378906,255.17999267578125,26.32340431213379,239.70413208007812,518.523193359375,16.40999984741211,4.551000118255615,4.190000057220459,74.22078704833984,101.80826568603516
2025-01-29,103703.2109375,41.48860168457031,180.94869995117188,254.1999969482422,27.067867279052734,238.7869873046875,517.5493774414062,16.559999465942383,4.554999828338623,4.188000202178955,74.1742935180664,101.67594146728516
2025-01-30,104735.3046875,42.191627502441406,182.63815307617188,258.04998779296875,27.602352142333984,244.4095001220703,519.7552490234375,15.84000015258789,4.51200008392334,4.182000160217285,74.3138427734375,101.90277099609375
2025-01-31,102405.0234375,41.71317672729492,181.15618896484375,258.55999755859375,27.020143508911133,242.8643035888672,519.0000610351562,16.43000030517578,4.568999767303467,4.188000202178955,74.16500091552734,101.57195281982422
2025-02-01,100655.90625,41.71317672729492,181.15618896484375,258.55999755859375,27.020143508911133,242.8643035888672,519.0000610351562,16.43000030517578,4.568999767303467,4.188000202178955,74.16500091552734,101.57195281982422
2025-02-02,97688.9765625,41.71317672729492,181.15618896484375,258.55999755859375,27.020143508911133,242.8643035888672,519.0000610351562,16.43000030517578,4.568999767303467,4.188000202178955,74.16500091552734,101.57195281982422
2025-02-03,101405.421875,41.410484313964844,180.2670135498047,259.94000244140625,26.714723587036133,238.03932189941406,514.846435546875,18.6200008392334,4.543000221252441,4.190000057220459,74.07154083251953,101.73228454589844
2025-02-04,97871.8203125,42.15257263183594,181.11666870117188,262.5,27.592805862426758,240.72097778320312,521.1663818359375,17.209999084472656,4.513000011444092,4.2129998207092285,74.30517578125,101.93150329589844
2025-02-05,96615.4453125,42.045166015625,181.9070587158203,264.1300048828125,27.659616470336914,246.37338256835938,523.5313720703125,15.770000457763672,4.421999931335449,4.210000038146973,74.50142669677734,102.64298248291016
2025-02-06,96593.296875,42.220924377441406,182.1441650390625,263.42999267578125,27.067867279052734,247.5796356201172,526.2640380859375,15.5,4.440000057220459,4.2129998207092285,74.38928985595703,102.4532470703125
2025-02-07,96529.0859375,42.18186569213867,180.71160888671875,263.8999938964844,27.774150848388672,244.24002075195312,519.6261596679688,16.540000915527344,4.486999988555908,4.228000164031982,74.1556396484375,102.00739288330078
2025-02-08,96482.453125,42.18186569213867,180.71160888671875,263.8999938964844,27.774150848388672,244.24002075195312,519.6261596679688,16.540000915527344,4.486999988555908,4.228000164031982,74.1556396484375,102.00739288330078
2025-02-09,96500.09375,42.18186569213867,180.71160888671875,263.8999938964844,27.774150848388672,244.24002075195312,519.6261596679688,16.540000915527344,4.486999988555908,4.228000164031982,74.1556396484375,102.00739288330078
2025-02-10,97437.5546875,42.689613342285156,182.03549194335938,268.3699951171875,27.774150848388672,248.84568786621094,525.9161987304688,15.8100004196167,4.493000030517578,4.228000164031982,74.30517578125,102.03585052490234
2025-02-11,95747.4296875,42.523616790771484,182.2034454345703,267.3900146484375,27.296932220458984,249.09490966796875,524.6641845703125,16.020000457763672,4.5370001792907715,4.224999904632568,74.27713012695312,101.80817413330078
2025-02-12,97885.859375,42.75796127319336,181.64028930664062,267.6700134277344,27.621440887451172,247.7391357421875,524.9722900390625,15.890000343322754,4.63700008392334,4.228000164031982,74.1182632446289,101.25794982910156
2025-02-13,96623.8671875,43.0313606262207,183.56686401367188,270.30999755859375,27.640527725219727,251.1385498046875,532.5244140625,15.100000381469727,4.525000095367432,4.2129998207092285,74.4546890258789,102.04533386230469
2025-02-14,97508.96875,43.36334991455078,182.88514709472656,266.2900085449219,26.752901077270508,251.7965087890625,534.7601928710938,14.770000457763672,4.4720001220703125,4.2129998207092285,74.53881072998047,102.44376373291016
2025-02-15,97580.3515625,43.36334991455078,182.88514709472656,266.2900085449219,26.752901077270508,251.7965087890625,534.7601928710938,14.770000457763672,4.4720001220703125,4.2129998207092285,74.53881072998047,102.44376373291016
2025-02-16,96175.03125,43.36334991455078,182.88514709472656,266.2900085449219,26.752901077270508,251.7965087890625,534.7601928710938,14.770000457763672,4.4720001220703125,4.2129998207092285,74.53881072998047,102.44376373291016
2025-02-17,95773.3828125,43.36334991455078,182.88514709472656,266.2900085449219,26.752901077270508,251.7965087890625,534.7601928710938,14.770000457763672,4.4720001220703125,4.2129998207092285,74.53881072998047,102.44376373291016
2025-02-18,95539.546875,43.636749267578125,183.34950256347656,270.70001220703125,26.915157318115234,255.4252166748047,535.9724731445312,15.350000381469727,4.544000148773193,4.2129998207092285,74.47338104248047,102.02637481689453
2025-02-19,96635.609375,43.568397521972656,183.97193908691406,270.8500061035156,26.13251495361328,256.541748046875,536.12158203125,15.270000457763672,4.534999847412109,4.2179999351501465,74.52945709228516,102.08328247070312
2025-02-20,98333.9375,43.96873474121094,183.4680633544922,270.989990234375,26.008440017700195,257.00030517578125,533.845947265625,15.65999984741211,4.5,4.204999923706055,74.57618713378906,102.32991790771484
2025-02-21,96125.546875,43.84180450439453,180.4053192138672,270.739990234375,24.872657775878906,249.2145538330078,522.7662353515625,18.209999084472656,4.420000076293945,4.197000026702881,74.43600463867188,102.69042205810547
2025-02-22,96577.7578125,43.84180450439453,180.4053192138672,270.739990234375,24.872657775878906,249.2145538330078,522.7662353515625,18.209999084472656,4.420000076293945,4.197000026702881,74.43600463867188,102.69042205810547
2025-02-23,96273.921875,43.84180450439453,180.4053192138672,270.739990234375,24.872657775878906,249.2145538330078,522.7662353515625,18.209999084472656,4.420000076293945,4.197000026702881,74.43600463867188,102.69042205810547
2025-02-24,91418.171875,43.16806411743164,179.83230590820312,272.2099914550781,24.490882873535156,242.6649169921875,516.5953369140625,18.979999542236328,4.39300012588501,4.190000057220459,74.52945709228516,102.95603942871094
2025-02-25,88736.171875,43.197357177734375,179.64459228515625,268.6199951171875,24.032752990722656,237.51095581054688,510.08660888671875,19.43000030517578,4.297999858856201,4.182000160217285,74.71636199951172,103.74340057373047
2025-02-26,84347.0234375,43.626983642578125,179.35806274414062,269.0299987792969,24.538604736328125,243.06369018554688,511.31878662109375,19.100000381469727,4.249000072479248,4.192999839782715,74.81916046142578,103.96158599853516
2025-02-27,84704.2265625,42.77749252319336,176.78932189941406,264.92999267578125,23.59370994567871,228.08029174804688,497.1187744140625,21.1299991607666,4.284999847412109,4.195000171661377,74.67898559570312,103.52522277832031
2025-02-28,84373.0078125,42.191627502441406,179.38768005371094,263.2699890136719,23.67006492614746,232.04795837402344,504.96905517578125,19.6299991607666,4.230999946594238,4.192999839782715,74.88459014892578,103.98056030273438
2025-03-01,86031.9140625,42.191627502441406,179.38768005371094,263.2699890136719,23.67006492614746,232.04795837402344,504.96905517578125,19.6299991607666,4.230999946594238,4.192999839782715,74.88459014892578,103.98056030273438
2025-03-02,94248.3515625,42.191627502441406,179.38768005371094,263.2699890136719,23.67006492614746,232.04795837402344,504.96905517578125,19.6299991607666,4.230999946594238,4.192999839782715,74.88459014892578,103.98056030273438
2025-03-03,86065.671875,41.82059097290039,176.9473876953125,266.739990234375,22.41975212097168,222.3182373046875,493.9190979003906,22.780000686645508,4.179999828338623,4.192999839782715,74.72872161865234,104.30908203125
2025-03-04,87222.1953125,42.17210006713867,175.12950134277344,269.05999755859375,22.95423698425293,224.53134155273438,492.42852783203125,23.510000228881836,4.210000038146973,4.195000171661377,74.7193374633789,103.96627807617188
2025-03-05,90623.5625,43.431697845458984,176.9967803955078,269.6199951171875,23.545989990234375,228.6884002685547,498.8478088378906,21.93000030517578,4.264999866485596,4.204999923706055,74.75688171386719,103.63299560546875
2025-03-06,89961.7265625,43.158302307128906,174.1020050048828,268.25,23.116491317749023,219.09825134277344,485.1248474121094,24.8700008392334,4.285999774932861,4.197000026702881,74.47520446777344,103.30923461914062
2025-03-07,86742.671875,43.373111724853516,174.70468139648438,268.3900146484375,22.8492488861084,224.39178466796875,488.69219970703125,23.3700008392334,4.316999912261963,4.197000026702881,74.5972900390625,103.14734649658203
2025-03-08,86154.59375,43.373111724853516,174.70468139648438,268.3900146484375,22.8492488861084,224.39178466796875,488.69219970703125,23.3700008392334,4.316999912261963,4.197000026702881,74.5972900390625,103.14734649658203
2025-03-09,80601.0390625,43.373111724853516,174.70468139648438,268.3900146484375,22.8492488861084,224.39178466796875,488.69219970703125,23.3700008392334,4.316999912261963,4.197000026702881,74.5972900390625,103.14734649658203
2025-03-10,78532.0,42.33809280395508,170.80215454101562,266.0400085449219,22.057065963745117,213.86453247070312,469.7522888183594,27.860000610351562,4.2129998207092285,4.184999942779541,74.31559753417969,103.49967956542969
2025-03-11,82862.2109375,42.689613342285156,168.69773864746094,269.1600036621094,22.582006454467773,213.5554962158203,468.62939453125,26.920000076293945,4.288000106811523,4.195000171661377,74.05270385742188,102.8235855102539
2025-03-12,83722.359375,42.923954010009766,169.05343627929688,270.3299865722656,22.75380516052246,219.83596801757812,473.9159240722656,24.229999542236328,4.317999839782715,4.197000026702881,74.13719177246094,102.51887512207031
2025-03-13,81066.703125,42.74819564819336,166.1388702392578,275.1300048828125,22.438840866088867,218.8689727783203,465.3899230957031,24.65999984741211,4.27400016784668,4.188000202178955,73.72407531738281,102.8426284790039
2025-03-14,83969.1015625,43.52934265136719,169.32017517089844,275.239990234375,22.811071395874023,225.86720275878906,476.6386413574219,21.770000457763672,4.308000087738037,4.188000202178955,74.06209564208984,102.7950210571289
2025-03-15,84343.109375,43.52934265136719,169.32017517089844,275.239990234375,22.811071395874023,225.86720275878906,476.6386413574219,21.770000457763672,4.308000087738037,4.188000202178955,74.06209564208984,102.7950210571289
2025-03-16,82579.6875,43.52934265136719,169.32017517089844,275.239990234375,22.811071395874023,225.86720275878906,476.6386413574219,21.770000457763672,4.308000087738037,4.188000202178955,74.06209564208984,102.7950210571289
2025-03-17,84075.6875,44.27143096923828,171.0194854736328,276.7300109863281,23.51735496520996,228.24978637695312,479.7290344238281,20.510000228881836,4.306000232696533,4.188000202178955,74.24048614501953,103.00450897216797
2025-03-18,82718.5,44.046852111816406,169.28761291503906,279.9599914550781,23.336013793945312,224.72076416015625,471.5509033203125,21.700000762939453,4.281000137329102,4.195000171661377,74.1090316772461,103.25210571289062
2025-03-19,86854.2265625,44.154258728027344,170.89178466796875,281.1099853515625,24.04229736328125,226.70458984375,477.86090087890625,19.899999618530273,4.25600004196167,4.190000057220459,74.5972900390625,103.86154174804688
2025-03-20,84167.1953125,43.74415969848633,170.2481231689453,280.75,24.2236385345459,226.345703125,476.24114990234375,19.799999237060547,4.232999801635742,4.182000160217285,74.4939956665039,103.70918273925781
2025-03-21,84043.2421875,43.52934265136719,169.92137145996094,278.489990234375,23.86095428466797,224.07278442382812,477.8111877441406,19.280000686645508,4.251999855041504,4.184999942779541,74.38131713867188,103.56633758544922
2025-03-22,83832.484375,43.52934265136719,169.92137145996094,278.489990234375,23.86095428466797,224.07278442382812,477.8111877441406,19.280000686645508,4.251999855041504,4.184999942779541,74.38131713867188,103.56633758544922
2025-03-23,86054.375,43.52934265136719,169.92137145996094,278.489990234375,23.86095428466797,224.07278442382812,477.8111877441406,19.280000686645508,4.251999855041504,4.184999942779541,74.38131713867188,103.56633758544922
2025-03-24,87498.9140625,43.72462463378906,172.86231994628906,277.25,24.233184814453125,229.9145965576172,488.29644775390625,17.479999542236328,4.330999851226807,4.182000160217285,74.5972900390625,103.11878204345703
2025-03-25,87471.703125,43.597694396972656,173.12965393066406,278.4700012207031,23.73687744140625,228.93763732910156,491.0829162597656,17.149999618530273,4.307000160217285,4.182000160217285,74.5597152709961,103.2235336303711
2025-03-26,86900.8828125,43.33405685424805,171.6641387939453,278.239990234375,23.183303833007812,221.3213348388672,482.04669189453125,18.329999923706055,4.3379998207092285,4.190000057220459,74.25924682617188,102.8045425415039
2025-03-27,87177.1015625,43.54887008666992,171.37696838378906,281.9700012207031,22.562917709350586,217.07455444335938,479.3000183105469,18.690000534057617,4.36899995803833,4.188000202178955,74.11842346191406,102.68074798583984
2025-03-28,84353.1484375,42.738433837890625,167.95082092285156,284.05999755859375,22.047521591186523,211.51185607910156,466.6810607910156,21.649999618530273,4.255000114440918,4.188000202178955,73.98697662353516,103.29969787597656
2025-03-29,82597.5859375,42.738433837890625,167.95082092285156,284.05999755859375,22.047521591186523,211.51185607910156,466.6810607910156,21.649999618530273,4.255000114440918,4.188000202178955,73.98697662353516,103.29969787597656
2025-03-30,82334.5234375,42.738433837890625,167.95082092285156,284.05999755859375,22.047521591186523,211.51185607910156,466.6810607910156,21.649999618530273,4.255000114440918,4.188000202178955,73.98697662353516,103.29969787597656
2025-03-31,82548.9140625,42.670082092285156,169.21829223632812,288.1400146484375,21.875722885131836,210.81402587890625,466.6611633300781,22.280000686645508,4.245999813079834,4.192999839782715,74.07147979736328,103.49967956542969
2025-04-01,85169.171875,42.80678176879883,169.6143798828125,287.57000732421875,22.028432846069336,211.83087158203125,470.4230041503906,21.770000457763672,4.156000137329102,4.199999809265137,74.2431869506836,103.86962127685547
2025-04-02,82485.7109375,42.8653678894043,170.57489013671875,288.1600036621094,22.11433219909668,213.4259033203125,473.8563232421875,21.510000228881836,4.196000099182129,4.203000068664551,74.39414978027344,104.10859680175781
2025-04-03,83102.828125,41.95729064941406,162.99972534179688,286.4200134277344,21.43667984008789,194.96336364746094,448.4891357421875,30.020000457763672,4.054999828338623,4.184999942779541,73.46953582763672,104.09903717041016
2025-04-04,83843.8046875,39.62361526489258,153.96896362304688,279.7200012207031,19.871402740478516,180.23916625976562,420.63397216796875,45.310001373291016,3.984999895095825,4.15500020980835,72.42225646972656,103.98431396484375
2025-04-05,83504.796875,39.62361526489258,153.96896362304688,279.7200012207031,19.871402740478516,180.23916625976562,420.63397216796875,45.310001373291016,3.984999895095825,4.15500020980835,72.42225646972656,103.98431396484375
2025-04-06,78214.484375,39.62361526489258,153.96896362304688,279.7200012207031,19.871402740478516,180.23916625976562,420.63397216796875,45.310001373291016,3.984999895095825,4.15500020980835,72.42225646972656,103.98431396484375
2025-04-07,79235.3359375,38.149200439453125,153.07774353027344,273.7099914550781,19.57552719116211,184.32644653320312,421.6490478515625,46.97999954223633,4.15500020980835,4.150000095367432,71.799560546875,101.95779418945312
2025-04-08,76271.953125,37.61216354370117,150.92897033691406,275.20001220703125,19.336917877197266,179.3917999267578,414.0557861328125,52.33000183105469,4.26200008392334,4.177999973297119,71.46932983398438,100.66731262207031
2025-04-09,82573.953125,40.219234466552734,164.02955627441406,285.3800048828125,21.112173080444336,210.176025390625,463.7552185058594,33.619998931884766,4.400000095367432,4.228000164031982,73.38460540771484,102.34971618652344
2025-04-10,79626.140625,39.525970458984375,159.1279754638672,292.3500061035156,20.606319427490234,195.60137939453125,444.03070068359375,40.720001220703125,4.394000053405762,4.197000026702881,72.18638610839844,100.60994720458984
2025-04-11,83404.8359375,40.76604080200195,161.85105895996094,297.92999267578125,21.618022918701172,200.685546875,452.2110900878906,37.560001373291016,4.493000030517578,4.2129998207092285,72.40338134765625,100.59082794189453
2025-04-12,85287.109375,40.76604080200195,161.85105895996094,297.92999267578125,21.618022918701172,200.685546875,452.2110900878906,37.560001373291016,4.493000030517578,4.2129998207092285,72.40338134765625,100.59082794189453
2025-04-13,83684.9765625,40.76604080200195,161.85105895996094,297.92999267578125,21.618022918701172,200.685546875,452.2110900878906,37.560001373291016,4.493000030517578,4.2129998207092285,72.40338134765625,100.59082794189453
2025-04-14,84542.390625,41.1370849609375,163.23739624023438,296.2300109863281,21.799367904663086,200.984619140625,455.27630615234375,30.889999389648438,4.363999843597412,4.195000171661377,72.76192474365234,101.21217346191406
2025-04-15,83668.9921875,41.098026275634766,162.83140563964844,297.7799987792969,21.694377899169922,202.29055786132812,455.7838134765625,30.1200008392334,4.322999954223633,4.199999809265137,72.96004486083984,101.75704193115234
2025-04-16,84033.8671875,40.61957550048828,159.43492126464844,307.4700012207031,21.675289154052734,193.7471466064453,442.04034423828125,32.63999938964844,4.2789998054504395,4.208000183105469,72.95060729980469,102.18721771240234
2025-04-17,84895.75,40.932029724121094,159.85084533691406,306.1199951171875,21.828001022338867,191.9327850341797,441.9607238769531,29.649999618530273,4.333000183105469,4.204999923706055,73.37518310546875,102.04380798339844
2025-04-18,84450.8046875,40.932029724121094,159.85084533691406,306.1199951171875,21.828001022338867,191.9327850341797,441.9607238769531,29.649999618530273,4.333000183105469,4.204999923706055,73.37518310546875,102.04380798339844
2025-04-19,85063.4140625,40.932029724121094,159.85084533691406,306.1199951171875,21.828001022338867,191.9327850341797,441.9607238769531,29.649999618530273,4.333000183105469,4.204999923706055,73.37518310546875,102.04380798339844
2025-04-20,85174.3046875,40.932029724121094,159.85084533691406,306.1199951171875,21.828001022338867,191.9327850341797,441.9607238769531,29.649999618530273,4.333000183105469,4.204999923706055,73.37518310546875,102.04380798339844
2025-04-21,87518.90625,40.92226791381836,156.31576538085938,315.5899963378906,21.42713737487793,187.2473602294922,431.02362060546875,33.81999969482422,4.40500020980835,4.210000038146973,72.94116973876953,100.94449615478516
2025-04-22,93441.890625,41.53742218017578,160.18751525878906,311.1099853515625,21.6275691986084,191.3047332763672,442.3388671875,30.56999969482422,4.388999938964844,4.2129998207092285,73.22423553466797,101.19306182861328
2025-04-23,93699.109375,42.015872955322266,162.06893920898438,303.6499938964844,22.582006454467773,198.29299926757812,452.3703308105469,28.450000762939453,4.38700008392334,4.208000183105469,73.5921859741211,101.642333984375
2025-04-24,93943.796875,42.50408935546875,165.18812561035156,308.07000732421875,23.469635009765625,208.32179260253906,465.0987548828125,26.469999313354492,4.304999828338623,4.197000026702881,74.25263214111328,102.68427276611328
2025-04-25,94720.5,42.42597198486328,166.08920288085938,304.7300109863281,23.336013793945312,211.31248474121094,470.28363037109375,24.84000015258789,4.265999794006348,4.192999839782715,74.31866455078125,103.2291488647461
2025-04-26,94646.9296875,42.42597198486328,166.08920288085938,304.7300109863281,23.336013793945312,211.31248474121094,470.28363037109375,24.84000015258789,4.265999794006348,4.192999839782715,74.31866455078125,103.2291488647461
2025-04-27,93754.84375,42.42597198486328,166.08920288085938,304.7300109863281,23.336013793945312,211.31248474121094,470.28363037109375,24.84000015258789,4.265999794006348,4.192999839782715,74.31866455078125,103.2291488647461
2025-04-28,94978.75,42.50408935546875,166.2377471923828,309.07000732421875,23.908674240112305,209.99656677246094,470.1343688964844,25.149999618530273,4.216000080108643,4.192999839782715,74.35639953613281,103.46812438964844
2025-04-29,94284.7890625,42.62126159667969,167.2378692626953,306.05999755859375,23.985029220581055,209.63768005371094,473.2393493652344,24.170000076293945,4.172999858856201,4.190000057220459,74.55453491210938,103.70710754394531
2025-04-30,94207.3125,42.728668212890625,167.71316528320312,303.7699890136719,23.86095428466797,210.62461853027344,473.1795959472656,24.700000762939453,4.177000045776367,4.190000057220459,74.15826416015625,103.21959686279297
2025-05-01,96492.3359375,42.718902587890625,167.75277709960938,297.4599914550781,24.156829833984375,211.64146423339844,479.3596496582031,24.600000381469727,4.230999946594238,4.184999942779541,74.25404357910156,102.8568115234375
2025-05-02,96910.0703125,43.93944549560547,170.59471130371094,297.9800109863281,24.662681579589844,218.3505859375,486.4752502441406,22.68000030517578,4.322000026702881,4.208000183105469,74.48165893554688,102.60726928710938
2025-05-03,95891.796875,43.93944549560547,170.59471130371094,297.9800109863281,24.662681579589844,218.3505859375,486.4752502441406,22.68000030517578,4.322000026702881,4.208000183105469,74.48165893554688,102.60726928710938
2025-05-04,94315.9765625,43.93944549560547,170.59471130371094,297.9800109863281,24.662681579589844,218.3505859375,486.4752502441406,22.68000030517578,4.322000026702881,4.208000183105469,74.48165893554688,102.60726928710938
2025-05-05,94748.0546875,44.27143096923828,170.0203857421875,306.8800048828125,24.481338500976562,216.9349822998047,483.5892028808594,23.639999389648438,4.3429999351501465,4.208000183105469,74.45320892333984,102.46331024169922
2025-05-06,96802.4765625,44.095672607421875,168.36671447753906,315.4800109863281,25.1876220703125,214.92124938964844,479.09100341796875,24.760000228881836,4.308000087738037,4.210000038146973,74.39629364013672,102.66486358642578
2025-05-07,97032.3203125,43.587928771972656,169.29751586914062,310.75,25.550310134887695,219.33750915527344,480.97186279296875,23.549999237060547,4.275000095367432,4.215000152587891,74.46269226074219,102.87598419189453
2025-05-08,103241.4609375,43.55863571166992,169.79263305664062,304.6300048828125,25.46441078186035,221.2615203857422,485.9378356933594,22.479999542236328,4.373000144958496,4.215000152587891,74.4437255859375,102.35774993896484
2025-05-09,102970.8515625,43.851566314697266,169.24801635742188,306.8399963378906,25.92254066467285,222.70701599121094,485.6194152832031,21.899999618530273,4.375,4.215000152587891,74.49114227294922,102.31934356689453
2025-05-10,104696.328125,43.851566314697266,169.24801635742188,306.8399963378906,25.92254066467285,222.70701599121094,485.6194152832031,21.899999618530273,4.375,4.215000152587891,74.49114227294922,102.31934356689453
2025-05-11,104106.359375,43.851566314697266,169.24801635742188,306.8399963378906,25.92254066467285,222.70701599121094,485.6194152832031,21.899999618530273,4.375,4.215000152587891,74.49114227294922,102.31934356689453
2025-05-12,102812.953125,44.7987060546875,174.614990234375,298.19000244140625,26.04661750793457,236.67356872558594,505.4036560058594,18.389999389648438,4.456999778747559,4.28000020980835,75.2308349609375,102.3001480102539
2025-05-13,104169.8125,44.87681579589844,174.9219512939453,299.4599914550781,26.571557998657227,244.79827880859375,513.1063842773438,18.219999313354492,4.499000072479248,4.284999847412109,75.36360168457031,102.38651275634766
2025-05-14,103539.4140625,45.218570709228516,174.99127197265625,293.1600036621094,26.867433547973633,247.2207489013672,516.1814575195312,18.6200008392334,4.5279998779296875,4.284999847412109,75.08857727050781,101.86827087402344
2025-05-15,103744.640625,45.19904327392578,176.1894073486328,297.8399963378906,26.73381233215332,246.36341857910156,516.7486572265625,17.829999923706055,4.454999923706055,4.257999897003174,75.2308349609375,102.5976791381836
2025-05-16,103489.2890625,45.16974639892578,177.38760375976562,294.239990234375,26.447481155395508,245.65562438964844,518.9978637695312,17.239999771118164,4.440999984741211,4.236999988555908,75.3161849975586,102.78961944580078
2025-05-17,103191.0859375,45.16974639892578,177.38760375976562,294.239990234375,26.447481155395508,245.65562438964844,518.9978637695312,17.239999771118164,4.440999984741211,4.236999988555908,75.3161849975586,102.78961944580078
2025-05-18,106446.0078125,45.16974639892578,177.38760375976562,294.239990234375,26.447481155395508,245.65562438964844,518.9978637695312,17.239999771118164,4.440999984741211,4.236999988555908,75.3161849975586,102.78961944580078
2025-05-19,105606.1796875,45.267391204833984,177.91241455078125,298.0299987792969,26.542924880981445,245.24688720703125,519.4954223632812,18.139999389648438,4.474999904632568,4.239999771118164,75.27825927734375,102.7992172241211
2025-05-20,106791.0859375,45.218570709228516,177.20936584472656,303.5799865722656,26.73381233215332,244.77833557128906,517.7637939453125,18.09000015258789,4.480999946594238,4.248000144958496,75.24031829833984,102.54969024658203
2025-05-21,109678.078125,45.10139846801758,174.39712524414062,305.82000732421875,26.943788528442383,240.72097778320312,510.5686340332031,20.8700008392334,4.5960001945495605,4.235000133514404,74.73770141601562,101.40758514404297
2025-05-22,111673.28125,44.954933166503906,174.10006713867188,303.1099853515625,27.220577239990234,240.06301879882812,511.5240478515625,20.280000686645508,4.552999973297119,4.23199987411499,74.88943481445312,101.92583465576172
2025-05-23,107287.796875,45.14045715332031,172.30776977539062,309.75,30.3797664642334,236.70347595214844,506.78692626953125,22.290000915527344,4.508999824523926,4.230000019073486,74.8704605102539,102.00261688232422
2025-05-24,107791.15625,45.14045715332031,172.30776977539062,309.75,30.3797664642334,236.70347595214844,506.78692626953125,22.290000915527344,4.508999824523926,4.230000019073486,74.8704605102539,102.00261688232422
2025-05-25,109035.390625,45.14045715332031,172.30776977539062,309.75,30.3797664642334,236.70347595214844,506.78692626953125,22.290000915527344,4.508999824523926,4.230000019073486,74.8704605102539,102.00261688232422
2025-05-26,109440.3671875,45.14045715332031,172.30776977539062,309.75,30.3797664642334,236.70347595214844,506.78692626953125,22.290000915527344,4.508999824523926,4.230000019073486,74.8704605102539,102.00261688232422
2025-05-27,108994.640625,45.03304672241211,175.8428497314453,304.5,31.46782684326172,244.21011352539062,518.7091674804688,18.959999084472656,4.434000015258789,4.203000068664551,75.32566833496094,102.92398834228516
2025-05-28,107802.328125,44.82799530029297,174.66448974609375,303.80999755859375,31.401016235351562,241.60821533203125,516.4103393554688,19.309999465942383,4.4770002365112305,4.224999904632568,75.27825927734375,102.6744613647461
2025-05-29,105641.7578125,44.99399185180664,175.15960693359375,305.6099853515625,30.790172576904297,243.3228759765625,517.4254150390625,19.18000030517578,4.423999786376953,4.230000019073486,75.39205169677734,103.13513946533203
2025-05-30,103998.5703125,44.44718933105469,175.3279571533203,303.6000061035156,30.551563262939453,239.0063018798828,516.609375,18.56999969482422,4.415999889373779,4.23199987411499,75.45843505859375,103.43265533447266
2025-05-31,104638.09375,44.44718933105469,175.3279571533203,303.6000061035156,30.551563262939453,239.0063018798828,516.609375,18.56999969482422,4.415999889373779,4.23199987411499,75.45843505859375,103.43265533447266
2025-06-01,105652.1015625,44.44718933105469,175.3279571533203,303.6000061035156,30.551563262939453,239.0063018798828,516.609375,18.56999969482422,4.415999889373779,4.23199987411499,75.45843505859375,103.43265533447266
2025-06-02,105881.53125,44.7694091796875,176.11021423339844,311.6700134277344,30.417943954467773,242.54530334472656,520.689697265625,18.360000610351562,4.461999893188477,4.23199987411499,75.4450912475586,103.13982391357422
2025-06-03,105432.46875,44.87681579589844,177.20936584472656,308.9100036621094,31.248306274414062,248.0182647705078,524.7599487304688,17.690000534057617,4.460000038146973,4.235000133514404,75.58802032470703,103.18798828125
2025-06-04,104731.984375,45.43338394165039,177.87281799316406,310.8999938964844,31.57281494140625,250.96908569335938,526.222900390625,17.610000610351562,4.364999771118164,4.239999771118164,75.73094940185547,103.93933868408203
2025-06-05,101575.953125,45.667728424072266,177.4073944091797,309.3299865722656,31.65871238708496,250.52047729492188,522.261962890625,18.479999542236328,4.394000053405762,4.23199987411499,75.5689697265625,103.6214599609375
2025-06-06,104390.34375,45.81419372558594,178.63526916503906,305.17999267578125,32.1072998046875,251.946044921875,527.3673095703125,16.770000457763672,4.510000228881836,4.23199987411499,75.5594482421875,102.99532318115234
2025-06-07,105615.625,45.81419372558594,178.63526916503906,305.17999267578125,32.1072998046875,251.946044921875,527.3673095703125,16.770000457763672,4.510000228881836,4.23199987411499,75.5594482421875,102.99532318115234
2025-06-08,105793.6484375,45.81419372558594,178.63526916503906,305.17999267578125,32.1072998046875,251.946044921875,527.3673095703125,16.770000457763672,4.510000228881836,4.23199987411499,75.5594482421875,102.99532318115234
2025-06-09,110294.1015625,46.20476531982422,177.98171997070312,306.6199951171875,33.57713317871094,256.16290283203125,528.1434936523438,17.15999984741211,4.48199987411499,4.239999771118164,75.59754180908203,103.30358123779297
2025-06-10,110257.234375,46.46840286254883,179.3779296875,306.7099914550781,32.498619079589844,261.257080078125,531.63671875,16.950000762939453,4.473999977111816,4.25,75.77857971191406,103.55404663085938
2025-06-11,108686.625,46.663692474365234,178.80360412597656,308.3699951171875,34.235694885253906,261.0676574707031,529.8452758789062,17.260000228881836,4.4120001792907715,4.25,75.7595443725586,103.88156127929688
2025-06-12,105929.0546875,46.74180221557617,179.41754150390625,312.20001220703125,34.36931610107422,262.3337097167969,531.0892333984375,18.020000457763672,4.35699987411499,4.257999897003174,75.84528350830078,104.45953369140625
2025-06-13,106090.96875,45.999717712402344,176.53599548339844,316.2900085449219,34.48385238647461,256.19281005859375,524.4215698242188,20.81999969482422,4.423999786376953,4.239999771118164,75.61660766601562,103.8333740234375
2025-06-14,105472.40625,45.999717712402344,176.53599548339844,316.2900085449219,34.48385238647461,256.19281005859375,524.4215698242188,20.81999969482422,4.423999786376953,4.239999771118164,75.61660766601562,103.8333740234375
2025-06-15,105552.0234375,45.999717712402344,176.53599548339844,316.2900085449219,34.48385238647461,256.19281005859375,524.4215698242188,20.81999969482422,4.423999786376953,4.239999771118164,75.61660766601562,103.8333740234375
2025-06-16,106796.7578125,46.56364440917969,178.14166259765625,311.7799987792969,36.3354606628418,262.5630187988281,531.7162475585938,19.110000610351562,4.452000141143799,4.248000144958496,75.76905822753906,103.65036010742188
2025-06-17,104601.1171875,45.952392578125,176.43478393554688,311.94000244140625,35.848697662353516,260.778564453125,526.5313720703125,21.600000381469727,4.39300012588501,4.2179999351501465,75.68330383300781,104.00678253173828
2025-06-18,104883.328125,45.94253158569336,175.23402404785156,310.260009765625,36.049129486083984,261.77545166015625,526.4417724609375,20.139999389648438,4.396999835968018,4.2230000495910645,75.79764556884766,104.08384704589844
2025-06-19,104684.2890625,45.94253158569336,175.23402404785156,310.260009765625,36.049129486083984,261.77545166015625,526.4417724609375,20.139999389648438,4.396999835968018,4.2230000495910645,75.79764556884766,104.08384704589844
2025-06-20,103309.6015625,45.67634582519531,174.30116271972656,310.1300048828125,35.09469223022461,259.462646484375,524.292236328125,20.6200008392334,4.375,4.195000171661377,76.03585052490234,104.17053985595703
2025-06-21,102257.40625,45.67634582519531,174.30116271972656,310.1300048828125,35.09469223022461,259.462646484375,524.292236328125,20.6200008392334,4.375,4.195000171661377,76.03585052490234,104.17053985595703
2025-06-22,100987.140625,45.67634582519531,174.30116271972656,310.1300048828125,35.09469223022461,259.462646484375,524.292236328125,20.6200008392334,4.375,4.195000171661377,76.03585052490234,104.17053985595703
2025-06-23,105577.7734375,46.05097961425781,176.24623107910156,311.0799865722656,35.82960891723633,261.1075439453125,529.6832275390625,19.829999923706055,4.320000171661377,4.1579999923706055,76.17877960205078,104.43063354492188
2025-06-24,106045.6328125,47.2439079284668,178.24090576171875,306.19000244140625,36.90812301635742,270.69769287109375,537.7831420898438,17.479999542236328,4.293000221252441,4.182000160217285,76.38838958740234,104.9218978881836
2025-06-25,107361.2578125,47.28334426879883,178.00274658203125,307.1199951171875,36.11594009399414,274.3463439941406,539.157958984375,16.760000228881836,4.293000221252441,4.188000202178955,76.36934661865234,104.79669189453125
2025-06-26,106960.0,47.59883117675781,178.99510192871094,306.7799987792969,36.9463005065918,276.34014892578125,544.19921875,16.59000015258789,4.252999782562256,4.192999839782715,76.58848571777344,105.18199920654297
2025-06-27,107088.4296875,47.4115104675293,180.20582580566406,301.2200012207031,36.3354606628418,277.5563659667969,546.0623779296875,16.31999969482422,4.2829999923706055,4.197000026702881,76.55036163330078,105.00859832763672
2025-06-28,107327.703125,47.4115104675293,180.20582580566406,301.2200012207031,36.3354606628418,277.5563659667969,546.0623779296875,16.31999969482422,4.2829999923706055,4.197000026702881,76.55036163330078,105.00859832763672
2025-06-29,108385.5703125,47.4115104675293,180.20582580566406,301.2200012207031,36.3354606628418,277.5563659667969,546.0623779296875,16.31999969482422,4.2829999923706055,4.197000026702881,76.55036163330078,105.00859832763672
2025-06-30,107135.3359375,47.55939865112305,181.42645263671875,304.8299865722656,37.041744232177734,278.0149230957031,549.5992431640625,16.729999542236328,4.230000019073486,4.190000057220459,76.84574890136719,105.58657836914062
2025-07-01,105698.28125,47.648128509521484,182.0317840576172,307.54998779296875,35.71507263183594,274.9843444824219,544.9664306640625,16.829999923706055,4.250999927520752,4.224999904632568,76.7490463256836,105.7142105102539
2025-07-02,108859.3203125,47.85516357421875,182.5379180908203,309.25,35.99186325073242,280.3775634765625,548.7623291015625,16.639999389648438,4.293000221252441,4.2230000495910645,76.89265441894531,105.69486236572266
2025-07-03,109647.9765625,48.07205581665039,183.56005859375,307.1400146484375,36.1732063293457,282.740234375,554.1622924804688,16.3799991607666,4.3480000495910645,4.239999771118164,76.94052124023438,105.44348907470703
2025-07-04,108034.3359375,48.07205581665039,183.56005859375,307.1400146484375,36.1732063293457,282.740234375,554.1622924804688,16.3799991607666,4.3480000495910645,4.239999771118164,76.94052124023438,105.44348907470703
2025-07-05,108231.1796875,48.07205581665039,183.56005859375,307.1400146484375,36.1732063293457,282.740234375,554.1622924804688,16.3799991607666,4.3480000495910645,4.239999771118164,76.94052124023438,105.44348907470703
2025-07-06,109232.0703125,48.07205581665039,183.56005859375,307.1400146484375,36.1732063293457,282.740234375,554.1622924804688,16.3799991607666,4.3480000495910645,4.239999771118164,76.94052124023438,105.44348907470703
2025-07-07,108299.8515625,47.39179229736328,182.20050048828125,307.3699951171875,36.24956130981445,278.8922119140625,549.98779296875,17.790000915527344,4.394999980926514,4.244999885559082,76.68205261230469,104.81504821777344
2025-07-08,108950.2734375,47.68756103515625,182.40887451171875,304.1600036621094,35.33330154418945,282.6006774902344,550.2966918945312,16.809999465942383,4.414999961853027,4.25,76.5767593383789,104.51531219482422
2025-07-09,111326.5546875,47.60869216918945,183.53028869628906,305.5199890136719,35.05651092529297,284.53466796875,554.192138671875,15.9399995803833,4.3420000076293945,4.244999885559082,76.78734588623047,105.1147689819336
2025-07-10,115987.203125,47.736854553222656,183.52035522460938,306.20001220703125,35.34284210205078,286.62811279296875,553.3951416015625,15.779999732971191,4.3460001945495605,4.239999771118164,76.71076965332031,105.13410186767578
2025-07-11,117516.9921875,47.5791130065918,182.45851135253906,309.1400146484375,35.80097198486328,286.59820556640625,552.1497802734375,16.399999618530273,4.422999858856201,4.236999988555908,76.61504364013672,104.49600219726562
2025-07-12,117435.2265625,47.5791130065918,182.45851135253906,309.1400146484375,35.80097198486328,286.59820556640625,552.1497802734375,16.399999618530273,4.422999858856201,4.236999988555908,76.61504364013672,104.49600219726562
2025-07-13,119116.1171875,47.5791130065918,182.45851135253906,309.1400146484375,35.80097198486328,286.59820556640625,552.1497802734375,16.399999618530273,4.422999858856201,4.236999988555908,76.61504364013672,104.49600219726562
2025-07-14,119849.703125,47.648128509521484,182.4982147216797,308.010009765625,37.194454193115234,284.4349670410156,554.15234375,17.200000762939453,4.427000045776367,4.228000164031982,76.6724853515625,104.46698760986328
2025-07-15,117777.1875,47.993186950683594,181.22796630859375,306.7300109863281,37.3948860168457,289.89794921875,554.660400390625,17.3799991607666,4.488999843597412,4.23199987411499,76.44271850585938,104.08992004394531
2025-07-16,118738.5078125,48.21994400024414,181.982177734375,308.260009765625,38.16798400878906,288.3826599121094,555.2283935546875,17.15999984741211,4.454999923706055,4.224999904632568,76.64376831054688,104.2542724609375
2025-07-17,119289.84375,48.49599075317383,183.07379150390625,307.5899963378906,38.57838821411133,290.80511474609375,559.7216186523438,16.520000457763672,4.4629998207092285,4.235000133514404,76.72034454345703,104.50564575195312
2025-07-18,118003.2265625,48.38754653930664,182.62722778320312,308.3900146484375,39.065155029296875,289.40948486328125,559.1836547851562,16.40999984741211,4.432000160217285,4.230000019073486,76.82564544677734,104.69902038574219
2025-07-19,117939.9765625,48.38754653930664,182.62722778320312,308.3900146484375,39.065155029296875,289.40948486328125,559.1836547851562,16.40999984741211,4.432000160217285,4.230000019073486,76.82564544677734,104.69902038574219
2025-07-20,117300.7890625,48.38754653930664,182.62722778320312,308.3900146484375,39.065155029296875,289.40948486328125,559.1836547851562,16.40999984741211,4.432000160217285,4.230000019073486,76.82564544677734,104.69902038574219
2025-07-21,117439.5390625,48.70302963256836,183.01425170898438,313.1300048828125,38.3111457824707,289.6088562011719,562.0828857421875,16.649999618530273,4.372000217437744,4.2230000495910645,76.93095397949219,105.10509490966797
2025-07-22,119995.4140625,48.73260498046875,183.42112731933594,316.1000061035156,38.38750457763672,284.48480224609375,559.1737060546875,16.5,4.335999965667725,4.230000019073486,77.06497192382812,105.35647583007812
2025-07-23,118754.9609375,49.22555160522461,184.8302764892578,312.17999267578125,39.332393646240234,285.720947265625,561.7241821289062,15.369999885559082,4.388000011444092,4.239999771118164,77.10327911376953,105.1921157836914
2025-07-24,118368.0,48.9593620300293,184.7310333251953,310.2699890136719,40.239112854003906,286.9072570800781,562.9197387695312,15.390000343322754,4.4079999923706055,4.244999885559082,77.00755310058594,105.03742218017578
2025-07-25,117635.8828125,48.81147384643555,185.46542358398438,307.3999938964844,39.92414855957031,286.59820556640625,564.2747802734375,14.930000305175781,4.386000156402588,4.244999885559082,77.0553970336914,105.37580871582031
2025-07-26,117947.3671875,48.81147384643555,185.46542358398438,307.3999938964844,39.92414855957031,286.59820556640625,564.2747802734375,14.930000305175781,4.386000156402588,4.244999885559082,77.0553970336914,105.37580871582031
2025-07-27,119448.4921875,48.81147384643555,185.46542358398438,307.3999938964844,39.92414855957031,286.59820556640625,564.2747802734375,14.930000305175781,4.386000156402588,4.244999885559082,77.0553970336914,105.37580871582031
2025-07-28,117924.4765625,48.48613357543945,185.35626220703125,305.4100036621094,39.12242126464844,290.5060729980469,566.0382080078125,15.029999732971191,4.420000076293945,4.235000133514404,77.0171127319336,105.1631088256836
2025-07-29,117922.1484375,48.50585174560547,184.61196899414062,306.25,38.416133880615234,291.9914245605469,565.1614990234375,15.979999542236328,4.329999923706055,4.230000019073486,77.06497192382812,105.8592300415039
2025-07-30,117831.1875,48.15092849731445,183.86769104003906,300.9599914550781,38.263423919677734,295.3410339355469,565.9186401367188,15.479999542236328,4.375999927520752,4.23199987411499,76.90222930908203,105.46282196044922
2025-07-31,115758.203125,47.874881744384766,182.71653747558594,302.9599914550781,37.56668472290039,287.88421630859375,562.9197387695312,16.719999313354492,4.360000133514404,4.235000133514404,76.9500961303711,105.49183654785156
2025-08-01,113320.0859375,47.519962310791016,180.94017028808594,309.1099853515625,36.4786262512207,283.0692138671875,551.8309326171875,20.3799991607666,4.21999979019165,4.182000160217285,76.9539566040039,106.42765808105469
2025-08-02,112526.9140625,47.519962310791016,180.94017028808594,309.1099853515625,36.4786262512207,283.0692138671875,551.8309326171875,20.3799991607666,4.21999979019165,4.182000160217285,76.9539566040039,106.42765808105469
2025-08-03,114217.671875,47.519962310791016,180.94017028808594,309.1099853515625,36.4786262512207,283.0692138671875,551.8309326171875,20.3799991607666,4.21999979019165,4.182000160217285,76.9539566040039,106.42765808105469
2025-08-04,115071.8828125,48.01290512084961,184.03639221191406,310.9100036621094,37.690765380859375,289.28985595703125,562.0131225585938,17.520000457763672,4.199999809265137,4.1529998779296875,77.21373748779297,106.61212921142578
2025-08-05,114141.4453125,48.15092849731445,182.47837829589844,311.1600036621094,38.58793640136719,286.2094421386719,558.1973266601562,17.850000381469727,4.196000099182129,4.150000095367432,77.17523193359375,106.68978118896484
2025-08-06,115028.0,48.377685546875,183.9768524169922,310.5,39.31330490112305,285.7309265136719,565.2213134765625,16.770000457763672,4.21999979019165,4.132999897003174,77.25222778320312,106.66065979003906
2025-08-07,117496.8984375,48.781898498535156,182.71653747558594,313.1199951171875,38.74064636230469,290.2169494628906,567.1340942382812,16.56999969482422,4.24399995803833,4.138000011444092,77.17523193359375,106.55387115478516
2025-08-08,116688.7265625,48.742462158203125,184.23486328125,313.04998779296875,38.12980651855469,292.6194763183594,572.4244995117188,15.149999618530273,4.284999847412109,4.132999897003174,77.18486785888672,106.21410369873047
2025-08-09,116500.359375,48.742462158203125,184.23486328125,313.04998779296875,38.12980651855469,292.6194763183594,572.4244995117188,15.149999618530273,4.284999847412109,4.132999897003174,77.18486785888672,106.21410369873047
2025-08-10,119306.7578125,48.742462158203125,184.23486328125,313.04998779296875,38.12980651855469,292.6194763183594,572.4244995117188,15.149999618530273,4.284999847412109,4.132999897003174,77.18486785888672,106.21410369873047
2025-08-11,118731.4453125,48.60443878173828,183.88754272460938,308.54998779296875,37.82438659667969,292.4898681640625,570.730712890625,16.25,4.2729997634887695,4.14300012588501,77.18486785888672,106.37911987304688
2025-08-12,120172.90625,49.19597625732422,185.80282592773438,308.2699890136719,38.568843841552734,299.1690979003906,577.9041137695312,14.729999542236328,4.293000221252441,4.130000114440918,77.35806274414062,106.47620391845703
2025-08-13,123344.0625,49.78750991821289,187.26161193847656,309.2099914550781,37.652584075927734,300.345458984375,578.193115234375,14.489999771118164,4.23799991607666,4.110000133514404,77.56011199951172,107.03927612304688
2025-08-14,118359.578125,49.1762580871582,187.17230224609375,307.25,37.2517204284668,300.98345947265625,577.7446899414062,14.829999923706055,4.293000221252441,4.111999988555908,77.35806274414062,106.67036437988281
2025-08-15,117398.3515625,49.235408782958984,186.67611694335938,307.42999267578125,37.23263168334961,294.73291015625,575.2042236328125,15.09000015258789,4.328000068664551,4.111999988555908,77.41578674316406,106.53445434570312
2025-08-16,117491.3515625,49.235408782958984,186.67611694335938,307.42999267578125,37.23263168334961,294.73291015625,575.2042236328125,15.09000015258789,4.328000068664551,4.111999988555908,77.41578674316406,106.53445434570312
2025-08-17,117453.0625,49.235408782958984,186.67611694335938,307.42999267578125,37.23263168334961,294.73291015625,575.2042236328125,15.09000015258789,4.328000068664551,4.111999988555908,77.41578674316406,106.53445434570312
2025-08-18,116252.3125,49.52132034301758,186.66619873046875,306.95001220703125,37.41397476196289,295.93914794921875,574.9750366210938,14.989999771118164,4.341000080108643,4.123000144958496,77.35806274414062,106.34030151367188
2025-08-19,112831.1796875,49.117103576660156,186.12039184570312,305.2699890136719,35.276031494140625,289.9677429199219,567.1739501953125,15.569999694824219,4.302000045776367,4.110000133514404,77.33881378173828,106.50533294677734
2025-08-20,114274.7421875,49.048091888427734,185.7234344482422,308.3599853515625,34.78927230834961,288.06365966796875,563.8064575195312,15.6899995803833,4.296000003814697,4.114999771118164,77.30994415283203,106.55387115478516
2025-08-21,112419.03125,48.93964385986328,185.137939453125,307.2900085449219,35.48601150512695,286.56829833984375,561.1962280273438,16.600000381469727,4.329999923706055,4.127999782562256,77.16561889648438,106.14614868164062
2025-08-22,116874.0859375,49.91567611694336,187.92652893066406,310.5799865722656,37.64303970336914,292.7291564941406,569.85400390625,14.220000267028809,4.260000228881836,4.0879998207092285,77.79102325439453,106.98102569580078
2025-08-23,115374.328125,49.91567611694336,187.92652893066406,310.5799865722656,37.64303970336914,292.7291564941406,569.85400390625,14.220000267028809,4.260000228881836,4.0879998207092285,77.79102325439453,106.98102569580078
2025-08-24,113458.4296875,49.91567611694336,187.92652893066406,310.5799865722656,37.64303970336914,292.7291564941406,569.85400390625,14.220000267028809,4.260000228881836,4.0879998207092285,77.79102325439453,106.98102569580078
2025-08-25,110124.3515625,49.62976837158203,186.9738311767578,309.8299865722656,37.690765380859375,293.00830078125,568.210205078125,14.789999961853027,4.275000095367432,4.0929999351501465,77.63710021972656,106.69950103759766
2025-08-26,111802.65625,49.50160217285156,187.61888122558594,312.0799865722656,38.607025146484375,295.8294982910156,570.4915771484375,14.619999885559082,4.257999897003174,4.0879998207092285,77.8102798461914,106.77715301513672
2025-08-27,111222.0625,49.205833435058594,187.90667724609375,312.7099914550781,37.87210464477539,296.7366638183594,571.368408203125,14.850000381469727,4.23799991607666,4.059999942779541,77.90650177001953,106.81599426269531
2025-08-28,112544.8046875,49.393150329589844,188.24407958984375,315.0299987792969,39.11287307739258,297.952880859375,574.9451293945312,14.430000305175781,4.206999778747559,4.072000026702881,77.94498443603516,106.98102569580078
2025-08-29,108410.8359375,49.15653991699219,187.5097198486328,318.07000732421875,38.81699752807617,289.3895568847656,568.2898559570312,15.359999656677246,4.2270002365112305,4.043000221252441,77.80065155029297,106.59271240234375
2025-08-30,108808.0703125,49.15653991699219,187.5097198486328,318.07000732421875,38.81699752807617,289.3895568847656,568.2898559570312,15.359999656677246,4.2270002365112305,4.043000221252441,77.80065155029297,106.59271240234375
2025-08-31,108236.7109375,49.15653991699219,187.5097198486328,318.07000732421875,38.81699752807617,289.3895568847656,568.2898559570312,15.359999656677246,4.2270002365112305,4.043000221252441,77.80065155029297,106.59271240234375
2025-09-01,109250.59375,49.15653991699219,187.5097198486328,318.07000732421875,38.81699752807617,289.3895568847656,568.2898559570312,15.359999656677246,4.2270002365112305,4.043000221252441,77.80065155029297,106.59271240234375
2025-09-02,111200.5859375,49.117103576660156,186.179931640625,325.5899963378906,38.7692756652832,285.59136962890625,563.5275268554688,17.170000076293945,4.2769999504089355,4.0320000648498535,77.716552734375,106.23614501953125
2025-09-03,111723.2109375,49.304420471191406,187.23184204101562,328.1400146484375,39.45647430419922,285.54150390625,567.9610595703125,16.350000381469727,4.210999965667725,4.01800012588501,77.92922973632812,106.8693618774414
2025-09-04,110723.6015625,49.14667892456055,188.8791961669922,326.69000244140625,38.559303283691406,288.9608459472656,573.1019287109375,15.300000190734863,4.176000118255615,3.997999906539917,78.14192199707031,107.60002899169922
2025-09-05,110650.984375,49.738216400146484,187.7776641845703,331.04998779296875,38.874263763427734,292.3702697753906,573.9288940429688,15.180000305175781,4.085999965667725,3.9100000858306885,78.18058776855469,108.30144500732422
2025-09-06,110224.6953125,49.738216400146484,187.7776641845703,331.04998779296875,38.874263763427734,292.3702697753906,573.9288940429688,15.180000305175781,4.085999965667725,3.9100000858306885,78.18058776855469,108.30144500732422
2025-09-07,111167.6171875,49.738216400146484,187.7776641845703,331.04998779296875,38.874263763427734,292.3702697753906,573.9288940429688,15.180000305175781,4.085999965667725,3.9100000858306885,78.18058776855469,108.30144500732422
2025-09-08,112071.4296875,50.19172668457031,188.26393127441406,334.82000732421875,39.637813568115234,295.6001892089844,576.728515625,15.109999656677246,4.046000003814697,3.927999973297119,78.18058776855469,108.6813735961914
2025-09-09,111530.546875,50.4677734375,188.5517120361328,334.05999755859375,40.057769775390625,296.8861999511719,578.3624267578125,15.039999961853027,4.073999881744385,3.943000078201294,78.09358215332031,108.48654174804688
2025-09-10,113955.359375,50.81283950805664,188.12501525878906,335.260009765625,40.29637908935547,299.8968200683594,578.5517578125,15.350000381469727,4.0320000648498535,3.930000066757202,78.1515884399414,108.80802154541016
2025-09-11,115507.5390625,51.5522575378418,190.10975646972656,334.760009765625,40.706787109375,302.9872131347656,581.9192504882812,14.710000038146973,4.011000156402588,3.927999973297119,78.34494018554688,109.31460571289062
2025-09-12,116101.578125,51.52267837524414,189.35552978515625,335.4200134277344,40.134124755859375,303.37603759765625,584.4896850585938,14.760000228881836,4.060999870300293,3.927999973297119,78.26759338378906,109.11976623535156
2025-09-13,115950.5078125,51.52267837524414,189.35552978515625,335.4200134277344,40.134124755859375,303.37603759765625,584.4896850585938,14.760000228881836,4.060999870300293,3.927999973297119,78.26759338378906,109.11976623535156
2025-09-14,115407.65625,51.52267837524414,189.35552978515625,335.4200134277344,40.134124755859375,303.37603759765625,584.4896850585938,14.760000228881836,4.060999870300293,3.927999973297119,78.26759338378906,109.11976623535156
2025-09-15,115444.875,51.897315979003906,189.98072814941406,338.9100036621094,43.885066986083984,306.2171936035156,589.4910888671875,15.6899995803833,4.033999919891357,3.9000000953674316,78.48995208740234,109.46073150634766
2025-09-16,116843.1875,52.28181457519531,189.80067443847656,339.5899963378906,42.3388786315918,306.2570495605469,588.992919921875,16.360000610351562,4.026000022888184,3.890000104904175,78.43193817138672,109.36332702636719
2025-09-17,116468.5078125,52.508567810058594,190.29808044433594,336.9700012207031,42.52021789550781,304.3031311035156,587.8173828125,15.720000267028809,4.076000213623047,3.868000030517578,78.3546142578125,109.1684799194336
2025-09-18,117137.203125,52.38040542602539,191.02430725097656,335.6199951171875,43.63691329956055,315.9867858886719,593.11767578125,15.699999809265137,4.104000091552734,3.880000114440918,78.52861785888672,108.94441986083984
2025-09-19,115688.859375,52.2620964050293,191.7107391357422,339.17999267578125,47.177879333496094,314.7306823730469,597.1327514648438,15.449999809265137,4.138999938964844,3.878000020980835,78.5576171875,108.85673522949219
2025-09-20,115721.9609375,52.2620964050293,191.7107391357422,339.17999267578125,47.177879333496094,314.7306823730469,597.1327514648438,15.449999809265137,4.138999938964844,3.878000020980835,78.5576171875,108.85673522949219
2025-09-21,115306.09375,52.2620964050293,191.7107391357422,339.17999267578125,47.177879333496094,314.7306823730469,597.1327514648438,15.449999809265137,4.138999938964844,3.878000020980835,78.5576171875,108.85673522949219
2025-09-22,112748.5078125,52.518428802490234,192.77516174316406,345.04998779296875,48.10368347167969,321.170654296875,600.667724609375,16.100000381469727,4.14300012588501,3.8480000495910645,78.61561584472656,108.61318969726562
2025-09-23,112014.5,52.548004150390625,191.86988830566406,346.4599914550781,48.06550598144531,320.7021179199219,596.6779174804688,16.639999389648438,4.119999885559082,3.8450000286102295,78.5576171875,108.8275146484375
2025-09-24,113328.6328125,52.37054443359375,191.203369140625,343.32000732421875,46.37614822387695,320.1139221191406,594.583251953125,16.18000030517578,4.146999835968018,3.8580000400543213,78.45127868652344,108.38912200927734
2025-09-25,109049.2890625,52.064918518066406,190.30804443359375,344.75,46.92972183227539,320.0640869140625,592.0198364257812,16.739999771118164,4.171999931335449,3.882999897003174,78.22891998291016,108.19428253173828
2025-09-26,109712.828125,51.96632766723633,191.60130310058594,346.739990234375,46.204349517822266,320.8217468261719,594.4535522460938,15.289999961853027,4.186999797821045,3.859999895095825,78.38360595703125,108.34041595458984
2025-09-27,109681.9453125,51.96632766723633,191.60130310058594,346.739990234375,46.204349517822266,320.8217468261719,594.4535522460938,15.289999961853027,4.186999797821045,3.859999895095825,78.38360595703125,108.34041595458984
2025-09-28,112122.640625,51.96632766723633,191.60130310058594,346.739990234375,46.204349517822266,320.8217468261719,594.4535522460938,15.289999961853027,4.186999797821045,3.859999895095825,78.38360595703125,108.34041595458984
2025-09-29,114400.3828125,52.43955612182617,192.3573455810547,352.4599914550781,46.49068069458008,321.65911865234375,597.20654296875,16.1200008392334,4.140999794006348,3.86299991607666,78.5189437866211,108.70086669921875
2025-09-30,114056.0859375,52.6465950012207,193.49143981933594,355.4700012207031,45.49806594848633,325.3476257324219,598.8424072265625,16.280000686645508,4.1479997634887695,3.8450000286102295,78.48995208740234,108.59370422363281
2025-10-01,118648.9296875,53.0606689453125,194.82447814941406,356.0299987792969,46.06118392944336,332.6549072265625,601.7150268554688,16.290000915527344,4.105999946594238,3.8450000286102295,78.63661193847656,109.02978515625
2025-10-02,120681.2578125,53.3071403503418,195.341796875,354.7900085449219,47.91279602050781,337.1907958984375,604.188720703125,16.6299991607666,4.0879998207092285,3.8480000495910645,78.60747528076172,109.20577239990234
2025-10-03,122266.53125,53.464881896972656,195.4512176513672,357.6400146484375,47.34012985229492,335.6356201171875,601.645263671875,16.649999618530273,4.11899995803833,3.8580000400543213,78.52005004882812,109.06890106201172
2025-10-04,122425.4296875,53.464881896972656,195.4512176513672,357.6400146484375,47.34012985229492,335.6356201171875,601.645263671875,16.649999618530273,4.11899995803833,3.8580000400543213,78.52005004882812,109.06890106201172
2025-10-05,123513.4765625,53.464881896972656,195.4512176513672,357.6400146484375,47.34012985229492,335.6356201171875,601.645263671875,16.649999618530273,4.11899995803833,3.8580000400543213,78.52005004882812,109.06890106201172
2025-10-06,124752.53125,53.71135711669922,195.78945922851562,364.3800048828125,48.87677764892578,342.3148498535156,606.1636962890625,16.3700008392334,4.1620001792907715,3.859999895095825,78.53947448730469,108.7168960571289
2025-10-07,121451.3828125,53.29728317260742,194.79464721679688,366.260009765625,48.87677764892578,336.0044860839844,602.9718627929688,17.239999771118164,4.126999855041504,3.8429999351501465,78.4520492553711,108.92222595214844
2025-10-08,123354.8671875,53.72121810913086,195.6700897216797,372.29998779296875,48.6954345703125,344.99652099609375,609.8842163085938,16.299999237060547,4.129000186920166,3.8429999351501465,78.33550262451172,108.78534698486328
2025-10-09,121705.5859375,53.16911697387695,194.75485229492188,365.42999267578125,49.144020080566406,344.13916015625,609.1461181640625,16.43000030517578,4.1479997634887695,3.8529999256134033,78.11210632324219,108.57023620605469
2025-10-10,113214.3671875,51.207191467285156,190.01953125,369.1199951171875,49.50670623779297,324.330810546875,588.0000610351562,21.65999984741211,4.051000118255615,3.8529999256134033,77.65559387207031,108.87334442138672
2025-10-11,110807.8828125,51.207191467285156,190.01953125,369.1199951171875,49.50670623779297,324.330810546875,588.0000610351562,21.65999984741211,4.051000118255615,3.8529999256134033,77.65559387207031,108.87334442138672
2025-10-12,115169.765625,51.207191467285156,190.01953125,369.1199951171875,49.50670623779297,324.330810546875,588.0000610351562,21.65999984741211,4.051000118255615,3.8529999256134033,77.65559387207031,108.87334442138672
2025-10-13,115271.078125,52.69588851928711,191.87985229492188,378.0899963378906,52.96177291870117,338.69610595703125,600.4782104492188,19.030000686645508,4.051000118255615,3.8529999256134033,78.14124298095703,109.2448959350586
2025-10-14,113118.6640625,52.22266387939453,192.029052734375,380.7900085449219,54.36479568481445,332.46551513671875,596.4784545898438,20.809999465942383,4.021999835968018,3.8529999256134033,78.2286605834961,109.6066665649414
2025-10-15,110783.1640625,53.080387115478516,192.70553588867188,387.3900146484375,55.46240234375,340.7198181152344,600.6876831054688,20.639999389648438,4.046000003814697,3.8580000400543213,78.481201171875,109.6066665649414
2025-10-16,108186.0390625,53.425445556640625,191.2928924560547,396.45001220703125,53.200382232666016,342.2350769042969,598.46337890625,25.309999465942383,3.9760000705718994,3.8529999256134033,78.19953155517578,109.91954040527344
2025-10-17,106467.7890625,53.41558837890625,192.4568328857422,388.989990234375,50.881099700927734,341.76654052734375,602.393310546875,20.780000686645508,4.006999969482422,3.8320000171661377,78.40350341796875,109.7044448852539
2025-10-18,107198.265625,53.41558837890625,192.4568328857422,388.989990234375,50.881099700927734,341.76654052734375,602.393310546875,20.780000686645508,4.006999969482422,3.8320000171661377,78.40350341796875,109.7044448852539
2025-10-19,108666.7109375,53.41558837890625,192.4568328857422,388.989990234375,50.881099700927734,341.76654052734375,602.393310546875,20.780000686645508,4.006999969482422,3.8320000171661377,78.40350341796875,109.7044448852539
2025-10-20,110588.9296875,54.14514923095703,194.59568786621094,403.1499938964844,50.986083984375,346.1429443359375,609.9839477539062,18.229999542236328,3.9860000610351562,3.7980000972747803,78.55889892578125,110.03687286376953
2025-10-21,108476.890625,53.543758392333984,195.1129913330078,377.239990234375,47.62646484375,344.2288818359375,609.8244018554688,17.8700008392334,3.9630000591278076,3.7850000858306885,78.44234466552734,110.05643463134766
2025-10-22,107688.5859375,53.49446105957031,193.83963012695312,377.2799987792969,46.710201263427734,337.5496826171875,603.9493408203125,18.600000381469727,3.953000068664551,3.7880001068115234,78.36463928222656,110.16398620605469
2025-10-23,110069.7265625,53.967689514160156,195.07318115234375,378.7900085449219,47.66463851928711,343.7304382324219,609.0264282226562,17.299999237060547,3.990999937057495,3.7880001068115234,78.53947448730469,110.02709197998047
2025-10-24,111033.921875,54.322608947753906,195.83920288085938,377.5199890136719,49.153564453125,350.0508117675781,615.52978515625,16.3700008392334,3.996999979019165,3.763000011444092,78.75316619873047,110.2128677368164
2025-10-25,111641.7265625,54.322608947753906,195.83920288085938,377.5199890136719,49.153564453125,350.0508117675781,615.52978515625,16.3700008392334,3.996999979019165,3.763000011444092,78.75316619873047,110.2128677368164
2025-10-26,114472.4453125,54.322608947753906,195.83920288085938,377.5199890136719,49.153564453125,350.0508117675781,615.52978515625,16.3700008392334,3.996999979019165,3.763000011444092,78.75316619873047,110.2128677368164
2025-10-27,114119.328125,54.92400360107422,198.1471710205078,367.010009765625,48.4472770690918,358.823486328125,626.4918823242188,15.789999961853027,3.996999979019165,3.7179999351501465,78.94742584228516,110.39864349365234
2025-10-28,112956.1640625,54.9042854309082,198.09744262695312,364.3800048828125,52.513187408447266,361.983642578125,631.3095703125,16.420000076293945,3.9830000400543213,3.7200000286102295,78.86972045898438,110.4084243774414
2025-10-29,110055.3046875,55.21976852416992,197.29164123535156,363.0,53.897125244140625,367.4665832519531,634.15234375,16.920000076293945,4.058000087738037,3.7300000190734863,78.62689208984375,109.78265380859375
2025-10-30,108305.546875,54.647953033447266,195.68002319335938,370.1300048828125,53.629878997802734,362.60174560546875,624.45703125,16.90999984741211,4.0929999351501465,3.756999969482422,78.481201171875,109.19600677490234
2025-10-31,109556.1640625,54.5197868347168,195.2821044921875,368.1199951171875,52.6086311340332,361.8939208984375,627.4694213867188,17.440000534057617,4.10099983215332,3.7179999351501465,78.481201171875,108.75601959228516
2025-11-01,110064.015625,54.5197868347168,195.2821044921875,368.1199951171875,52.6086311340332,361.8939208984375,627.4694213867188,17.440000534057617,4.10099983215332,3.7179999351501465,78.481201171875,108.75601959228516
2025-11-02,110639.625,54.5197868347168,195.2821044921875,368.1199951171875,52.6086311340332,361.8939208984375,627.4694213867188,17.440000534057617,4.10099983215332,3.7179999351501465,78.481201171875,108.75601959228516
2025-11-03,106547.5234375,54.86485290527344,195.00355529785156,368.7799987792969,50.18436050415039,364.9643859863281,630.4716796875,17.170000076293945,4.105999946594238,3.7829999923706055,78.23713684082031,108.46358489990234
2025-11-04,101590.5234375,53.8592414855957,193.51133728027344,362.32000732421875,47.464210510253906,351.665771484375,617.67431640625,19.0,4.089000225067139,3.7929999828338623,78.24690246582031,108.61077117919922
2025-11-05,103891.8359375,54.34232711791992,194.27732849121094,366.510009765625,47.76008605957031,358.3848571777344,621.6941528320312,18.010000228881836,4.1570000648498535,3.7880001068115234,78.32500457763672,108.28694915771484
2025-11-06,101301.2890625,53.9381103515625,192.267822265625,366.07000732421875,44.99221420288086,350.0009460449219,610.1136474609375,19.5,4.0929999351501465,3.763000011444092,78.35429382324219,108.8561019897461
2025-11-07,103372.40625,53.78036880493164,192.2081298828125,368.30999755859375,45.641231536865234,347.0401611328125,608.1885375976562,19.079999923706055,4.0929999351501465,3.756999969482422,78.42262268066406,108.64022064208984
2025-11-08,102282.1171875,53.78036880493164,192.2081298828125,368.30999755859375,45.641231536865234,347.0401611328125,608.1885375976562,19.079999923706055,4.0929999351501465,3.756999969482422,78.42262268066406,108.64022064208984
2025-11-09,104719.640625,53.78036880493164,192.2081298828125,368.30999755859375,45.641231536865234,347.0401611328125,608.1885375976562,19.079999923706055,4.0929999351501465,3.756999969482422,78.42262268066406,108.64022064208984
2025-11-10,105996.59375,54.72682189941406,194.89413452148438,378.3800048828125,46.672027587890625,357.67706298828125,621.6442260742188,17.600000381469727,4.110000133514404,3.7829999923706055,78.68622589111328,108.6990966796875
2025-11-11,102997.46875,54.78597640991211,195.50096130371094,379.8699951171875,45.27854537963867,349.9610595703125,619.9884643554688,17.280000686645508,4.119999885559082,3.7829999923706055,78.77408599853516,109.13087463378906
2025-11-12,101663.1875,54.79583740234375,195.98841857910156,385.989990234375,45.46943283081055,354.4271545410156,619.4996948242188,17.510000228881836,4.065000057220459,3.7780001163482666,78.61787414550781,109.0229263305664
2025-11-13,99697.4921875,54.15501022338867,193.89930725097656,382.8699951171875,43.274227142333984,343.7503967285156,606.8519897460938,20.0,4.111999988555908,3.7929999828338623,78.29570770263672,108.48321533203125
2025-11-14,94397.7890625,54.18458557128906,193.37205505371094,375.9599914550781,42.71110534667969,343.909912109375,607.310791015625,19.829999923706055,4.1479997634887695,3.7880001068115234,78.31523895263672,108.1888198852539
2025-11-15,95549.1484375,54.18458557128906,193.37205505371094,375.9599914550781,42.71110534667969,343.909912109375,607.310791015625,19.829999923706055,4.1479997634887695,3.7880001068115234,78.31523895263672,108.1888198852539
2025-11-16,94177.078125,54.18458557128906,193.37205505371094,375.9599914550781,42.71110534667969,343.909912109375,607.310791015625,19.829999923706055,4.1479997634887695,3.7880001068115234,78.31523895263672,108.1888198852539
2025-11-17,92093.875,53.543758392333984,191.32275390625,371.6499938964844,41.7280387878418,339.244384765625,602.1240234375,22.3799991607666,4.132999897003174,3.7720000743865967,78.18832397460938,108.25750732421875
2025-11-18,92948.875,53.277565002441406,190.07923889160156,374.3500061035156,41.737579345703125,332.25616455078125,594.7926635742188,24.690000534057617,4.123000144958496,3.7720000743865967,78.20784759521484,108.30657958984375
2025-11-19,91465.9921875,53.09024429321289,190.75570678710938,374.9599914550781,43.083335876464844,338.3870849609375,598.3436279296875,23.65999984741211,4.132999897003174,3.7720000743865967,78.24690246582031,108.3163833618164
2025-11-20,86631.8984375,52.360687255859375,188.3780975341797,374.8500061035156,40.19139099121094,324.091552734375,584.1797485351562,26.420000076293945,4.105999946594238,3.7750000953674316,78.19808959960938,108.46358489990234
2025-11-21,85090.6875,52.350826263427734,190.98451232910156,374.2699890136719,39.69508361816406,325.1183776855469,588.568603515625,23.43000030517578,4.063000202178955,3.740000009536743,78.46167755126953,108.8462905883789
2025-11-22,84648.359375,52.350826263427734,190.98451232910156,374.2699890136719,39.69508361816406,325.1183776855469,588.568603515625,23.43000030517578,4.063000202178955,3.740000009536743,78.46167755126953,108.8462905883789
2025-11-23,86805.0078125,52.350826263427734,190.98451232910156,374.2699890136719,39.69508361816406,325.1183776855469,588.568603515625,23.43000030517578,4.063000202178955,3.740000009536743,78.46167755126953,108.8462905883789
2025-11-24,88270.5625,52.90292739868164,192.67567443847656,380.20001220703125,41.317626953125,338.06805419921875,603.6201782226562,20.520000457763672,4.038000106811523,3.7300000190734863,78.67645263671875,109.278076171875
2025-11-25,87341.890625,53.09024429321289,194.9737091064453,380.0799865722656,41.90937805175781,338.955322265625,607.3407592773438,18.559999465942383,4.001999855041504,3.7320001125335693,78.9498062133789,109.58226776123047
2025-11-26,90518.3671875,53.47474670410156,196.31671142578125,383.1199951171875,42.74928665161133,346.63140869140625,612.70703125,17.190000534057617,3.997999906539917,3.753000020980835,79.02790069580078,109.95516967773438
2025-11-27,91285.375,53.47474670410156,196.31671142578125,383.1199951171875,42.74928665161133,346.63140869140625,612.70703125,17.190000534057617,3.997999906539917,3.753000020980835,79.02790069580078,109.95516967773438
2025-11-28,90919.265625,53.55361557006836,197.05287170410156,387.8800048828125,43.216957092285156,351.187255859375,617.67431640625,16.350000381469727,4.017000198364258,3.697000026702881,79.06695556640625,109.76873016357422
2025-11-29,90851.7578125,53.55361557006836,197.05287170410156,387.8800048828125,43.216957092285156,351.187255859375,617.67431640625,16.350000381469727,4.017000198364258,3.697000026702881,79.06695556640625,109.76873016357422
2025-11-30,90394.3125,53.55361557006836,197.05287170410156,387.8800048828125,43.216957092285156,351.187255859375,617.67431640625,16.350000381469727,4.017000198364258,3.697000026702881,79.06695556640625,109.76873016357422
2025-12-01,86321.5703125,53.51417922973633,196.64500427246094,389.75,42.1861686706543,351.8651428222656,615.599609375,17.239999771118164,4.0960001945495605,3.693000078201294,78.92474365234375,109.18069458007812
2025-12-02,91350.203125,53.533897399902344,197.40106201171875,387.239990234375,43.19786834716797,358.3150634765625,620.4172973632812,16.59000015258789,4.085999965667725,3.671999931335449,79.07186126708984,109.24964904785156
2025-12-03,93527.8046875,53.573333740234375,198.0874786376953,386.8800048828125,44.495906829833984,363.23974609375,621.9334716796875,16.079999923706055,4.057000160217285,3.634999990463257,79.14051055908203,109.49588775634766
2025-12-04,92141.625,53.5634765625,198.2466583251953,387.1300048828125,46.95835876464844,360.47833251953125,621.35498046875,15.779999732971191,4.107999801635742,3.611999988555908,79.19937133789062,109.29891204833984
2025-12-05,89387.7578125,53.967689514160156,198.7241668701172,386.44000244140625,45.73667526245117,363.28961181640625,623.8884887695312,15.40999984741211,4.138999938964844,3.6029999256134033,79.19937133789062,109.19055938720703
2025-12-06,89272.375,53.967689514160156,198.7241668701172,386.44000244140625,45.73667526245117,363.28961181640625,623.8884887695312,15.40999984741211,4.138999938964844,3.6029999256134033,79.19937133789062,109.19055938720703
2025-12-07,90405.640625,53.967689514160156,198.7241668701172,386.44000244140625,45.73667526245117,363.28961181640625,623.8884887695312,15.40999984741211,4.138999938964844,3.6029999256134033,79.19937133789062,109.19055938720703
2025-12-08,90640.203125,53.84938049316406,197.52044677734375,385.4200134277344,45.631690979003906,367.4067687988281,622.6915283203125,16.65999984741211,4.171999931335449,3.618000030517578,79.00320434570312,108.9640121459961
2025-12-09,92691.7109375,53.760650634765625,197.38116455078125,387.3999938964844,45.937110900878906,367.8553771972656,623.4595336914062,16.93000030517578,4.185999870300293,3.631999969482422,78.91492462158203,108.82612609863281
2025-12-10,92020.9453125,54.36204528808594,198.30633544921875,389.04998779296875,45.517154693603516,372.9395751953125,626.0130615234375,15.770000457763672,4.164000034332275,3.5929999351501465,79.17974853515625,109.32844543457031
2025-12-11,92511.3359375,54.105712890625,199.96768188476562,393.239990234375,46.7674674987793,369.7395324707031,623.98828125,14.850000381469727,4.140999794006348,3.568000078201294,79.1699447631836,109.17086029052734
2025-12-12,90270.4140625,53.47474670410156,198.4754638671875,395.44000244140625,43.95187759399414,353.02154541015625,612.0586547851562,15.739999771118164,4.193999767303467,3.5250000953674316,79.02281951904297,108.51094055175781
2025-12-13,90298.7109375,53.47474670410156,198.4754638671875,395.44000244140625,43.95187759399414,353.02154541015625,612.0586547851562,15.739999771118164,4.193999767303467,3.5250000953674316,79.02281951904297,108.51094055175781
2025-12-14,88175.1796875,53.47474670410156,198.4754638671875,395.44000244140625,43.95187759399414,353.02154541015625,612.0586547851562,15.739999771118164,4.193999767303467,3.5250000953674316,79.02281951904297,108.51094055175781
2025-12-15,86419.78125,53.31700134277344,198.65452575683594,395.79998779296875,42.59657669067383,351.8053283691406,608.9865112304688,16.5,4.182000160217285,3.5380001068115234,79.06204986572266,108.63898468017578
2025-12-16,87843.984375,52.97999954223633,197.76742553710938,395.8900146484375,42.25297546386719,350.8482971191406,610.1934204101562,16.479999542236328,4.14900016784668,3.5450000762939453,79.11109161376953,108.88522338867188
2025-12-17,86143.7578125,52.599998474121094,195.9413299560547,399.2900085449219,40.76405334472656,338.18768310546875,598.8822631835938,17.6200008392334,4.151000022888184,3.5429999828338623,79.01301574707031,108.76702880859375
2025-12-18,85462.5078125,53.20000076293945,197.34832763671875,398.57000732421875,41.95709991455078,346.1728515625,607.5601196289062,16.8700008392334,4.116000175476074,3.5220000743865967,79.22879028320312,109.18069458007812
2025-12-19,88103.3828125,53.720001220703125,198.41603088378906,399.0199890136719,43.79916763305664,355.125,615.47998046875,14.90999984741211,4.151000022888184,3.5220000743865967,79.19035339355469,108.8998794555664
2025-12-20,88344.0,53.720001220703125,198.41603088378906,399.0199890136719,43.79916763305664,355.125,615.47998046875,14.90999984741211,4.151000022888184,3.5220000743865967,79.19035339355469,108.8998794555664
2025-12-21,88621.75,53.720001220703125,198.41603088378906,399.0199890136719,43.79916763305664,355.125,615.47998046875,14.90999984741211,4.151000022888184,3.5220000743865967,79.19035339355469,108.8998794555664
2025-12-22,88490.015625,54.0099983215332,199.44383239746094,408.2300109863281,44.07595443725586,359.70001220703125,618.4302368164062,14.079999923706055,4.169000148773193,3.5280001163482666,79.25933074951172,108.88009643554688
2025-12-23,87414.0,54.310001373291016,199.7332305908203,413.6400146484375,44.43864059448242,363.1600036621094,621.3265380859375,14.0,4.169000148773193,3.546999931335449,79.3184585571289,108.98887634277344
2025-12-24,87611.9609375,54.41999816894531,200.56146240234375,411.92999267578125,44.43864059448242,364.1700134277344,623.144287109375,13.470000267028809,4.136000156402588,3.555000066757202,79.46627807617188,109.41407012939453
2025-12-25,87234.7421875,54.41999816894531,200.56146240234375,411.92999267578125,44.43864059448242,364.1700134277344,623.144287109375,13.470000267028809,4.136000156402588,3.555000066757202,79.46627807617188,109.41407012939453
2025-12-26,87301.4296875,54.79999923706055,200.6013641357422,416.739990234375,43.78962326049805,365.8599853515625,623.1043090820312,13.600000381469727,4.136000156402588,3.5429999828338623,79.4268569946289,109.40418243408203
2025-12-27,87802.15625,54.79999923706055,200.6013641357422,416.739990234375,43.78962326049805,365.8599853515625,623.1043090820312,13.600000381469727,4.136000156402588,3.5429999828338623,79.4268569946289,109.40418243408203
2025-12-28,87835.8359375,54.79999923706055,200.6013641357422,416.739990234375,43.78962326049805,365.8599853515625,623.1043090820312,13.600000381469727,4.136000156402588,3.5429999828338623,79.4268569946289,109.40418243408203
2025-12-29,87138.140625,54.65999984741211,200.07249450683594,398.6000061035156,43.656002044677734,364.2099914550781,620.088134765625,14.199999809265137,4.116000175476074,3.5380001068115234,79.4564208984375,109.5525131225586
2025-12-30,88430.1328125,54.880001068115234,199.67335510253906,398.8900146484375,42.810001373291016,363.30999755859375,618.64990234375,14.329999923706055,4.130000114440918,3.5399999618530273,79.53526306152344,109.42395782470703
2025-12-31,87508.828125,54.709999084472656,198.19650268554688,396.30999755859375,42.72999954223633,360.1300048828125,613.536376953125,14.949999809265137,4.163000106811523,3.546999931335449,79.4564208984375,108.95921325683594
2026-01-01,88731.984375,54.709999084472656,198.19650268554688,396.30999755859375,42.72999954223633,360.1300048828125,613.536376953125,14.949999809265137,4.163000106811523,3.546999931335449,79.4564208984375,108.95921325683594
2026-01-02,89944.6953125,56.2400016784668,198.76528930664062,398.2799987792969,46.060001373291016,373.29998779296875,612.347900390625,14.510000228881836,4.186999797821045,3.5329999923706055,79.49584197998047,108.92955017089844
2026-01-03,90603.1875,56.2400016784668,198.76528930664062,398.2799987792969,46.060001373291016,373.29998779296875,612.347900390625,14.510000228881836,4.186999797821045,3.5329999923706055,79.49584197998047,108.92955017089844
2026-01-04,91413.4921875,56.2400016784668,198.76528930664062,398.2799987792969,46.060001373291016,373.29998779296875,612.347900390625,14.510000228881836,4.186999797821045,3.5329999923706055,79.49584197998047,108.92955017089844
2026-01-05,93882.5546875,56.86000061035156,200.75103759765625,408.760009765625,48.630001068115234,377.5899963378906,617.2117309570312,14.899999618530273,4.164999961853027,3.515000104904175,79.7027816772461,109.23607635498047
2026-01-06,93729.03125,57.279998779296875,202.47735595703125,413.17999267578125,49.369998931884766,387.6199951171875,622.6348876953125,14.75,4.178999900817871,3.5199999809265137,79.72249603271484,109.23607635498047
2026-01-07,91308.0546875,56.849998474121094,201.4994354248047,409.2300109863281,49.83000183105469,385.0199890136719,623.2341918945312,15.380000114440918,4.138000011444092,3.515000104904175,79.7027816772461,109.31519317626953
2026-01-08,91027.125,56.869998931884766,201.97842407226562,411.489990234375,49.5099983215332,378.9800109863281,619.6885986328125,15.449999809265137,4.183000087738037,3.506999969482422,79.76191711425781,109.00865173339844
2026-01-09,90513.1015625,57.13999938964844,203.6348876953125,414.4700012207031,50.310001373291016,389.2200012207031,625.86083984375,14.489999771118164,4.171000003814697,3.513000011444092,79.82102966308594,109.40418243408203
2026-01-10,90386.6484375,57.13999938964844,203.6348876953125,414.4700012207031,50.310001373291016,389.2200012207031,625.86083984375,14.489999771118164,4.171000003814697,3.513000011444092,79.82102966308594,109.40418243408203
2026-01-11,90827.4609375,57.13999938964844,203.6348876953125,414.4700012207031,50.310001373291016,389.2200012207031,625.86083984375,14.489999771118164,4.171000003814697,3.513000011444092,79.82102966308594,109.40418243408203
2026-01-12,91192.9921875,57.939998626708984,203.79454040527344,422.2300109863281,51.7599983215332,390.6600036621094,626.3801879882812,15.119999885559082,4.186999797821045,3.5329999923706055,79.86045837402344,109.275634765625
2026-01-13,95321.78125,57.5099983215332,203.09603881835938,421.6300048828125,50.77000045776367,391.5299987792969,625.4513549804688,15.979999542236328,4.171000003814697,3.559999942779541,79.86045837402344,109.51295471191406
2026-01-14,96929.328125,57.75,202.17799377441406,425.94000244140625,52.59000015258789,388.3500061035156,618.769775390625,16.75,4.139999866485596,3.559999942779541,79.86045837402344,109.78982543945312
2026-01-15,95551.1875,58.09000015258789,203.05612182617188,423.3299865722656,52.779998779296875,396.4100036621094,620.9970092773438,15.84000015258789,4.159999847412109,3.565000057220459,79.86045837402344,109.6513900756836
2026-01-16,95525.1171875,57.869998931884766,202.8765106201172,421.2900085449219,54.400001525878906,400.3900146484375,620.4776611328125,15.859999656677246,4.230999946594238,3.556999921798706,79.90972137451172,109.3349609375
2026-01-17,95099.921875,57.869998931884766,202.8765106201172,421.2900085449219,54.400001525878906,400.3900146484375,620.4776611328125,15.859999656677246,4.230999946594238,3.556999921798706,79.90972137451172,109.3349609375
2026-01-18,93634.4296875,57.869998931884766,202.8765106201172,421.2900085449219,54.400001525878906,400.3900146484375,620.4776611328125,15.859999656677246,4.230999946594238,3.556999921798706,79.90972137451172,109.3349609375
2026-01-19,92553.59375,57.869998931884766,202.8765106201172,421.2900085449219,54.400001525878906,400.3900146484375,620.4776611328125,15.859999656677246,4.230999946594238,3.556999921798706,79.90972137451172,109.3349609375
2026-01-20,88310.90625,57.310001373291016,199.1045684814453,437.2300109863281,54.119998931884766,390.3900146484375,607.2942504882812,20.09000015258789,4.295000076293945,3.572000026702881,79.7027816772461,108.67244720458984
2026-01-21,89376.9609375,58.2599983215332,201.53936767578125,443.6000061035156,56.150001525878906,401.92999267578125,615.50390625,16.899999618530273,4.252999782562256,3.5880000591278076,79.93929290771484,109.32508087158203
2026-01-22,89462.453125,58.70000076293945,202.19796752929688,451.7900085449219,56.560001373291016,402.82000732421875,619.978271484375,15.640000343322754,4.249000072479248,3.5880000591278076,79.99842071533203,109.53273010253906
2026-01-23,89503.875,59.06999969482422,202.2478485107422,458.0,57.0,400.0899963378906,621.935791015625,16.09000015258789,4.238999843597412,3.5820000171661377,79.95899963378906,109.60193634033203
2026-01-24,89110.734375,59.06999969482422,202.2478485107422,458.0,57.0,400.0899963378906,621.935791015625,16.09000015258789,4.238999843597412,3.5820000171661377,79.95899963378906,109.60193634033203
2026-01-25,86572.21875,59.06999969482422,202.2478485107422,458.0,57.0,400.0899963378906,621.935791015625,16.09000015258789,4.238999843597412,3.5820000171661377,79.95899963378906,109.60193634033203
2026-01-26,88267.140625,59.16999816894531,203.2956085205078,464.70001220703125,54.93000030517578,398.82000732421875,624.67236328125,16.149999618530273,4.2129998207092285,3.575000047683716,79.99842071533203,109.6909408569336
2026-01-27,89102.5703125,60.34000015258789,203.70474243164062,476.1000061035156,57.849998474121094,407.25,630.335205078125,16.350000381469727,4.2230000495910645,3.569999933242798,79.98856353759766,109.57228088378906
2026-01-28,89184.5703125,60.75,203.83445739746094,494.55999755859375,61.810001373291016,416.6300048828125,632.4225463867188,16.350000381469727,4.250999927520752,3.5820000171661377,79.86045837402344,109.41407012939453
2026-01-29,84561.5859375,60.439998626708984,204.303466796875,495.8999938964844,59.33000183105469,417.5199890136719,628.6373291015625,16.8799991607666,4.2270002365112305,3.5799999237060547,79.85059356689453,109.44374084472656
2026-01-30,84128.65625,59.099998474121094,201.9884033203125,444.95001220703125,54.9900016784668,403.4599914550781,621.0868530273438,17.440000534057617,4.241000175476074,3.572000026702881,79.93929290771484,109.3349609375
2026-01-31,78621.1171875,59.099998474121094,201.9884033203125,444.95001220703125,54.9900016784668,403.4599914550781,621.0868530273438,17.440000534057617,4.241000175476074,3.572000026702881,79.93929290771484,109.3349609375
2026-02-01,76974.4453125,59.099998474121094,201.9884033203125,444.95001220703125,54.9900016784668,403.4599914550781,621.0868530273438,17.440000534057617,4.241000175476074,3.572000026702881,79.93929290771484,109.3349609375
2026-02-02,78688.765625,59.279998779296875,203.2956085205078,427.1300048828125,53.27000045776367,407.9700012207031,625.3515014648438,16.34000015258789,4.275000095367432,3.578000068664551,79.9878158569336,109.23372650146484
2026-02-03,75633.546875,59.599998474121094,200.94064331054688,454.2900085449219,56.279998779296875,397.67999267578125,615.7435913085938,18.0,4.27400016784668,3.5899999141693115,79.93830871582031,109.28335571289062
2026-02-04,73019.703125,58.79999923706055,201.1901092529297,453.9700012207031,52.38999938964844,382.0199890136719,604.9871826171875,18.639999389648438,4.275000095367432,3.5950000286102295,79.83927154541016,109.14440155029297
2026-02-05,62702.09765625,58.529998779296875,198.815185546875,441.8800048828125,49.11000061035156,381.07000732421875,596.2781982421875,21.770000457763672,4.210000038146973,3.578000068664551,79.7501449584961,109.67042541503906
2026-02-06,70555.390625,60.06999969482422,203.20579528808594,455.4599914550781,52.15999984741211,401.6499938964844,608.8822631835938,20.3700008392334,4.205999851226807,3.5899999141693115,80.02742767333984,109.72996520996094
2026-02-07,69281.96875,60.06999969482422,203.20579528808594,455.4599914550781,52.15999984741211,401.6499938964844,608.8822631835938,20.3700008392334,4.205999851226807,3.5899999141693115,80.02742767333984,109.72996520996094
2026-02-08,70264.7265625,60.06999969482422,203.20579528808594,455.4599914550781,52.15999984741211,401.6499938964844,608.8822631835938,20.3700008392334,4.205999851226807,3.5899999141693115,80.02742767333984,109.72996520996094
2026-02-09,70120.78125,60.5099983215332,203.594970703125,467.0299987792969,54.900001525878906,406.6499938964844,613.54638671875,17.360000610351562,4.197999954223633,3.5929999351501465,80.13636016845703,109.72996520996094
2026-02-10,68793.9609375,60.599998474121094,203.1858367919922,462.3999938964844,53.5,404.760009765625,610.699951171875,17.790000915527344,4.146999835968018,3.5899999141693115,80.05713653564453,109.9880142211914
2026-02-11,66991.96875,61.560001373291016,203.35548400878906,467.6300048828125,53.709999084472656,414.7799987792969,612.337890625,17.649999618530273,4.171999931335449,3.5999999046325684,80.0472412109375,109.8689193725586
2026-02-12,66221.84375,60.86000061035156,200.31199645996094,451.3900146484375,51.75,406.1099853515625,599.8836059570312,20.81999969482422,4.104000091552734,3.5980000495910645,80.00762176513672,110.38502502441406
2026-02-13,68857.84375,61.119998931884766,201.31983947753906,462.6199951171875,51.90999984741211,407.7200012207031,601.1619873046875,20.600000381469727,4.056000232696533,3.5929999351501465,80.0670394897461,110.75223541259766
2026-02-14,69767.625,61.119998931884766,201.31983947753906,462.6199951171875,51.90999984741211,407.7200012207031,601.1619873046875,20.600000381469727,4.056000232696533,3.5929999351501465,80.0670394897461,110.75223541259766
2026-02-15,68788.1875,61.119998931884766,201.31983947753906,462.6199951171875,51.90999984741211,407.7200012207031,601.1619873046875,20.600000381469727,4.056000232696533,3.5929999351501465,80.0670394897461,110.75223541259766
2026-02-16,68843.15625,61.119998931884766,201.31983947753906,462.6199951171875,51.90999984741211,407.7200012207031,601.1619873046875,20.600000381469727,4.056000232696533,3.5929999351501465,80.0670394897461,110.75223541259766
2026-02-17,67494.21875,60.869998931884766,201.8087921142578,448.20001220703125,51.31999969482422,407.510009765625,600.542724609375,20.290000915527344,4.052000045776367,3.5929999351501465,80.02742767333984,110.86141204833984
2026-02-18,66425.3203125,61.189998626708984,203.05612182617188,458.2799987792969,52.9900016784668,412.54998779296875,605.027099609375,19.6200008392334,4.078999996185303,3.6029999256134033,80.12646484375,110.75223541259766
2026-02-19,66957.5234375,61.040000915527344,202.59710693359375,459.55999755859375,53.91999816894531,410.20001220703125,602.7100219726562,20.229999542236328,4.074999809265137,3.5950000286102295,80.15617370605469,110.84156799316406
2026-02-20,68005.421875,62.34000015258789,203.95420837402344,468.6199951171875,54.36000061035156,415.0299987792969,608.0433349609375,19.09000015258789,4.085999965667725,3.5950000286102295,80.21558380126953,110.75223541259766
2026-02-21,68003.765625,62.34000015258789,203.95420837402344,468.6199951171875,54.36000061035156,415.0299987792969,608.0433349609375,19.09000015258789,4.085999965667725,3.5950000286102295,80.21558380126953,110.75223541259766
2026-02-22,67659.390625,62.34000015258789,203.95420837402344,468.6199951171875,54.36000061035156,415.0299987792969,608.0433349609375,19.09000015258789,4.085999965667725,3.5950000286102295,80.21558380126953,110.75223541259766
2026-02-23,64616.73828125,61.650001525878906,201.8287353515625,481.2799987792969,53.439998626708984,412.8800048828125,600.652587890625,21.010000228881836,4.0289998054504395,3.5880000591278076,80.08685302734375,110.871337890625
2026-02-24,64080.04296875,62.619998931884766,203.53509521484375,474.6099853515625,54.95000076293945,419.1600036621094,607.1044921875,19.549999237060547,4.0329999923706055,3.5880000591278076,80.02742767333984,110.84156799316406
2026-02-25,67960.125,63.310001373291016,205.01194763183594,473.4200134277344,55.189998626708984,426.1600036621094,615.9033813476562,17.93000030517578,4.047999858856201,3.5880000591278076,80.13636016845703,110.8117904663086
2026-02-26,67453.7734375,62.709999084472656,204.3633270263672,477.4800109863281,54.869998931884766,412.010009765625,608.4727783203125,18.6299991607666,4.017000198364258,3.5880000591278076,80.0670394897461,110.88126373291016
2026-02-27,65881.796875,62.58000183105469,204.42320251464844,483.75,54.34000015258789,406.3699951171875,606.5252075195312,19.860000610351562,3.9619998931884766,3.578000068664551,79.93830871582031,110.84156799316406
2026-02-28,66995.859375,62.58000183105469,204.42320251464844,483.75,54.34000015258789,406.3699951171875,606.5252075195312,19.860000610351562,3.9619998931884766,3.578000068664551,79.93830871582031,110.84156799316406
2026-03-01,65738.1015625,62.58000183105469,204.42320251464844,483.75,54.34000015258789,406.3699951171875,606.5252075195312,19.860000610351562,3.9619998931884766,3.578000068664551,79.93830871582031,110.84156799316406
2026-03-02,68775.8515625,61.5,204.03404235839844,490.0,56.45000076293945,406.3900146484375,607.32421875,21.440000534057617,4.047999858856201,3.5899999141693115,79.89252471923828,110.46610260009766
2026-03-03,68293.6484375,58.41999816894531,201.85867309570312,468.1400146484375,52.0,391.05999755859375,600.8224487304688,23.56999969482422,4.056000232696533,3.5950000286102295,79.7332992553711,110.41631317138672
2026-03-04,72710.578125,59.04999923706055,203.0062255859375,471.79998779296875,52.77000045776367,399.1000061035156,609.9808959960938,21.149999618530273,4.079999923706055,3.5950000286102295,80.01194763183594,110.51589965820312
2026-03-05,70841.125,57.630001068115234,201.24996948242188,466.1300048828125,50.060001373291016,395.3500061035156,608.1431274414062,23.75,4.145999908447266,3.5880000591278076,79.69348907470703,110.07769775390625
2026-03-06,68136.4921875,57.31999969482422,198.23641967773438,473.510009765625,48.779998779296875,380.55999755859375,598.9946899414062,29.489999771118164,4.132999897003174,3.569999933242798,79.30537414550781,109.70922088623047
2026-03-07,67272.59375,57.31999969482422,198.23641967773438,473.510009765625,48.779998779296875,380.55999755859375,598.9946899414062,29.489999771118164,4.132999897003174,3.569999933242798,79.30537414550781,109.70922088623047
2026-03-08,65969.78125,57.31999969482422,198.23641967773438,473.510009765625,48.779998779296875,380.55999755859375,598.9946899414062,29.489999771118164,4.132999897003174,3.569999933242798,79.30537414550781,109.70922088623047
2026-03-09,68402.3828125,58.45000076293945,200.2820587158203,472.5299987792969,51.06999969482422,394.3699951171875,606.99462890625,25.5,4.136000156402588,3.5929999351501465,79.78305053710938,110.36651611328125
2026-03-10,69926.921875,58.68000030517578,199.85296630859375,477.8599853515625,52.310001373291016,397.3299865722656,607.004638671875,24.93000030517578,4.136000156402588,3.5950000286102295,79.6536865234375,109.609619140625
2026-03-11,70204.8828125,58.83000183105469,199.09458923339844,476.239990234375,51.36000061035156,401.0299987792969,606.9247436523438,24.229999542236328,4.208000183105469,3.5999999046325684,79.47455596923828,108.71331024169922
2026-03-12,70493.4609375,56.95000076293945,195.80162048339844,466.8800048828125,50.77000045776367,388.1300048828125,596.5078735351562,27.290000915527344,4.2729997634887695,3.6050000190734863,78.96701049804688,108.12571716308594
2026-03-13,70968.265625,56.79999923706055,194.73390197753906,460.8399963378906,49.290000915527344,387.3299865722656,592.9722900390625,27.190000534057617,4.284999847412109,3.6029999256134033,78.81773376464844,107.72735595703125
2026-03-14,71214.625,56.79999923706055,194.73390197753906,460.8399963378906,49.290000915527344,387.3299865722656,592.9722900390625,27.190000534057617,4.284999847412109,3.6029999256134033,78.81773376464844,107.72735595703125
2026-03-15,72789.9140625,56.79999923706055,194.73390197753906,460.8399963378906,49.290000915527344,387.3299865722656,592.9722900390625,27.190000534057617,4.284999847412109,3.6029999256134033,78.81773376464844,107.72735595703125
2026-03-16,74861.0859375,58.380001068115234,196.55999755859375,460.42999267578125,49.95000076293945,393.9200134277344,599.6239013671875,23.510000228881836,4.21999979019165,3.6050000190734863,79.0665283203125,108.24523162841797
2026-03-17,73922.4765625,58.75,196.8800048828125,459.2699890136719,50.52000045776367,396.8800048828125,602.5502319335938,22.3700008392334,4.202000141143799,3.6050000190734863,79.42478942871094,108.85273742675781
2026-03-18,71245.578125,57.560001373291016,194.0800018310547,444.739990234375,49.06999969482422,393.6700134277344,594.15087890625,25.09000015258789,4.258999824523926,3.609999895095825,79.01677703857422,108.26514434814453
2026-03-19,69912.7890625,57.619998931884766,194.2100067138672,426.4100036621094,48.27000045776367,394.9200134277344,592.273193359375,24.059999465942383,4.281000137329102,3.611999988555908,79.27552032470703,108.7431869506836
2026-03-20,70522.5859375,55.63999938964844,191.88999938964844,413.3800048828125,46.439998626708984,384.739990234375,581.3269653320312,26.780000686645508,4.390999794006348,3.618000030517578,78.5390853881836,107.4086685180664
2026-03-21,68711.5234375,55.63999938964844,191.88999938964844,413.3800048828125,46.439998626708984,384.739990234375,581.3269653320312,26.780000686645508,4.390999794006348,3.618000030517578,78.5390853881836,107.4086685180664
2026-03-22,67845.2109375,55.63999938964844,191.88999938964844,413.3800048828125,46.439998626708984,384.739990234375,581.3269653320312,26.780000686645508,4.390999794006348,3.618000030517578,78.5390853881836,107.4086685180664
2026-03-23,70914.859375,57.310001373291016,193.9499969482422,404.0400085449219,48.150001525878906,391.3599853515625,588.0,26.149999618530273,4.334000110626221,3.611999988555908,79.05657958984375,108.11576080322266
2026-03-24,70517.859375,56.52000045776367,193.3000030517578,404.1300048828125,48.189998626708984,394.5899963378906,583.97998046875,26.950000762939453,4.392000198364258,3.619999885559082,78.78787994384766,107.89665985107422
2026-03-25,71309.8828125,57.41999816894531,194.1199951171875,416.2900085449219,48.95000076293945,399.0199890136719,587.8200073242188,25.329999923706055,4.328000068664551,3.619999885559082,79.03667449951172,108.28507232666016
2026-03-26,68791.625,55.470001220703125,190.14999389648438,400.6400146484375,46.70000076293945,380.8399963378906,573.7899780273438,27.440000534057617,4.415999889373779,3.619999885559082,78.5390853881836,107.43854522705078
2026-03-27,66338.375,55.20000076293945,187.3000030517578,414.70001220703125,46.630001068115234,374.25,562.5800170898438,31.049999237060547,4.440000057220459,3.6070001125335693,78.34005737304688,107.17961120605469
2026-03-28,66319.6953125,55.20000076293945,187.3000030517578,414.70001220703125,46.630001068115234,374.25,562.5800170898438,31.049999237060547,4.440000057220459,3.6070001125335693,78.34005737304688,107.17961120605469
2026-03-29,65954.921875,55.20000076293945,187.3000030517578,414.70001220703125,46.630001068115234,374.25,562.5800170898438,31.049999237060547,4.440000057220459,3.6070001125335693,78.34005737304688,107.17961120605469
2026-03-30,66691.4453125,54.75,186.49000549316406,414.5799865722656,45.290000915527344,362.5299987792969,558.280029296875,30.610000610351562,4.3420000076293945,3.5980000495910645,78.42961883544922,107.86678314208984
2026-03-31,68233.3125,56.790000915527344,191.80999755859375,430.2900085449219,48.43000030517578,383.3999938964844,577.1799926757812,25.25,4.310999870300293,3.5999999046325684,79.17599487304688,108.54399871826172
2026-04-01,68078.5546875,57.22999954223633,192.77000427246094,437.82000732421875,49.2599983215332,391.9700012207031,584.3099975585938,24.540000915527344,4.318999767303467,3.6050000190734863,79.37000274658203,108.66000366210938
2026-04-02,66888.5703125,56.59000015258789,193.16000366210938,429.4100036621094,48.900001525878906,392.32000732421875,584.97998046875,23.8700008392334,4.313000202178955,3.6070001125335693,79.55999755859375,109.12000274658203
2026-04-03,66931.1015625,56.59000015258789,193.16000366210938,429.4100036621094,48.900001525878906,392.32000732421875,584.97998046875,23.8700008392334,4.313000202178955,3.6070001125335693,79.55999755859375,109.12000274658203
2026-04-04,67290.515625,56.59000015258789,193.16000366210938,429.4100036621094,48.900001525878906,392.32000732421875,584.97998046875,23.8700008392334,4.313000202178955,3.6070001125335693,79.55999755859375,109.12000274658203
2026-04-05,68981.8984375,56.59000015258789,193.16000366210938,429.4100036621094,48.900001525878906,392.32000732421875,584.97998046875,23.8700008392334,4.313000202178955,3.6070001125335693,79.55999755859375,109.12000274658203
2026-04-06,68859.828125,57.11000061035156,194.02999877929688,427.6499938964844,48.61000061035156,395.9800109863281,588.5,24.170000076293945,4.335000038146973,3.622999906539917,79.69999694824219,108.94999694824219
2026-04-07,71940.703125,57.310001373291016,193.38999938964844,431.80999755859375,47.95000076293945,399.8999938964844,588.5900268554688,25.780000686645508,4.3429999351501465,3.615000009536743,79.72000122070312,109.06999969482422
2026-04-08,71123.359375,60.439998626708984,199.00999450683594,434.5299987792969,51.400001525878906,422.9200134277344,606.0900268554688,21.040000915527344,4.290999889373779,3.5999999046325684,80.19000244140625,109.48999786376953
2026-04-09,71123.359375,60.279998779296875,200.25,437.9100036621094,50.93000030517578,430.30999755859375,610.1900024414062,19.489999771118164,4.293000221252441,3.5880000591278076,80.27999877929688,109.48999786376953
